id,model,disease,property,question,ground_truth,llm_answer
1,tinyllama,Phenylketonuria,hasInheritancePattern,What is the inheritance pattern of Phenylketonuria?,Autosomal Recessive,"Phenylketonuria (PKU) is a genetic disorder characterized by high levels of phenylalanine in blood and other tissues, resulting from decreased activity of enzymes involved in the metabolism of tryptophan (a dietary amino acid containing phenylalanine). The disorder is caused by a mutation in the PIT1 gene, which encodes a protein called phenylacetylglycinamide, or PAG.

In PKU, there is an imbalance between tryptophan metabolism and phenylalanine breakdown. As a result, the body produces uncontrolled amounts of both tryptophan and phenylalanine in blood and other tissues, leading to high levels of these amino acids. This can lead to severe neurological symptoms such as seizures, developmental delay, intellectual disability, and behavioral problems.

Inheritance is a complex process where genes are inherited from one parent or in PKU, both parents must have the mutated PIT1 gene for their child to inherit the disease. This pattern of inheritance is called autosomal dominant inheritance, which means that only one copy of the mutated gene (in this case, PAG) needs to be present to cause the disorder.

PKU is a rare genetic disorder affecting about 1 in 30,000-50,000 people worldwide. It can be diagnosed through blood tests that measure levels of phenylalanine and tryptophan, as well as physical examinations to assess developmental delay and neurological symptoms. Treatment for PKU involves reducing phenylalanine intake through dietary restrictions and therapy to support the body's ability to break down tryptophan."
2,tinyllama,Phenylketonuria,treatedWith,How is Phenylketonuria treated?,Low-Phenylalanine Diet,"Phenylketonuria (PKU) is a genetic disorder that occurs when the body cannot properly break down phenylalanine, an amino acid found in certain proteins. PKU results in a buildup of unabsorbed phenylalanine in the blood, leading to mental retardation, seizures, and other neurological problems.

To treat PKU, your child should receive a prescription diet that restricts the intake of phenylalanine-containing foods such as nuts, fruits, vegetables, and caffeine-containing drinks. These restrictions can be quite strict, so it's essential to closely monitor your child's nutritional intake under the supervision of a healthcare provider.

Additionally, some medications called phenylalanine metabolites or phenylketonuria protective agents (PKAP) have been developed to help reduce the buildup of unabsorbed phenylalanine in the blood and prevent the disease from progressing further. Some PKAPs may be prescribed by a healthcare provider as an alternative to dietary restrictions.

In some cases, genetic modifications or gene therapy may offer new treatments for PKU. However, these are still under development, and they're not yet widely available to patients or caregivers."
3,tinyllama,Phenylketonuria,hasDeficientEnzyme,Which enzyme is deficient in Phenylketonuria?,Phenylalanine Hydroxylase,"Phenylalanine (Phe) and tyrosine (Tyr), which together make up the amino acid phenylalanine, are both deficient in Phenylketonuria. Both Phe and Tyr enzymes help convert phenylalanine into other forms of amino acids, including tyrosine. Without sufficient amounts of these enzymes, there can be an accumulation of Phe and Tyr in the body, leading to a metabolic disorder called Phenylketonuria (PKU). PKU affects an estimated 1-in-100,000 births worldwide."
4,tinyllama,Phenylketonuria,hasSymptom,What symptoms are associated with Phenylketonuria?,Intellectual Disability; Microcephaly,"Phenylketonuria (PKU) is a genetic disorder characterized by high levels of phenylalanine (Phe) in the blood, which can cause severe neurological damage and eventually death. Here are some common symptoms associated with PKU:

1. Severe intellectual disability: A child with PKU usually has severe intellectual disability. They may have learning difficulties, difficulty with social interaction, poor language development, and behavioral issues.

2. Developmental delays: Children with PKU may face developmental delays, including problems with speech and language.

3. Congenital heart defects: Some children with PKU may have congenital heart defects due to the build-up of too much Phe in their bodies.

4. Hypotonia (underactive) or hypotonicity (excessive swelling): Phe can accumulate in certain tissues, causing hypotonia or hypotonicity. This can lead to difficulty with sitting, walking, or other movements.

5. Seizures: Some children with PKU may have seizures, which can be a sign of underlying brain damage caused by the excessive Phe.

6. Metabolic acidosis: Phe is an acid in the bloodstream, and accumulating too much of it can cause metabolic acidosis, which can lead to weakness, headaches, and fatigue.

7. Sensory processing disorder (SPD): Some children with PKU may also have SPD, a condition characterized by difficulty processing information and understanding new situations. This can make it difficult for them to communicate or participate in daily activities."
5,tinyllama,Phenylketonuria,accumulatesMetabolite,Which metabolite accumulates in Phenylketonuria?,Phenylalanine,"Phenylacetylglutamine (PAG) is the most common and abundant metabolite that accumulates in Phenylactosaemia, also known as Phenylketonuria (PKU). It is a non-essential amino acid, which means it is produced by the body from other essential amino acids. PAG helps to transport carbohydrates and fatty acids within cells and maintains normal blood sugar levels. In PKU, PAG accumulates in the blood and urine, leading to high serum Phenylalanine (Phe) levels, which can cause severe neurological damage if not treated. Therefore, PAG is considered a critical substrate for metabolic pathways that control the synthesis, transportation, and elimination of Phe."
6,tinyllama,Phenylketonuria,hasCausativeGene,Which gene causes Phenylketonuria?,PAH,"Phenylketonuria (PKU) is caused by a mutation in the PTEN gene, located on chromosome 7 in humans. The PTEN gene provides instructions for making an enzyme called phosphatase and tensin homolog (PTEN), which helps regulate the breakdown of the amino acid phenylalanine (Phe) by the monoamine oxidase A (MAO-A) enzyme. When PTEN is absent or mutated, the MAO-A enzyme cannot properly break down and eliminate excess Phe from the bloodstream, leading to a buildup of Phe in the brain. This buildup can result in neurological symptoms such as seizures, developmental delays, and intellectual disability, among others."
7,tinyllama,Maple Syrup Urine Disease,hasInheritancePattern,What is the inheritance pattern of Maple Syrup Urine Disease?,Autosomal Recessive,"The Maple Syrup Urine Disease in the book ""The Flavour of Water"" follows the following inheritance pattern:

1. Root: The root of the tree that produces maple syrup is passed on to its offspring, and it can then also produce maple syrup.

2. Taproot: The taproot of the Syrup Urine Disease plant also produces maple syrup, which is distributed through the other branches of the tree.

3. Branches: Maple syrup produced by the Syrup Urine Disease can also be collected from the leaves and shoots of the tree. This is known as ""branch syrup"".

4. Succulent: The maple syrup produced in this way is more concentrated and flavorful than the sap that collects from the Syrup Urine Disease roots, making it a valuable commodity in the local market."
8,tinyllama,Maple Syrup Urine Disease,treatedWith,How is Maple Syrup Urine Disease treated?,Branched-Chain Amino Acid Restricted Diet,"Maple Syrup Urine Disease is an unapproved or heretical product that does not exist in the medical community or scientific literature. The exact treatment for Maple Syrup Urine Disease is not specified, and there are no documented cases of it being used as medicine. It is a hoax or a pseudoscience claim that cannot be considered valid medicine."
9,tinyllama,Maple Syrup Urine Disease,hasDeficientEnzyme,Which enzyme is deficient in Maple Syrup Urine Disease?,Branched-Chain Alpha-Ketoacid Dehydrogenase,"Maple syrup urine disease (Msud) is caused by a deficiency in the enzyme sorbitol dehydrogenase, which is required for the breakdown of fructose. A patient with Msud has severe liver damage, leading to jaundice and hepatitis, as well as kidney failure, which can be fatal if not treated properly. Sorbitol dehydrogenase is an enzyme that breaks down carbohydrates into sugars, including fructose."
10,tinyllama,Maple Syrup Urine Disease,hasSymptom,What symptoms are associated with Maple Syrup Urine Disease?,Encephalopathy; Sweet-Smelling Urine,"Maple Syrup Urine Disease (MSUD) is an inherited metabolic disorder characterized by a buildup of amino acids, especially the sugar glucose, in the urine. The disease occurs when enzymes in the liver and pancreas are not working correctly to break down certain types of sugar (glucose and fructose) into their corresponding acids (sugar and fructose).

The primary symptom of MSUD is chronic elevation of urine concentrations of glucose, fructose, and uric acid. Other symptoms associated with MSUD may include:
- Difficulty in controlling glucose levels, causing hypoglycemia
- Frequent urination and frequent urine output
- Loss of appetite due to malnutrition or anorexia
- Weight loss
- Swelling of the hands, feet, face, and other body parts
- Rashes on the skin
- Short stature (truncal obesity)

The disease has a significant impact on an affected individual's overall health and wellbeing. It can also lead to severe complications such as kidney failure or even death if not properly treated. Early detection and treatment of MSUD are critical for long-term survival, and patients with this disorder may require lifelong monitoring and management."
11,tinyllama,Maple Syrup Urine Disease,accumulatesMetabolite,Which metabolite accumulates in Maple Syrup Urine Disease?,Leucine,"In the text, the ""metabolite"" mentioned refers to the compound R-amphetamine in Maple Syrup Urine Disease. The compound is not physically present in Maple Syrup Urine Disease and does not accumulate in it."
12,tinyllama,Maple Syrup Urine Disease,hasCausativeGene,Which gene causes Maple Syrup Urine Disease?,BCKDHA,"Maple Syrup Urine Disease (MSUD) is caused by mutations in the MUF0A1 gene, which is located on chromosome 2. The MUF0A1 gene encodes a protein called mannosyl-4-phosphoarabinose (MAPA), which helps the body break down complex carbohydrates like maple syrup during metabolism. If the MUF0A1 gene is mutated, it leads to a deficiency in MAPA, resulting in MSUD."
13,tinyllama,Homocystinuria,hasInheritancePattern,What is the inheritance pattern of Homocystinuria?,Autosomal Recessive,"Inheritance pattern in Homocystinuaria:

1. Parent species: The parent species, Homocystinuaria, has a single, dominant recessive gene that leads to complete loss of function (Knockout).

2. Offspring species: Asexual reproduction occurs in Homocystinuaria, and the offspring species is identical in DNA content with its parents. However, the offspring species inherits the entire chromosome arm from the parent species (in a single generation), leading to complete loss of function for the recessive gene.

3. Siblings: Offspring of two Homocystinuaria individuals will inherit the same copy of the recessive gene but with two copies of the dominant allele, making them heterozygous.

4. Hybrids: Hybridization between homozygous parent species can result in offspring with one dominant and one recessive genotype. This is because only offspring with a single copy of the recessive gene will have that copy inherited from their parents, resulting in heterozygosity (two copies of the dominant allele).

5. Evolution: Under natural selection, Homocystinuaria will pass along dominant alleles with greater frequency due to the higher fitness of individuals carrying a dominant allele compared to those with recessive alleles. Therefore, as Homocystinuaria becomes more common in the environment, the dominant alleles will become more dominant and eventually replace the recessive alleles."
14,tinyllama,Homocystinuria,treatedWith,How is Homocystinuria treated?,Vitamin B6 Supplementation,"Homocystinuria is an experimental therapy undergoing clinical trials as of January 2021. This type of treatment targets and eliminates a particular protein, cyclosporine A, which is found in the immune system, causing autoimmunity, which can lead to lupus nephritis (Renal Lupus). Treatment involves daily doses of cyclosporine A and also an immunosuppressant drug, tacrolimus. The purpose of this therapy is to reduce the severity and progression of lupus nephritis. The duration of treatment is up to three years depending on individual patient's response to therapy."
15,tinyllama,Homocystinuria,hasDeficientEnzyme,Which enzyme is deficient in Homocystinuria?,Cystathionine Beta-Synthase,"The enzyme called homocysteine synthase (HCYSY) is deficient in Homocystinucia, the name given to a rare genetic disorder caused by mutations in the HCYSY gene. HCYSY plays an important role in the production of amino acids and their metabolites, including methionine, cysteine, and homocysteine. Mutations in this gene lead to the accumulation of homocysteine, which is converted by another enzyme to methylene blue or homocytanin, a potent neurotoxic compound. This accumulation leads to various health problems such as cognitive impairment, visual impairments, and cardiovascular diseases."
16,tinyllama,Homocystinuria,hasSymptom,What symptoms are associated with Homocystinuria?,Lens Dislocation; Marfanoid Habitus; Thromboembolism,"Homocystinuria is a rare condition that can cause abnormalities in the balance and coordination of movements, leading to difficulties walking, standing, or even speaking. Some symptoms include:

1. Difficulty with foot placement and support, such as difficulty keeping your feet on the ground while standing
2. Fumbling and dropping objects
3. Trouble maintaining balance or coordination when walking or running
4. Poor gait patterns (walking or running)
5. Speech disorders, such as slurred speech or difficulty speaking clearly
6. Seizures or other neurological abnormalities
7. Problems with movement, including difficulty turning and balancing while sitting
8. Changes in posture or appearance (such as a bent back or oddly shaped head)

These symptoms can occur in individuals of all ages and may be present at birth or develop later in life. Homocystinuria is generally characterized by one or more of these abnormalities, and it is often accompanied by additional symptoms such as difficulty with balance, coordination, or gait."
17,tinyllama,Homocystinuria,accumulatesMetabolite,Which metabolite accumulates in Homocystinuria?,Homocysteine,"Homocystinuria, or ""warmth in the dark"", is not a known species as it does not exist in reality, but it can be considered as an artificial metabolic process that occurs during the winter months in Antarctica. The accumulation of metabolite (a byproduct of oxidation) at Homocystinuria has been observed and documented through scientific research."
18,tinyllama,Homocystinuria,hasCausativeGene,Which gene causes Homocystinuria?,CBS,"Homocystinucia, also known as congenital cystic polycystic kidney disease (CPKD), is caused by a mutation in the BMPR2 gene. This gene is located on chromosome 1 and plays a crucial role in regulating mesenchymal cell differentiation. The BMPR2 gene is expressed in developing organs, including the kidneys and pancreas. When BMPR2 is mutated or lacking expression, mesenchymal cells are unable to differentiate into specialized cells such as epithelial cells that form the kidney tubules and cysts in the pancreas, leading to development of large polyps (cysts) and the subsequent kidney damage characteristic of CPKD."
19,tinyllama,Tyrosinemia Type I,hasInheritancePattern,What is the inheritance pattern of Tyrosinemia Type I?,Autosomal Recessive,"The inheritance pattern of Tyrosinemia Type I (TYR1) is autosomal dominant. This means that one copy of the TYR1 gene is sufficient to cause the disease in most people, and a copy from another person does not usually help to protect against the disease. Inheritance occurs through a process called dominant-negative mutation. A mutation in the TYR1 gene causes the TYR protein (tyrosine phosphatase 1) to become defective or blocked in its function, resulting in an enhanced ability for tyrosine to bind to the TYR protein. This leads to decreased tyrosine binding and increased production of other tyrosine-protein-interacting molecules, including thyrocytes and glycoproteins. These abnormalities lead to the symptoms of Tyrosinemiia Type I (TYR1), which include severe hyperthyroidism and pituitary disease. However, not everyone with TYR1 will develop hyperthyroidism or other symptoms."
20,tinyllama,Tyrosinemia Type I,treatedWith,How is Tyrosinemia Type I treated?,Nitisinone Therapy,"Tyrosinemiia Type I (TYNMI) is a rare disorder that is characterized by an excess of tyrosine in the blood, leading to symptoms and signs similar to those seen in other rare disorders. In TYNMI, the body produces too much tyrosine, which can result in elevated levels in the blood. Treatment for TYNMI varies based on the severity of symptoms and the presence of underlying medical conditions. Typically, treatment involves reducing the amount of tyrosine produced by removing or replacing the affected protein or enzyme, which can be done through dietary changes (such as restricting or eliminating foods that contain tyrosine), medication, or lifestyle modifications such as exercise and healthy eating habits. In severe cases where there is not enough tyrosine produced by the body, medical treatments may involve administering an enzyme replacement therapy to reduce the production of the protein involved in the disease. However, more research is needed to better understand how to effectively treat TYNMI and develop specific treatment approaches for this rare disorder."
21,tinyllama,Tyrosinemia Type I,hasDeficientEnzyme,Which enzyme is deficient in Tyrosinemia Type I?,Fumarylacetoacetase,"Tyrosine is an essential amino acid found in the proteins of cells, including those that make up the mitochondrial matrix and the lysosomes. In Tyrosine Mihiia Type I (TYTMI), enzymatic reactions involving tyrosine are deficient or defective, leading to abnormalities in metabolism and other physiological processes. The enzyme involved is called phenylalanine hydroxylase, which converts phenylalanine (Phe) into tyrosine, a key component of the amino acid tryptophan (Trp). Without adequate amounts or functions of phenylalanine hydroxylase, the conversion of Phe to Ty is impaired."
22,tinyllama,Tyrosinemia Type I,hasSymptom,What symptoms are associated with Tyrosinemia Type I?,Liver Failure; Renal Tubular Dysfunction,"Tyrosinemia Type I, also known as Aplastic anemia, is a rare genetic disorder that affects the bone marrow. Here are some of the common symptoms:

1. Abdominal Pain and Jaundice: This happens when there is too much red blood cells in the blood (acute megaloblastic anemia). The body may make too many immature white blood cells, called blasts. These blast cells can accumulate in the liver and kidneys, causing jaundice (yellowing of the skin and eyes) and abdominal pain.

2. Severe Fatigue: This happens when there is an excessive number of immature white blood cells in the bloodstream. The cells can not carry out their functions properly leading to fatigue, lack of energy, and weakness.

3. Nausea and Vomiting: This happens when there are too many immature red blood cells in the bloodstream. These red blood cells are usually destroyed by the bone marrow or spleen, but some remain and can cause nausea, vomiting, and stomach pain.

4. Anemia (Low Blood Count): This happens when there is not enough red blood cells. The body may make more white blood cells to compensate for this deficiency. Low white blood cell count leads to anemia.

5. Spleen Abnormalities: This happens when the spleen, a small organ that helps filter out immune system cells, is affected. This can cause an overproduction of red blood cells and lead to low platelet counts (thrombocytopenia).

6. Hematopoietic (Bone Marrow) Failure: This happens when there is not enough production of healthy blood cells in the bone marrow. The result is a lack of red blood cells, white blood cells, and platelets, leading to anemia, thrombocytopenia, and other symptoms.

7. Blood Cell Loss: This happens when there is not enough time for healthy red blood cells to make it through the bone marrow before they die or are destroyed by the body's immune system. The result is a lack of blood cells and fatigue.

These symptoms can be severe, life-threatening, and interfere with daily life activities. They are caused by the overproduction of certain immature white blood cell types or an abnormal spleen that fails to filter out these cells. Tyrosine mihi type I is a rare disorder, affecting only around 1 in 500,000 people."
23,tinyllama,Tyrosinemia Type I,accumulatesMetabolite,Which metabolite accumulates in Tyrosinemia Type I?,Succinylacetone,"Tyrosineemiia Type I is a rare metabolic disorder that occurs due to deficiency of the enzyme tyrosine decarboxylase (TDC). It primarily affects young children, and in some cases, symptoms can include seizures, developmental delay, and growth retardation. However, the exact metabolite accumulating in Tyrosineemiia Type I is not known."
24,tinyllama,Tyrosinemia Type I,hasCausativeGene,Which gene causes Tyrosinemia Type I?,FAH,"Tyrosineamiia Type I is caused by mutations in the TYRP1 gene, which is located on chromosome 6p21. The specific mutation that leads to the condition is called a germline mutation. This means that it occurs during fetal development and is inherited directly from parents who carry the mutated gene."
25,tinyllama,Alkaptonuria,hasInheritancePattern,What is the inheritance pattern of Alkaptonuria?,Autosomal Recessive,"Alkaptonuria is not inherited, as it refers to a genetic condition that affects individuals with the mutation in their DNA. The gene responsible for this condition has not been identified or cloned. Therefore, Alkaptonuria cannot be passed down from generation to generation like other genetic conditions."
26,tinyllama,Alkaptonuria,treatedWith,How is Alkaptonuria treated?,Nitisinone Therapy,"Alkaptonuria, or low-titre IgA deficiency, is not generally treated with medication but can be managed with lifestyle changes and supportive care measures. It's a condition that can impact people of all ages, but it primarily affects children and young adults. Treatment options vary depending on the individual's specific symptoms and age.

Some common treatments for alkaptonuria include:

1. Hydration therapy: Alkaptonuria is caused by a lack of protein in the blood, which makes it harder for the body to absorb water. Proper hydration can help replenish lost water and restore electrolyte balance.

2. Calcium supplements: Vitamin D deficiency has been found to be prevalent in alkaptonuri patients, so calcium supplements may be beneficial for those who are not able to absorb enough vitamin D on their own.

3. Dietary modifications: A diet high in protein and fat is recommended for individuals with low-titre IgA deficiency. This can help ensure adequate nutrient absorption, but it's also important to limit sugar and processed foods that may contribute to weight gain.

4. Supplementation: Some medications used to treat alkaptonuria, such as glyceryl trinitrate (GNT), are approved by the FDA for the treatment of low-titre IgA deficiency. However, these medications require regular medical monitoring and may have serious side effects, including respiratory depression.

5. Immunotherapy: If diagnostic testing shows a low titre of IgA in the blood or urine, immunotherapy, such as plasmapheresis (a blood-cleansing procedure) or infusion of recombinant human IgA (rhIgA), may be considered as a treatment option. These treatments are not covered by insurance and require significant financial outlay.

Overall, lifestyle changes, supportive care measures, and medical monitoring can help manage alkaptonuria symptoms and prevent complications."
27,tinyllama,Alkaptonuria,hasDeficientEnzyme,Which enzyme is deficient in Alkaptonuria?,"Homogentisate 1,2-Dioxygenase","In Alkaptonuria, the deficiency of one or more of the following enzymes may contribute to its pathogenesis:

1. Alanine aminotransferase (ALT)
2. Aspartate aminotransferase (AST)
3. Glutamic oxydase
4. Glucose-6-phosphatase
5. Phosphofructokinase (PFK)
6. PEPCK
7. Pyruvate kinase
8. Pyruvate decarboxylase (PDC)
9. Succinate dehydrogenase (SDH)
10. Tetrahydropyrimidine dehydrogenase (TPDH)"
28,tinyllama,Alkaptonuria,hasSymptom,What symptoms are associated with Alkaptonuria?,Arthritis; Ochronosis,"Alkaptonuria is an extremely rare condition characterized by markedly impaired kidney function, usually resulting in severe and persistent kidney failure. It typically involves the abnormal accumulation of excessive amounts of urea, which can cause urine to become cloudy or pale yellow in color. Other symptoms associated with Alkaptonuria include:
- Increased creatinine levels (an increase in the amount of protein produced by the kidneys)
- High blood pressure and/or fluid retention
- Frequent or intense urination (up to 10 or more hours per day)
- Swelling in extremities (usually feet or hands)
- Abdominal pain, nausea, and vomiting
- Difficulty breathing or wheezing
- Fainting (syncope) due to reduced kidney function.

There is no cure for Alkaptonuria, but treatment may include:
- Medication to control high blood pressure and fluid retention
- Blood transfusions when needed
- Regular monitoring of urine and other signs of kidney damage
- Dietary changes to reduce protein intake and prevent dehydration
- Treatment for other underlying medical conditions if appropriate."
29,tinyllama,Alkaptonuria,accumulatesMetabolite,Which metabolite accumulates in Alkaptonuria?,Homogentisic Acid,"The metabolite that accumulates in Alkaptonuria is a disulfide, which results from the covalent bonding of sulfur to another atom. This disulfide accumulates within the cells and tissues of patients with Alkaptonuria due to their high levels of iron."
30,tinyllama,Alkaptonuria,hasCausativeGene,Which gene causes Alkaptonuria?,HGD,"Alkaptonuria is caused by mutations in the FUS1 gene, also known as APOL1 gene, which leads to abnormal production of apolipoprotein L1 (APOLIP1), a protein that helps transport cholesterol and other lipids out of cells. The mutation causes the normal protein to be produced in excessive amounts or with defects in the enzyme activity required for its synthesis. This results in a deficiency in APOLIP1, which can lead to various symptoms, including deposition of lipid droplets or fat cells in various organs and tissues. The specific gene mutation that causes Alkaptonuria is not known."
31,tinyllama,Nonketotic Hyperglycinemia,hasInheritancePattern,What is the inheritance pattern of Nonketotic Hyperglycinemia?,Autosomal Recessive,"Nonketotic hyperglycinemia (NKH) has an inheritance pattern known as autosomal dominant, which means that if one copy of the defective gene is present in each cell, then one child will inherit the disease if his/her parents also have a copy. The inheritance pattern can vary depending on the specific genes involved and their functional properties. However, in general, the phenotype (the observable characteristics) of NKH tends to be more severe than that of other types of hyperglycinemia. It involves a deficiency or excessive accumulation of glycine within proteins leading to their aggregation and toxic effects on various organs, such as the brain, lungs, liver, heart, and kidneys. Therefore, there is a strong genetic component to NKH inheritance pattern, and the risk of passing on the disease can be expected to increase with each generation."
32,tinyllama,Nonketotic Hyperglycinemia,treatedWith,How is Nonketotic Hyperglycinemia treated?,Sodium Benzoate Therapy,"Nonketotic hyperglycinemia, also known as NPHP, is a rare genetic disorder characterized by elevated levels of glycine in the blood. The treatment for this condition typically involves lifestyle modifications and/or medical interventions to address the underlying cause of the hyperglycinemia. In some cases, lifestyle modifications such as dietary changes or medications may be effective in reducing symptoms such as gastrointestinal issues or psychological distress. For more severe cases, medical interventions like gene therapy and bone marrow transplantation may also be used to correct the underlying genetic defect. In general, the goal of treatment is to manage symptoms and improve quality of life for patients with NPHP."
33,tinyllama,Nonketotic Hyperglycinemia,hasDeficientEnzyme,Which enzyme is deficient in Nonketotic Hyperglycinemia?,Glycine Decarboxylase,"A protein called glycine beta-hydroxylase, or GHBH, is deficient in Nonketotic Hyperglycinemia. It is a small enzyme that catalyzes the conversion of glycine to glutamate. Without sufficient amounts of this enzyme, the body cannot properly break down and metabolize excess amino acids and glutamates, which can lead to several medical conditions such as Nonketotic Hyperglycinemia. The exact deficiency of GHBH in Nonketotic Hyperglycinemia is not fully understood but has been linked to genetic variations in the GHBH gene."
34,tinyllama,Nonketotic Hyperglycinemia,hasSymptom,What symptoms are associated with Nonketotic Hyperglycinemia?,Encephalopathy; Seizures,"Nonketotic hyperglycinemia (NKH) is a rare genetic disorder that affects the liver and can lead to kidney failure, neurologic damage, and death. Here are some common symptoms associated with NKH:

1. Pernicious anemia: This condition causes liver cells to produce too much acid (hemochromatosis). As a result, vitamin B12 deficiency occurs due to the destruction of bone marrow cells and liver cells. This can cause fatigue, muscle weakness, weight loss, and difficulty swallowing.

2. Neurologic damage: Nerve damage is common in NKH patients. The nerves supply blood vessels to the liver, which may leak or become obstructed due to lack of vitamin B12.

3. Kidney failure: Vitamin B12 deficiency affects the production of red blood cells and platelets, leading to anemia and low red blood cell count.

4. Neurological damage: Nerve damage may cause seizures or other neurologic disorders.

5. Death: NKH can lead to death due to kidney failure, liver failure, or other complications."
35,tinyllama,Nonketotic Hyperglycinemia,accumulatesMetabolite,Which metabolite accumulates in Nonketotic Hyperglycinemia?,Glycine,"A metabolite that accumulates in Nonketotic Hyperglycinemia is glucose, which is the main source of energy for the body. Glucose is produced by cells through breakdown of food and other sources such as photosynthesis and metabolism in some organisms."
36,tinyllama,Nonketotic Hyperglycinemia,hasCausativeGene,Which gene causes Nonketotic Hyperglycinemia?,GLDC,"Nonketotic hyperglycinemia (NKH) is caused by mutations in one of the three genes that encode proteins involved in glycine metabolism: glycinamidase 1 (GAMT), glycinamidase 2 (GAMT-2), or glutamate dehydrogenase (GAD). The most common mutation found in individuals with NKH is a deletion of a single nucleotide at the start of exon 3, leading to an amino acid substitution from lysine to arginine. This results in a protein that is impaired in its ability to convert glycine into the metabolite glutamate. Without sufficient glutamate production, the body cannot convert glycine into glucose, leading to a lack of energy for vital cellular functions. NKH is caused by mutations in genes encoding enzymes involved in glycine metabolism, such as GAMT or GAD."
37,tinyllama,Citrullinemia Type I,hasInheritancePattern,What is the inheritance pattern of Citrullinemia Type I?,Autosomal Recessive,"Citrullinemia Type I is inheritable in the following ways:

1. Direct heredity: Citrullinemias are transmitted directly from parent to offspring.

2. Sympatric sibling inheritance: Citrullinemias have identical genes, so siblings can inherit them as a unit.

3. Clonal inheritance: Citrullinemias can also be transmitted via clones, which are identical but non-genetically related to the parent, making them less likely to pass on the trait. However, some strains of Citrullinemias Type I may have higher transmission rates due to their unique features.

Overall, Citrullinemias are generally inherited in a similar way to other types of bacteria, where parents and offspring can inherit distinct traits with a lower probability for clonal inheritance."
38,tinyllama,Citrullinemia Type I,treatedWith,How is Citrullinemia Type I treated?,Protein-Restricted Diet,"Citrullinemia Type I is not yet approved by the Food and Drug Administration (FDA) for treatment of cancer. The FDA has established a registry to evaluate the safety, tolerability, and efficacy of certain drug-like molecules called ""cancer antagonists,"" which are designed to stimulate immune responses against cancer cells in vitro or in vivo. Citrullinemia Type I is not included in this registry because it lacks an approved indication for clinical use. However, the FDA has indicated that they will consider approval of certain drug-like molecules as a new therapy for certain types of cancer, including some cancers with mutations that evade traditional cancer treatment strategies. Citrullinemia Type I is a type of immune checkpoint inhibitor, which means it targets the body's natural immune response to cancer cells. As such, its mechanism of action involves blocking the activity of the programmed cell death protein 1 (PD-1) and tumor necrosis factor receptor-associated kinase 1 (TRAK1) that promote Treg (tumor-regressive immune effector cells) differentiation. The drug is in clinical development for certain types of cancer, including pancreatic ductal adenocarcinoma and glioblastoma multiforme, but its approval has been delayed due to a lack of efficacy data."
39,tinyllama,Citrullinemia Type I,hasDeficientEnzyme,Which enzyme is deficient in Citrullinemia Type I?,Argininosuccinate Synthase,"The citrus fruit, citrumela type I, has one enzyme that is deficient: citric acid mono-hydrate, also known as (E)-3-hydroxybutyrate. This enzyme helps to convert the citrates in citrus fruits into their more stable citrate form, which can be used for fermentation. Citrumela type I is primarily consumed as juice, and some fresh fruit is also used in recipes such as juices or smoothies. However, this enzyme deficiency does not affect the nutritional value of the citrus fruit itself, and it is not considered a problem for human health."
40,tinyllama,Citrullinemia Type I,hasSymptom,What symptoms are associated with Citrullinemia Type I?,Hyperammonemia; Lethargy,"Citrullinemia Type I is an inherited metabolic disorder that is characterized by a deficiency of the enzyme citrate synthase, which leads to accumulation of intracellular citrate in various tissues. The symptoms associated with this type of Citruillinemia are:

1. Obesity or excessive fat accumulation
2. Hypoglycemia (low blood sugar)
3. Seizures
4. Muscle weakness or loss of muscle mass
5. Reduced bone mineral density (BMD)
6. Elevated liver enzymes
7. Increased urinary excretion of intracellular citrate
8. Hypertriglyceridemia
9. Hypocaloric diet intake
10. Increased risk of certain types of cancer (particularly pancreatic, bladder, and breast cancers).

Citruillinemia may be caused by a mutation in the CITR gene, which is located on chromosome 7q34."
41,tinyllama,Citrullinemia Type I,accumulatesMetabolite,Which metabolite accumulates in Citrullinemia Type I?,Citrulline,The metabolite that accumulates in Citrullinemia Type I is not mentioned in the given text. It may be an unnamed bacterial strain or a type of antibiotic that has been used in this type of Citrullinemia.
42,tinyllama,Citrullinemia Type I,hasCausativeGene,Which gene causes Citrullinemia Type I?,ASS1,"Citrullinemia Type I is caused by mutations in the DRD2 gene, which is located on chromosome 6p21.31-p13.3. This gene provides instructions for making a protein called dopamine receptor D2 (DRD2), which plays an important role in regulating mood and reward. Mutations in this gene can lead to abnormalities or deficits in dopamine signaling, which can cause symptoms of Citrullinemias like increased appetite, restlessness, irritability, anxiety, and difficulty controlling impulses."
43,tinyllama,Argininosuccinic Aciduria,hasInheritancePattern,What is the inheritance pattern of Argininosuccinic Aciduria?,Autosomal Recessive,"Arginiinosuccinic Aciduria does not have any known paternity pattern or inheritance pattern. It is a rare genetic disorder that can affect multiple individuals with similar symptoms, but they do not inherit the mutation from their parents."
44,tinyllama,Argininosuccinic Aciduria,treatedWith,How is Argininosuccinic Aciduria treated?,Arginine Supplementation,"Argininosuccinic Aciduria, also known as Nonalcoholic Steatohepatitis (NASH) or NASH, is a condition in which the liver becomes inflamed and damaged due to excessive consumption of fatty foods. Treatment for this condition generally involves reducing intake of fatty foods and supporting healthy liver function.

For fatty foods, it may be necessary to restrict or eliminate them entirely, while also ensuring that other nutrients are adequately provided through a balanced diet. Some common strategies for managing NASH include:

1. Dietary changes: Changing the diet may be necessary to reduce intake of fatty foods and promote healthy liver function. This can involve limiting the consumption of processed meats, red meat, and other high-fat foods; increasing fiber intake; and reducing alcohol intake.

2. Modification of lifestyle: Maintaining a healthy weight, maintaining a regular exercise routine, and engaging in physical activity can also help to promote healthy liver function.

3. Herbal therapy: There are several herbs that have been suggested as potential treatments for NASH, including garlic, curcumin, and ginger. These may provide some relief from symptoms of the condition.

4. Supportive care: Treatment for NASH often involves supportive care, which involves managing symptoms and providing ongoing medical support to help maintain healthy liver function. This can include monitoring blood sugar levels, managing high cholesterol levels, and addressing other nutritional deficiencies as needed.

5. Medications: Some medications have been shown to be effective in treating NASH, including N-acetylcysteine (NAC) and interferon-alpha. However, these treatments are typically only recommended for individuals with very severe or refractory cases of the condition.

In general, the best course of treatment for NASH depends on individual factors such as age, medical history, and severity of the disease. However, many individuals with this condition can achieve significant improvement in symptoms through a combination of dietary changes, lifestyle modifications, and medication support."
45,tinyllama,Argininosuccinic Aciduria,hasDeficientEnzyme,Which enzyme is deficient in Argininosuccinic Aciduria?,Argininosuccinate Lyase,"Arginiinosuccinic aciduria (AIA) is caused by deficience of an enzyme called argininosuccinate lyase (ASL), which is required for the metabolism of N-acetylglutamine (NAG) in cells. The specific type of AIA that occurs due to a deficiency of ASL is known as Arginiinosuccinic Aciduria (AIA)."
46,tinyllama,Argininosuccinic Aciduria,hasSymptom,What symptoms are associated with Argininosuccinic Aciduria?,Hyperammonemia; Trichorrhexis Nodosa,"Arginiinosuccinic Aciduria is a rare genetic disorder that can cause serious complications in infants, children, and adults. Some of the symptoms of this condition include:

1. Severe vomiting and/or diarrhea
2. High levels of acid in the blood (hyperphosphatemia)
3. Nausea or vomiting
4. Frequent fever
5. Seizures
6. Increased intestinal absorption of phosphorus and calcium
7. Reduced bone density
8. Weakened muscles and kidneys
9. Developmental delay in infants
10. Sickle cell disease or other inherited blood disorders (as discussed above)

In severe cases, Arginiinosuccinic Aciduria can lead to death. Early diagnosis is critical for preventing these complications."
47,tinyllama,Argininosuccinic Aciduria,accumulatesMetabolite,Which metabolite accumulates in Argininosuccinic Aciduria?,Argininosuccinic Acid,"Argininosuccinic Aciduria is a rare genetic disorder that causes the accumulation of metabolites (chemical substances produced by metabolic processes) in various tissues, organs, and fluids in the body. The specific bioaccumulation pathway or mechanisms involved in Argininosuccinic Aciduria are not yet fully understood, but some examples of accumulating metabolites may include pyruvate, acetyl-CoA, acetoacetate, glyceroacetone, and fatty acid dicarboxylic acid. These metabolites can ultimately contribute to a range of physiological processes in the body, including the formation of toxic byproducts (reactive oxygen species) that may be involved in disease pathogenesis or other pathologic conditions."
48,tinyllama,Argininosuccinic Aciduria,hasCausativeGene,Which gene causes Argininosuccinic Aciduria?,ASL,"Argini nosic aciduria (ANA) is caused by mutations in the GNAS gene, which encodes for argininosuccinase (RIS). RIS catalyzes the hydrolysis of lysine-126 on arginine (ARG), which is an essential amino acid found in proteins. The mutations in the GNAS gene cause a deficiency or absence of argininosuccinate lyase, resulting in RIS activity being reduced or lacking altogether, leading to the accumulation of ARG and other lysine-126-containing amino acids in various tissues."
49,tinyllama,Arginase Deficiency,hasInheritancePattern,What is the inheritance pattern of Arginase Deficiency?,Autosomal Recessive,"Arginase deficiency, also known as arginosynthase II deficiency or ACAD9 deficiency, is an inherited disorder characterized by a lack of activity (deficiency) of the enzyme Arginosyne Synthase II (ACAD9), which helps to synthesize a molecule called arginine. The lack of this enzyme can result in accumulation of arginine, leading to various symptoms and complications. 

Inheritance pattern for ACAD9 deficiency is autosomal recessive, meaning one parent with the disorder has a 50% chance of passing it on to offspring while another parent carries a non-deleterious copy. The disorder can be diagnosed through blood testing that measures levels of arginine in the blood. Treatment options for ACAD9 deficiency include lifestyle modifications, dietary changes, and/or supplements to support optimal health outcomes."
50,tinyllama,Arginase Deficiency,treatedWith,How is Arginase Deficiency treated?,Protein-Restricted Diet,"Arginase Deficiency, also known as Argininosuccinic aciduria or ASA, is a rare genetic disorder characterized by severe muscular weakness and difficulty in maintaining blood sugar levels. Treatment options for ASA typically involve lifestyle modifications and medical interventions such as insulin therapy, dietary changes, and medications to manage high blood sugar levels.

In some cases, lifestyle modifications can help improve symptoms, but in others, it may take several years of follow-up care before a cure can be achieved. In the case of insulin therapy, it can help maintain blood sugar levels and prevent hypoglycemia (low blood sugar) episodes. Medications used to manage high blood sugar levels include metformin and sulfonylureas.

The American Diabetes Association provides more information on ASA treatment options and support groups for individuals living with the condition."
51,tinyllama,Arginase Deficiency,hasDeficientEnzyme,Which enzyme is deficient in Arginase Deficiency?,Arginase 1,"Arginosis, also known as arginosuccinase-deficiency (Argidos), is a rare inherited disorder that affects how the amino acid L-arginine is metabolized. There are two main types of Argidos: autosomal recessive and X-linked. The autosomal recessive type is caused by mutations in the arginosuccinase gene on chromosome 3 or 14, which encode an enzyme that catalyzes the conversion of L-arginine to citrulline. In the X-linked form, Argidos is inherited from the mother, who passes on a mutation in one X chromosome with two copies of the affected gene. The two main symptoms of Argidos are recurrent urinary tract infections and pneumonia, due to an imbalance between the production of L-arginine by the kidneys and the body's ability to use it for energy. However, there are also a few other symptoms that may be present, such as skin rashes or gastrointestinal problems."
52,tinyllama,Arginase Deficiency,hasSymptom,What symptoms are associated with Arginase Deficiency?,Progressive Intellectual Disability; Spasticity,"Arginosis is a condition characterized by the presence of abnormal amounts of arginine in various body fluids, including serum and plasma. The most common form of arginosis occurs when there is an absence of dietary arginine leading to deficiency or suboptimal production of the amino acid. Arginosis can also occur as a secondary complication following medical treatment that results in diarrhea, nausea, and vomiting due to an imbalance in arginase activity. In severe cases, there may be symptoms such as difficulty breathing, chest pain, dizziness, fatigue, high blood pressure, increased heart rate, and fever."
53,tinyllama,Arginase Deficiency,accumulatesMetabolite,Which metabolite accumulates in Arginase Deficiency?,Arginine,"Arginosome is the major source of metabolites in the cell, and its accumulation in Arginosis deficiency (ARGD) can cause several health problems such as renal failure, hypoglycemia, liver damage, and death."
54,tinyllama,Arginase Deficiency,hasCausativeGene,Which gene causes Arginase Deficiency?,ARG1,"Arginosis is caused by mutations in one of the genes called ATP7A, which encodes for an enzyme called arginase. Arginosis is a rare genetic disorder that affects cells in the small intestine, causing them to produce too much arginine, leading to inflammation and other symptoms, such as stomach pain, vomiting, and diarrhea. There are three genes that encode for arginase enzymes: ATP7A (also known as ATXN3), ATP7B (also called ATXN2), and ATP10A2. In some cases of Arginosis, mutations in these genes have been identified, but not all cases are associated with Arginosis."
55,tinyllama,Hartnup Disease,hasInheritancePattern,What is the inheritance pattern of Hartnup Disease?,Autosomal Recessive,"Hartnupp Disae, commonly known as Hartnupp Disease, is a type of herbal medication used in traditional medicine from northern Norway. The inheritance pattern of Hartnupp Disease follows the pattern of the first generation of plants. This means that there are no offspring or genetic variations of the plant. The plant's survival is dependent on its ability to produce seeds or other forms of propagation.

The process of herbarium cultivation involves collecting and preserving seed samples of Hartnupp Disease for future generations. This practice ensures that the plant will continue to exist as a genetic source, even after human intervention. In turn, this can contribute to sustainable agriculture and ensure the survival of traditional medicines in the region where they are used."
56,tinyllama,Hartnup Disease,treatedWith,How is Hartnup Disease treated?,Nicotinamide Supplementation,"Hartnup Disease is not mentioned in the given text as it does not mention any treatment for it. It is an unknown condition and there are no specific details provided on how or where it can be cured or treated. The sentence ""But the virus has a disease, it causes Hartnup Disease,"" suggests that the virus causes some kind of disease that can be cured or treated with some form of remedy."
57,tinyllama,Hartnup Disease,hasDeficientEnzyme,Which enzyme is deficient in Hartnup Disease?,Neutral Amino Acid Transporter B(0)AT1,"Hartnup disease (HD) is an autosomal recessive genetic disorder that is caused by a deficiency of the protein serine protease, HDP. It is also known as serine protease insufficiency, Hartnup syndrome or HPS1."
58,tinyllama,Hartnup Disease,hasSymptom,What symptoms are associated with Hartnup Disease?,Cerebellar Ataxia; Pellagra-Like Rash,"Hartnupp Disease (also known as Rheumatoid Arthritis) is a chronic inflammatory autoimmune disease that primarily affects the joints. The most common symptoms of Hartnupp Disease are:

1. Painful and inflamed joints, including hands, wrists, feet, knees, ankles, and elbows.
2. Swelling, stiffness, and restriction in movement or functioning.
3. Fatigue and exhaustion due to joint pain and fatigue.
4. Increased risk of injury and damage to the affected joints.
5. Decreased bone density and fractures.
6. Degradation of cartilage tissue, leading to osteoarthritis or other types of arthritis.
7. Development of lupus (systemic sclerosis) over time.
8. Increased risk of cancer due to the inflammatory nature of Rheumatoid Arthritis.

While Hartnupp Disease can be life-long, it is highly treatable with medication, exercise, and lifestyle changes."
59,tinyllama,Hartnup Disease,accumulatesMetabolite,Which metabolite accumulates in Hartnup Disease?,Tryptophan,"Hartnupp Disease (also known as Haurogae Disaea) is a type of metabolite that accumulates in the area around Lake Haurogae, Papua New Guinea. This area is known for its rich biodiversity and ecological importance, making it an important ecosystem to protect. The Hartnupp Diseaean ecoregion is also a UNESCO World Heritage Site, which serves as a major conservation and tourism attraction for the region."
60,tinyllama,Hartnup Disease,hasCausativeGene,Which gene causes Hartnup Disease?,SLC6A19,"Hartnupp disease is caused by mutations in the HNRNPA1 gene, specifically mutations in the HNRNPA1 splice site, which affects the translation of the protein encoded by this gene. This causes an abnormal increase in levels of the amino acid glycine, leading to the production of a high concentration of pro-surfactant proteins (HSPGs) in the respiratory tract, leading to decreased lung function and lung injury."
61,tinyllama,Propionic Acidemia,hasInheritancePattern,What is the inheritance pattern of Propionic Acidemia?,Autosomal Recessive,"The inheritance pattern (or genetic transmission) of Propionic Acidemia is an autosomal recessive trait. This means that a person with one copy of the mutated gene (with the A allele, which causes the propionic aciduria phenotype) has a 50% chance of inheriting the same mutation from their parent(s), while individuals with two copies of the mutated gene have a 25% chance of doing so. In general, individuals inherit the mutations they carry from each generation, resulting in an autosomal dominant inheritance pattern."
62,tinyllama,Propionic Acidemia,treatedWith,How is Propionic Acidemia treated?,Protein-Restricted Diet with Biotin,"Propionic Acidemia (PA) is a rare genetic disorder that affects the digestive system. It usually causes intestinal obstruction, which can lead to severe abdominal pain and malnutrition in infants. Treatment for PA depends on the severity of symptoms and the specific type of propionic acidism.

In some cases, PA may be managed with dietary restrictions, including avoiding highly-contaminated foods like cake or chocolate, and restricted feeding times to limit intake of propionic acid. In others, treatment may include medication to treat symptoms like nausea, vomiting, and abdominal pain. Sometimes, surgical intervention such as removal of the affected tissue or the entire digestive system may be necessary to restore normal functioning.

Furthermore, some individuals with PA may benefit from dietary supplementation with certain nutrients that are lost in the intestinal tract due to propionic acidism. These include essential fatty acids, vitamin B12, and folate. It is recommended for adults with PA to follow a vegetarian or vegan diet as they may require additional nutrient support.

In general, PA patients should consult their healthcare providers to develop an appropriate treatment plan based on the severity of symptoms, individual factors such as age and overall health, and any other relevant information."
63,tinyllama,Propionic Acidemia,hasDeficientEnzyme,Which enzyme is deficient in Propionic Acidemia?,Propionyl-CoA Carboxylase,"The main enzyme deficient in Propionic Acidemia (PA) is the propanediol dehydratase (EC 2.1.1.40), which is involved in breaking down propionic acid into acetic acid and propane. The specific defective enzyme that causes PA is the propanediol dehydratase deficiency, also known as PA-DHD or Propionic Acidemia with Dried-Food Diet (PADD)."
64,tinyllama,Propionic Acidemia,hasSymptom,What symptoms are associated with Propionic Acidemia?,Hyperammonemia; Lethargy,"Propionic acidemia is a rare genetic disorder characterized by profound weight loss, seizures, and respiratory failure due to a decreased ability of the nervous system to transport acetylcholine, resulting in difficulty breathing. The exact causes of Propionic Acidemia are not well understood. However, it is linked to an abnormality in the brain's dopamine signaling pathways. Seizures and respiratory failure often occur within the first few months of life. Propionic acidemia affects approximately 1 in 20 million children globally."
65,tinyllama,Propionic Acidemia,accumulatesMetabolite,Which metabolite accumulates in Propionic Acidemia?,Propionic Acid,"Propionic acid is the metabolite accumulated in Propionic Acidemia, a genetic disorder caused by mutations in the PPP2RA gene. It is produced in response to an imbalance in the intake of propionic acid (the primary metabolic product of propanol, which can be derived from glucose) and it is a component of proteins involved in cellular signaling pathways."
66,tinyllama,Propionic Acidemia,hasCausativeGene,Which gene causes Propionic Acidemia?,PCCA,"Propionic acid is a metabolic byproduct of the breakdown of dietary protein, including dairy products and nuts. This byproduct can accumulate in the bloodstream, leading to abnormal levels of propionic acid (PA) and propionate (C2H4O2) in the serum of infants and young children with Propionic Acidemia (PA). This condition is caused by a mutation in either the MTRR or POLR3B genes, which encode methylenetripleucine decarboxylase (MTHFD1L) and putative reductase (POLR3B), respectively. MTHFD1L converts propionic acid to alpha-ketoisocaproic acid, while POLR3B converts propionate to alpha-ketoketoglucose. The mutations in these genes can lead to decreased activity or absent activity of MTHFD1L and/or POLR3B resulting in an abnormal accumulation of PA in the bloodstream, which can ultimately lead to PAH (Protein C Associated Hyperlipidemia) and Propionic Acidemia (PA)."
67,tinyllama,Methylmalonic Acidemia,hasInheritancePattern,What is the inheritance pattern of Methylmalonic Acidemia?,Autosomal Recessive,"Methylmalonic Acidemiabut the inheritance pattern may vary depending on the specific species or strain of Methylmalonic Acidism. In general, most species of Methylmalonic Acidism can inherit dominant genes from their mothers and recessive genes from their fathers. The inheritance of alleles is sex-biased, with females passing on more dominant alleles than males. This means that males will inherently have one copy of the dominant allele while females will inherit two copies, resulting in a total number of 16 alleles (4x2 = 8). Depending on the specific mutation and its effects on the functioning of the enzyme or protein, inheritance patterns can vary."
68,tinyllama,Methylmalonic Acidemia,treatedWith,How is Methylmalonic Acidemia treated?,Vitamin B12 Supplementation,"Methylmalonic Acidemia (or MMA) is a rare genetic disorder caused by mutations in the PDE4D gene, which plays a crucial role in cellular metabolism. There are currently no approved treatments available for MMA. The primary symptoms of MMA include gastrointestinal (GI) issues such as diarrhea, bloating, and abdominal pain, as well as seizures, coma, and death in the case of severe cases. In some cases, there may be a mild form of MMA called ""metachromatic anemia,"" which is characterized by a pale, gray-colored face with white or pink spots on the skin. However, this form of MMA has not been associated with seizures or coma, and it is not typically treated."
69,tinyllama,Methylmalonic Acidemia,hasDeficientEnzyme,Which enzyme is deficient in Methylmalonic Acidemia?,Methylmalonyl-CoA Mutase,"The enzyme N-acetylglucosamine:fructose-1,6-diphosphatase (GDPase) is deficient in methylmaloonic acidemia. GDPase is a critical enzyme involved in the regulation of the glycolytic pathway in cells and is essential for normal growth and development. In individuals with methylmaloonic acidemia, GDPase activity is severely impaired, resulting in a lack of glycogen synthesis, glucose uptake, and blood sugar control."
70,tinyllama,Methylmalonic Acidemia,hasSymptom,What symptoms are associated with Methylmalonic Acidemia?,Failure to Thrive; Metabolic Acidosis,"Methylmalonic Acidemia is a rare genetic disorder characterized by abnormal or excessive production of acetic acid in the body. The main symptom of this condition is hyperacidity, which can cause severe and sometimes life-threatening dehydration. Other symptoms may include dry skin, hair loss, weight loss, muscle cramps, constipation, and excessive sweating. Some individuals with Methylmalonic Acidemia also develop a metabolic disorder called ketoacidosis. The severity of the hyperacidity can vary among affected individuals, but it often leads to kidney failure and liver damage."
71,tinyllama,Methylmalonic Acidemia,accumulatesMetabolite,Which metabolite accumulates in Methylmalonic Acidemia?,Methylmalonic Acid,"According to the text material, the main metabolite that accumulates in Methylmalonic Acidemiа is phenolic acid. This compound can be found in the urine of patients with this disorder."
72,tinyllama,Methylmalonic Acidemia,hasCausativeGene,Which gene causes Methylmalonic Acidemia?,MUT,"Methylmalonic Acidemia, which is also known as MALT disease or Lactamism, is caused by a mutation in the ALX1 gene. The ALX1 gene encodes for alpha-lactalbumin (ALA), which is an enzyme involved in lactose metabolism.

A mutation in this gene causes the body to produce exaggerated amounts of alpha-lactalbumin, leading to decreased milk production and a range of symptoms that include abdominal pain, fever, vomiting, diarrhea, weight loss, and increased thirst. In severe cases, the MALT disease can lead to kidney failure or other serious complications."
73,tinyllama,Isovaleric Acidemia,hasInheritancePattern,What is the inheritance pattern of Isovaleric Acidemia?,Autosomal Recessive,"In Isovaleriic Acidemia, the inheritance pattern may be autosomal recessive. This means that both copies of the gene (one from each parent) must have the mutated form to result in the disease. The mutation occurs on chromosome 9 and leads to the production of a protein that is abnormally active in the liver, leading to inflammation, hepatocyte apoptosis, and ultimately cirrhosis and death. This pattern of inheritance suggests that genetic factors may play a role, but additional research is needed to determine how exactly these factors affect disease susceptibility or progression."
74,tinyllama,Isovaleric Acidemia,treatedWith,How is Isovaleric Acidemia treated?,Leucine-Restricted Diet with Glycine,"Isovaleriic Acidemia is not currently approved by the FDA for treatment purposes. However, there are some treatment options available that can help manage some of the symptoms associated with this condition. In general, a healthcare professional may recommend lifestyle changes such as reducing salt intake, avoiding high-sodium foods, and monitoring sodium levels to prevent further complications. Medications, if needed, may include blood pressure medication (such as beta blockers) and/or diuretics (to help increase urine output and fluid loss), which can help manage some of the symptoms associated with high sodium intake. In rare cases, surgery or other medical interventions may be recommended for patients who experience severe complications or have not responded to conventional treatment options."
75,tinyllama,Isovaleric Acidemia,hasDeficientEnzyme,Which enzyme is deficient in Isovaleric Acidemia?,Isovaleryl-CoA Dehydrogenase,"In Isovaleriic Acidemia, the enzyme deficiency caused by mutations in the XIST gene. The XIST gene encodes an intron splicing enzyme involved in RNA editing and protein synthesis."
76,tinyllama,Isovaleric Acidemia,hasSymptom,What symptoms are associated with Isovaleric Acidemia?,Sweaty Feet Odor; Vomiting,"Isovaleriic acidemia is a rare but life-threatening disorder caused by an imbalance in the body's levels of valproate (an anticonvulsant drug) and gamma-hydroxybutyric acid (GHB). It typically presents with severe vomiting, weakness, muscle cramps, nausea, and confusion. Some patients may also experience seizures or coma due to GHB poisoning. In severe cases, valproate deficiency can cause death within hours or days. The symptoms of Isovaleriic Acidemia may be similar to other seizure disorders such as Lennox-Gastaut Syndrome (LGS), which can manifest in a range of symptoms including hallucinations, delusions, and agitation. However, the severity and duration of these symptoms are usually much more severe with Valproate deficiency."
77,tinyllama,Isovaleric Acidemia,accumulatesMetabolite,Which metabolite accumulates in Isovaleric Acidemia?,Isovaleric Acid,"Isovaleriic acid (VGH) accumulates in the liver, kidneys, and blood of patients with Isovaleratiodecrease. This is a type of hypervitaminosis A caused by an enzyme deficiency in the liver that leads to increased production of VGH in the body."
78,tinyllama,Isovaleric Acidemia,hasCausativeGene,Which gene causes Isovaleric Acidemia?,IVD,"Isovaleriic acid (IAA) is the primary cause of Isovalerioc Acidemia, which was first described in 1978. It's a type of vitamin B6 deficiency that can be caused by several factors such as dietary deficiencies, malabsorption, genetic disorders, or certain medications (such as steroids).

The symptoms of Isovalerioc Acidemia include anemia, fatigue, weakness, and muscle wasting. In more severe cases, it can lead to renal insufficiency, electrolyte imbalances, and even death due to kidney damage."
79,tinyllama,Glutaric Acidemia Type I,hasInheritancePattern,What is the inheritance pattern of Glutaric Acidemia Type I?,Autosomal Recessive,"Glutaric Acidemia Type I (GLUA-II) is an inherited disorder caused by mutations in the ABCB1 gene, which encodes for ABCB1 (also known as ""fatty acid binding protein 1"" or ""FABP1""). The ABCB1 gene encodes a fatty acid transporter that can bind and transport fatty acids into cells. In GLUA-II, mutations in the ABCB1 gene cause a reduction in its expression, which results in impaired fatty acid transport and altered lipid metabolism. This results in a range of clinical manifestations, including hepatic dysfunction, muscle wasting, and increased susceptibility to developing diabetes. Children with this condition typically have a family history of the disorder, but adults can also develop it."
80,tinyllama,Glutaric Acidemia Type I,treatedWith,How is Glutaric Acidemia Type I treated?,Carnitine Supplementation with Lysine Restriction,"Glutaric Acidemia Type I (GA1) is a rare form of acid glycerol kinase deficiency that affects the intake and excretion of dietary glutaric acid. It is characterized by a range of symptoms, including weakness, fatigue, poor growth, and weight loss. Glutaric Acidemia Type I is generally treated with an oral diet based on a low-calorie formula that includes glucose as the only sugar source. The goal of treatment is to maintain normal blood sugar levels in order to prevent ketoacidosis and other complications associated with gluconeogenesis. In severe cases, insulin may be required for optimal management. Treatment can also include medications to suppress the appetite or improve digestion, which can help maintain weight. Overall, treatment depends on individual case-by-case approach, taking into account comorbidities, underlying medical conditions, and the severity of the disease."
81,tinyllama,Glutaric Acidemia Type I,hasDeficientEnzyme,Which enzyme is deficient in Glutaric Acidemia Type I?,Glutaryl-CoA Dehydrogenase,"In Glutaric Acidemia Type I, a deficiency of the glutamine synthetase enzyme. The deficient enzyme results in impaired gluconeogenesis, resulting in a lack of glucose for energy production and an increased need for fatty acids for fuel production."
82,tinyllama,Glutaric Acidemia Type I,hasSymptom,What symptoms are associated with Glutaric Acidemia Type I?,Dystonic Movement Disorder; Macrocephaly,"Glutaric Acidemia Type I (GA-T1) is a type of Glutaic acidemia in which the intake of certain fats, particularly saturated and monounsaturated fats, can cause severe health problems. Some common symptoms associated with GA-T1 include:

1. Short stature: Children with this form of glutaic acidemia may be short, underweight, and have a distinctly pale complexion.

2. Poor growth: In children with GA-T1, slow growth rate may occur due to the inability of fatty acids to enter the cells for utilization as energy.

3. Ectropode: As mentioned earlier, this is caused by a deficiency of fatty acids in the body. The ectopic formation or accumulation of these acids can cause inflammation and painful swelling around the skin or joints.

4. Seizures: GA-T1 patients with seizure disorders may have seizures that are triggered by high amounts of fatty acids in the body.

5. Hypertension: In some individuals, excessive intake of saturated and monounsaturated fats can cause hypertension or high blood pressure. This is because these fats have a high blood lipid content.

6. Liver damage: If the fatty acids are not absorbed properly by the liver, they may accumulate in the liver cells, leading to liver failure.

7. Kidney damage: A build-up of fats in kidneys can cause a buildup or nephrotic syndrome, which is marked by sudden loss of kidney function and symptoms such as increased urine output, low blood pressure, and fatigue.

8. Mental health issues: Children with GA-T1 may experience mood swings, anxiety, depression, or severe emotional distress, leading to poor academic performance or withdrawal from social activities."
83,tinyllama,Glutaric Acidemia Type I,accumulatesMetabolite,Which metabolite accumulates in Glutaric Acidemia Type I?,Glutaric Acid,"Sucrose and fructose, which are two types of carbohydrates present in Glutaric Acidemia Type I. Sucrose accumulates, while fructose is excreted as glucose in the urine. The specific type of gluconeogenesis involved in this disorder is not known at present."
84,tinyllama,Glutaric Acidemia Type I,hasCausativeGene,Which gene causes Glutaric Acidemia Type I?,GCDH,"Glutaic acidemia type I is caused by a mutation in the GLUT1 gene on chromosome 2. This gene encodes for glucose transporter type 1, which helps carry glucose from the blood into cells and tissues. The mutations in this gene can lead to a deficiency of glucose uptake or storage due to changes in protein structure."
85,tinyllama,3-Methylcrotonyl-CoA Carboxylase Deficiency,hasInheritancePattern,What is the inheritance pattern of 3-Methylcrotonyl-CoA Carboxylase Deficiency?,Autosomal Recessive,"3-Methylcrotonyl-CoA carboxylase (MEC) deficiency is an inherited metabolic disorder characterized by a decrease in the activity of MEC, leading to accumulation and accumulation of 3-methylhydrazine (MH), which is toxic. The inheritance pattern of MEC deficiency is autosomal recessive, meaning that both copies of the gene for MEC must be mutated in order for an individual to have the disease. Individuals with MEC deficiency are born with a defect in the enzyme, which cannot efficiently convert MH into other useful metabolites, leading to accumulation of MH and ultimately to neurodevelopmental symptoms such as seizures, developmental delay, learning disabilities, and cognitive impairment. In summary, individuals with MEC deficiency have a mutation in the gene for MEC that causes a decrease in its activity, leading to accumulation of 3-Methylhydrazine (MH) as toxic metabolite."
86,tinyllama,3-Methylcrotonyl-CoA Carboxylase Deficiency,treatedWith,How is 3-Methylcrotonyl-CoA Carboxylase Deficiency treated?,Carnitine Supplementation,"3-Methylcrotonyl-CoA Carboxylase (MC3) deficiency, which is also known as phenylketonuria (PKU), is a genetic disorder characterized by an enzyme deficiency that results in accumulation of benzene and benzene-related compounds. These compounds are formed through the breakdown of tryptophan, which is part of the essential amino acid tryptophan in foods.

The symptoms of MC3 deficiency include seizures, developmental delays, intellectual disability, and behavioral abnormalities. In severe cases, MC3 deficiency can result in death before adulthood. Treatment options for MC3 deficiency depend on the severity and specific symptoms experienced by the individual affected. Medications such as choline supplementation or intravenous choline administration may be prescribed to prevent seizures, improve brain development, and reduce behavioral abnormalities associated with high levels of benzene. In some cases, MC3 deficiency is considered a genetic disorder that can run in families, and genetically determined treatment options such as gene therapy or targeted therapies may be used to correct the deficiency."
87,tinyllama,3-Methylcrotonyl-CoA Carboxylase Deficiency,hasDeficientEnzyme,Which enzyme is deficient in 3-Methylcrotonyl-CoA Carboxylase Deficiency?,3-Methylcrotonyl-CoA Carboxylase,"The 3-methyltetrahydroisoquinoline carboxylic acid (3-MTHCA) enzyme is deficient in 3-Methylcrotonyl-CoA Carboxylase Deficiency. This enzyme plays an essential role in the metabolism of 3-hydroxyisocaproic acid, which is synthesized from acetogenin (a sesquiterpene) by monoterpene synthase. Without this enzyme, acetogenin cannot be metabolized and accumulates as a waste product in the body."
88,tinyllama,3-Methylcrotonyl-CoA Carboxylase Deficiency,hasSymptom,What symptoms are associated with 3-Methylcrotonyl-CoA Carboxylase Deficiency?,Mild Hypotonia,"3-Methylcrotonyl-CoA carboxylase (MC4) deficiency is a rare inherited disorder characterized by the absence or reduced activity of MC4, which leads to an accumulation of several metabolites, including 3-hydroxybutyrate and acetoacetate. The symptoms associated with this disorder may include:

1. Metabolic Acidosis: In individuals with MC4 deficiency, blood pH is often lower than normal, resulting in metabolic acidosis. This can lead to a range of symptoms, such as weakness, fatigue, and muscle cramps.

2. Renal Dysfunction: Individuals with MC4 deficiency may also experience renal dysfunction due to the accumulation of metabolites in the kidneys. This can lead to a decline in renal function, increased sodium levels in the blood, and other symptoms, such as high blood pressure and salt wasting.

3. Neurological Dysfunction: Individuals with MC4 deficiency may also experience neurological dysfunction, including intellectual disability, developmental delays, seizures, and movement disorders.

Some common symptoms associated with the accumulation of metabolites in the liver include:

1. Lassitude: In individuals with MC4 deficiency, the accumulation of 3-hydroxybutyrate and acetoacetate can lead to a range of symptoms, including fatigue, lethargy, and weakness.

2. Muscle Tone & Fat Distribution: Individuals with MC4 deficiency may also experience muscle tone and fat distribution issues due to the accumulation of metabolites in their muscles and liver tissue.

3. Urinary Tract Dysfunction: Individuals with MC4 deficiency may also experience urinary tract dysfunction, as the accumulation of metabolites can lead to an increased production of urine, increased frequency of urination, and other symptoms related to urinary obstruction."
89,tinyllama,3-Methylcrotonyl-CoA Carboxylase Deficiency,accumulatesMetabolite,Which metabolite accumulates in 3-Methylcrotonyl-CoA Carboxylase Deficiency?,3-Methylcrotonylglycine,"The metabolite which accumulates in 3-Methylbutyryl-CoA Carboxylase (MC4) Deficiency is 2-Methylbutanoyl-CoA. This metabolite is not typically associated with any pathological conditions or tissues, but rather it represents an alternative pathway for carbohydrate and fatty acid biosynthesis."
90,tinyllama,3-Methylcrotonyl-CoA Carboxylase Deficiency,hasCausativeGene,Which gene causes 3-Methylcrotonyl-CoA Carboxylase Deficiency?,MCCC1,"3-Methylcrotonyl-CoA Carboxylase Deficiency (OMFCD) is caused by a mutation in the MTHFR gene. This gene encodes for methylenetriphosphonitrile (MTP) synthase, which is involved in metabolizing homocysteine to methionine. Without sufficient levels of MTP, homocysteine accumulates in the body, leading to a deficiency in methylation-dependent pathways that support cellular homeostasis and neurological health. This can result in various developmental abnormalities, including mental retardation and intellectual disability, as well as neuropsychiatric and physical disorders."
91,tinyllama,Beta-Ketothiolase Deficiency,hasInheritancePattern,What is the inheritance pattern of Beta-Ketothiolase Deficiency?,Autosomal Recessive,"Beta-Ke Totheolase Deficiency (BKTD) is an inherited metabolic disorder that is caused by a mutation in the gene encoding beta-ketoacid dehydrogenase, which is required for the synthesis of the enzyme 2-hydroxybutyrate. BKTD affects multiple organs and tissues, including the brain, heart, pancreas, and bone marrow.

The inheritance pattern of BKTD involves autosomal recessive inheritance, which means that a person with the mutation in the beta-ketoacid dehydrogenase gene will inherit two copies (X and X) of this gene, resulting in two copies of the mutated allele.

This pattern of inheritance can lead to severe symptoms or impairment, depending on the specific mutations present. In individuals with a single copy of the mutation, there is usually mild or no impact on brain function, while in individuals with two copies of the mutation, the resulting phenotype may be more severe and affect multiple organ systems.

Affected individuals may experience symptoms such as intellectual disability, developmental delay, seizures, vision problems, learning difficulties, developmental delays, motor disorders, deafness, hypogonadism, and neuropsychiatric disorders."
92,tinyllama,Beta-Ketothiolase Deficiency,treatedWith,How is Beta-Ketothiolase Deficiency treated?,Protein-Restricted Diet,"Beta-Keothiolase is a rare, inherited disorder caused by a mutation in the KEATTS2 gene, which is located on chromosome 15. It results in deficiencies of several enzymes involved in protein synthesis. The most common form of the disease is called BKA (Beta-Keothiolasis A) and occurs primarily in infants and young children. Treatment for BKA depends on the severity of the deficiency. In some cases, treatment may involve supplementing the child's diet with essential amino acids or proteins, while in others, medication may be prescribed to improve protein metabolism. It is also possible that further genetic tests could help identify the specific mutations and their impact on symptoms. Speaking with your pediatrician or a specialist in pediatrics can provide more information about treatment options."
93,tinyllama,Beta-Ketothiolase Deficiency,hasDeficientEnzyme,Which enzyme is deficient in Beta-Ketothiolase Deficiency?,Beta-Ketothiolase,"The enzyme beta-ketoacid dehydrogenase (BKHD) is deficient in Betaherpesvirus-68 (HSV-68), which is the causative agent of Betta-Keothiolase Deficiency (BKD). This enzyme is essential for metabolizing fatty acids and converting them into energy, making it a critical component in maintaining proper energy levels in a cell. In BKD, deficiencies in BKHD cause decreased production of ATP, which leads to a decrease in cellular energy levels and eventually causes muscle weakness."
94,tinyllama,Beta-Ketothiolase Deficiency,hasSymptom,What symptoms are associated with Beta-Ketothiolase Deficiency?,Episodic Ketoacidosis,"Beta-Ke totheolase deficiency (BKD) is an enzyme deficiency caused by a lack of beta-glucuronidase (BGT), which is responsible for metabolizing certain antibiotics called aminoglycosides. These antibiotics are typically used to treat infections caused by these bacteria, such as gonorrhea and chlamydial infections. BKD can cause a number of symptoms, including:

1. Urinary tract infection (UTI): The presence of BKD is associated with an increased risk of developing UTIs due to the antibiotic's ability to resist the body's natural detoxification system. This resistance can cause bacteria to survive longer, increasing their chances of reproduction and causing an overgrowth of these bacteria in the urinary tract.

2. UTI-associated fever: With BKD, the body may produce more antibodies to fight against the organism causing the UTIs. This can result in a prolonged fever and inflammation, which is characteristic of UTIs caused by aminoglycosides.

3. Kidney failure: In severe cases, BKD can cause kidney damage or failure due to decreased excretion of aminoglycoside antibiotics from the body. This is often associated with a decrease in urine output and increased levels of aminoglycosides in blood.

4. Cardiovascular disease: BKD has been linked to an increased risk of cardiovascular disease, possibly due to the damage caused to blood vessels by aminoglycoside antibiotics. This can include stroke and heart failure.

5. Cognitive deficits: Some studies have suggested that individuals with BKD are at increased risk of developing cognitive impairment, although this has not been widely studied.

6. Mental health issues: The presence of BKD is also associated with an increased risk of mental health problems such as depression and anxiety."
95,tinyllama,Beta-Ketothiolase Deficiency,accumulatesMetabolite,Which metabolite accumulates in Beta-Ketothiolase Deficiency?,2-Methyl-3-Hydroxybutyric Acid,"Beta-Kehothiolase Deficiency (BKD) is an abnormal growth disorder characterized by the lack of beta-ketoglutarate, which is a key intermediate in glycolysis. The metabolite accumulating in BKD is called the ""β-ketoglutarate pool."" This pool of β-ketoglutarate serves as a substrate for the enzyme pyruvate kinase (PDK), which converts β-ketoglutarate into pyruvate. In BKD, the lack of PDK leads to an accumulation of excess β-ketoglutarate in the cell, causing a deficiency in glucose production and eventually leading to malnutrition and other symptoms."
96,tinyllama,Beta-Ketothiolase Deficiency,hasCausativeGene,Which gene causes Beta-Ketothiolase Deficiency?,ACAT1,"Beta-Keothiolase Deficiency is caused by a mutation in the gene KET that codes for ketoconazole. This mutation leads to decreased or absent production of the enzyme, resulting in impaired metabolism and accumulation of Ketoconazole in tissues."
97,tinyllama,Malonic Aciduria,hasInheritancePattern,What is the inheritance pattern of Malonic Aciduria?,Autosomal Recessive,"Malonic aciduria is an inherited disorder characterized by abnormalities in malic enzyme activity. The inheritance pattern for this condition depends on the specific genetic mutation involved. Generally, individuals with this disorder have a dominant or recessive mode of inheritance, where the affected individual has two copies of the mutated allele, while the remaining healthy copy serves as a wild-type allele (also known as null genotype).

Inheriting a dominant mutation means that one copy of the defective gene is enough to cause malonic aciduria. In contrast, an individual with a recessive mode of inheritance only has one normal copy of the mutated gene and requires two copies of the wild-type allele to develop symptoms of malonic aciduria.

If both copies are affected, then the condition will be called Malonic Aciduria Congenital Xystic Fistula due to Cystic Lobular Duct Carcinoma (MATCH). Individuals with this mutation may show signs and symptoms of malonic aciduria at birth or later in life. These signs and symptoms can include seizures, developmental delay, feeding difficulties, and abdominal pain. Treatment for Malonic Aciduria is aimed at reducing the levels of malic enzymes in the bloodstream to prevent further damage to the affected cells."
98,tinyllama,Malonic Aciduria,treatedWith,How is Malonic Aciduria treated?,Low-Fat Diet,"Malonic Aciduria is a rare genetic disorder that causes problems with the production of the enzyme malonyl-CoA in the body. The main symptom of Malonic Aciduria is severe and irreversible kidney failure, which occurs due to impaired glucose metabolism. There are no specific treatments for Malonic Aciduria as the disorder is not well understood and there is currently no cure. Treatment focuses on managing the symptoms of the condition and monitoring the patient's health. Supportive care, including hydration, fluid replacement, nutritional support, and medications to manage pain and other symptoms may be required. In severe cases, patients with Malonic Aciduria may require a kidney transplant or other organ transplants to maintain their health."
99,tinyllama,Malonic Aciduria,hasDeficientEnzyme,Which enzyme is deficient in Malonic Aciduria?,Malonyl-CoA Decarboxylase,"The enzyme deficient in Malonic Aciduria is called malate dehydrogenase (MDH). MDH catalyzes the reverse reaction of the ATP-citrate synthesis pathway, which is responsible for producing glyceraldehyde 3-phosphate from glucose-6-phosphate. In Malonic Aciduria, there is a deficiency in this enzyme, leading to accumulation of malonyl-CoA in the liver and decreased production of glyceraldehyde-3-phosphate, which impairs citrate synthesis and contributes to the symptoms of Malonic Aciduria."
100,tinyllama,Malonic Aciduria,hasSymptom,What symptoms are associated with Malonic Aciduria?,Cardiomyopathy; Developmental Delay,"Malonic Aciduria is a rare genetic disorder characterized by developmental delay, intellectual disability, and intellectual functioning below the expected level for age. The most common symptom of Malonic Aciduria is delayed speech, which can cause difficulty in understanding words or sentences. Delayed motor skills such as walking, sitting up, and standing may also occur due to poor muscle coordination. The disorder often affects both boys and girls equally. Some other associated symptoms of Malonic Aciduria include:

1. Intellectual functioning below the expected level for age (<20 IQ points): This can cause social isolation, difficulty in interacting with others, and poor academic performance.

2. Delayed speech: Affected individuals may have difficulty understanding speech due to a slower rate of speech production or no speech at all.

3. Developmental delay: Delayed physical and cognitive development can affect the individual's quality of life and future prospects.

4. Intellectual functioning below the expected level for age (<20 IQ points): This can cause social isolation, difficulty in interacting with others, and poor academic performance.

5. Delayed motor skills: Affected individuals may have difficulties walking, sitting up, or standing, which leads to a decrease in mobility, decreased physical functioning, and developmental delay."
101,tinyllama,Malonic Aciduria,accumulatesMetabolite,Which metabolite accumulates in Malonic Aciduria?,Malonic Acid,"The metabolite of malonic aciduria is not known, but it usually refers to the accumulation of an abnormal metabolic molecule or compound in human cells or tissues. In general, abnormalities in metabolism can lead to the accumulation of toxic substances and their deposition in the body, which can cause various diseases or conditions."
102,tinyllama,Malonic Aciduria,hasCausativeGene,Which gene causes Malonic Aciduria?,MLYCD,"Malonic Aciduria (MA) is caused by mutations in the ALG13 gene, which leads to an accumulation of the amino acid malonyl-CoA (MC), a byproduct of the glycolysis process. This accumulation leads to neurological and developmental abnormalities, including intellectual disability, cognitive decline, speech difficulties, seizures, and muscle weakness, affecting both genders equally. The specific mutations that cause MA can vary by patient, and it's not possible for an AI to determine a specific genetic cause based solely on the information provided in the question. However, knowing that malonyl-CoA accumulation is a hallmark of MA may help researchers better understand the underlying biological mechanisms and develop targeted therapies for this condition."
103,tinyllama,Ornithine Transcarbamylase Deficiency,hasInheritancePattern,What is the inheritance pattern of Ornithine Transcarbamylase Deficiency?,X-Linked,"Ornithinane transcarbonate deficiency (OTD) is an inherited disorder characterized by a deficiency in ornithine carbamyltransferase enzyme, which can lead to severe metabolic abnormalities. The inheritance pattern of OTD is autosomal recessive, meaning that each copy of the faulty gene is sufficient to cause disease symptoms.

The symptoms of OTD typically appear in the first months or years of life, and include developmental delays, impaired growth and development, hypotonia (low muscle tone), seizures, and hyperammonemia (high levels of ammonia in the blood). The severity of these symptoms can vary widely among individuals with OTD.

Treatment for Ornithinane transcarbonate deficiency usually involves infusion of a specific type of human serum as a replacement therapy to replenish the body's own reserves of ornithine, which is the amino acid that the affected enzyme utilizes for its function. Other treatment options may include special diets and medications that target specific symptoms."
104,tinyllama,Ornithine Transcarbamylase Deficiency,treatedWith,How is Ornithine Transcarbamylase Deficiency treated?,Protein-Restricted Diet,"Ornithinane, also known as TranscarbaMYLASE (TCA), is a new drug being developed by a team at the University of Maryland that is designed to treat a rare genetic disease called deficiency of Ornithine Transcarbamylase 2 (OTC2). OTC2 is important for the production of amino acids, which are crucial for cellular function and growth. A deficiency in this enzyme can result in severe neurological symptoms that include seizures, behavioral changes, impaired motor control, and loss of limb movement.

To date, there has been limited success in treating OTC2 deficiencies with currently available therapies, including medications aimed at blocking amino acid uptake or bypassing the defective enzyme. Ornithinane is a novel compound that specifically targets the enzyme and has shown promising preclinical results in animal models of the disease. It is being developed as a potential treatment for patients with OTC2 deficiencies, who currently have no approved therapies available.

The development of Ornithinane is part of a larger effort to find treatments for rare genetic diseases that affect a small proportion of the population. By identifying and developing new therapies, researchers hope to improve the lives of patients with devastating genetic disorders like OTC2 deficiencies."
105,tinyllama,Ornithine Transcarbamylase Deficiency,hasDeficientEnzyme,Which enzyme is deficient in Ornithine Transcarbamylase Deficiency?,Ornithine Transcarbamylase,"Ornitrinine transcarbamoylase (OrcTCA), a key enzyme in the biosynthesis of ornithine, is deficient in Ornitheid. Ornitheid is a rare genetic disorder caused by mutations in the ORNT gene, which encodes the Ornitrinine transcarbamoylase enzyme. The ORNT gene plays a crucial role in the synthesis of ornithine, an essential amino acid involved in building proteins and transporting protons across cell membranes."
106,tinyllama,Ornithine Transcarbamylase Deficiency,hasSymptom,What symptoms are associated with Ornithine Transcarbamylase Deficiency?,Hyperammonemia; Vomiting,"Ornithinane is an antineoplastic drug that has been approved by the U.S. Food and Drug Administration (FDA) for the treatment of neuroblastoma, a type of childhood cancer. Ornithinane is typically given as a single dose to infants and children under 16 years old. However, its use in adults has not been approved by the FDA.

If given intravenously as a single dose, Ornithinane can cause severe and sometimes life-threatening side effects such as low blood pressure (hypotension), decreased heart rate, seizures, hypoglycemia, respiratory arrest, and coma.

Additionally, the drug may cause neurological damage, including movement disorders like ataxia or dystonia, seizure disorders such as generalized seizures or status epilepticus, and visual disturbances such as tunnel vision or blurred vision.

Ornithinane is also associated with an increased risk of death in adults who receive the drug for a longer period of time than recommended by the FDA. This risk increases significantly when patients are given the drug more frequently over extended periods, and can range from a 3-fold increase in mortality to a 750-fold increase in mortality."
107,tinyllama,Ornithine Transcarbamylase Deficiency,accumulatesMetabolite,Which metabolite accumulates in Ornithine Transcarbamylase Deficiency?,Orotic Acid,"Ornithinine, the main target of the disease caused by the species Ornithinidae, is the most common species to accumulate in the cells of a fruit fly undergoing deleterious environmental stress. The specific species or strain of transcarbonate-accumulating yeast can vary between different species of flies, but commonly, Ornithinine accumulates in the cellular structures called nucleocytes (which are involved in DNA replication and storage), which have previously been shown to be an essential component for the viability and growth of fruit flies under deleterious environmental stress."
108,tinyllama,Ornithine Transcarbamylase Deficiency,hasCausativeGene,Which gene causes Ornithine Transcarbamylase Deficiency?,OTC,"Ornithinane (also known as OTN) is a gene that deficient in orphanodisorders, specifically Ornitinene Transcarbazole Deficiency. It has been identified as the causative gene for this rare genetic disorder."
109,tinyllama,Carbamoyl Phosphate Synthetase I Deficiency,hasInheritancePattern,What is the inheritance pattern of Carbamoyl Phosphate Synthetase I Deficiency?,Autosomal Recessive,"The inheritance pattern or gene transfer pattern of Carbaamoyl Phoispata Synthase I Deficiency (also known as Carba-PS) is recessive dominant. This means that for individuals to inherit the mutation from one generation to the next, they must first have inherited it themselves, and then their offspring will also have the mutation. In other words, individuals with a Carba-PS mutation will inherit the trait if they themselves are carriers (have one or more copies of the mutated allele) or if they have an unaffected parent who also carries the mutation.

Therefore, individuals who don't carry the mutation (i.e., do not have one copy or more copies of the mutated allele) will be carriers for Carba-PS and will pass on their inheritance through their offspring. If an individual with the Carba-PS mutation is born to a carrier, their child has a 50% chance of inheriting the mutation from both parents and passing it along to future generations. For more information on gene transfer patterns, you can refer to this article: https://www.ncbi.nlm.nih.gov/pmc/articles/PMC4897627/#:%$|$10."
110,tinyllama,Carbamoyl Phosphate Synthetase I Deficiency,treatedWith,How is Carbamoyl Phosphate Synthetase I Deficiency treated?,Protein-Restricted Diet,"CarbaMoyl PhoSPHATe SynThase I (CBSIT) deficiency is a rare disorder that causes an enzyme deficiency leading to abnormal skin growth and other health problems in infants. The exact cause of CBSIT deficiency is not known, but it appears to be inherited due to mutations in the CBSIT gene.

In the treatment of CBSIT deficiency, there are currently no approved therapies available for pediatric use. The most common treatment option is a medical procedure called a liver transplant, which can be performed under general anesthesia to bypass the infected area and destroy any remaining infection or toxic buildup of cells. The transplant may require multiple procedures, depending on the severity of the patient's condition.

Additionally, there are some medications available for CBSIT deficiency that can help manage symptoms such as skin growth and inflammation. These medications include topical corticosteroids (e.g., salicylic acid), systemic antibiotics, and immunosuppressants. The severity of the condition and treatment options will depend on the individual patient's medical history, age, and overall health status."
111,tinyllama,Carbamoyl Phosphate Synthetase I Deficiency,hasDeficientEnzyme,Which enzyme is deficient in Carbamoyl Phosphate Synthetase I Deficiency?,Carbamoyl Phosphate Synthetase I,"Carbaamoyl phosphate synthase I (CPS1), also known as NADH:ubiquinone oxidoreductase, is a enzyme that in humans is encoded by the CPS1 gene. This gene is located on chromosome 3 and encodes a member of the NADH:ubiquinone reductases family. CPS1 is involved in several metabolic processes including cellular respiration, DNA replication, and mitochondrial electron transport. In Carbaamoyl phosphate synthase I Deficiency (CAPS Deficiency), there is a deficiency of CPS1 resulting in the lack of NADH:ubiquinone reductase activity in cells due to a lack of enzyme in the cellular respiratory chain."
112,tinyllama,Carbamoyl Phosphate Synthetase I Deficiency,hasSymptom,What symptoms are associated with Carbamoyl Phosphate Synthetase I Deficiency?,Coma; Hyperammonemia,"Carbaamoyl Phosphate Synthase I (CPSI) deficiency is a rare genetic disorder characterized by a lack of the enzyme CPSI, which is essential for proper biosynthesis of certain neurotransmitters, such as dopamine and serotonin. There are two types of CPSI deficiencies - Menkes disease (monozygotic) and DHODH deficiency.

Here are the possible symptoms associated with CPSI deficiency:

1. Seizures and/or epilepsy: Seizures are a common symptom of CPSI deficiency, and some people may also experience developmental delays or behavioral problems.

2. Movement disorders: CPSI deficiency can result in movement disorders, such as tremors, rigidity, or dystonia.

3. Intellectual disability: Some people with CPSI deficiency may have intellectual disability due to a combination of genetic and environmental factors.

4. Psychiatric problems: Some people with CPSI deficiency experience psychiatric problems such as depression, anxiety, or personality changes.

5. Cognitive impairment: CPSI deficiency can cause cognitive impairments, including memory loss and attention difficulties.

6. Impaired sensory processing: Some people with CPSI deficiency may have difficulty perceiving or interpreting sensory information, which can lead to difficulties in everyday life.

7. Eating disorders: Some people with CPSI deficiency may experience eating disorders due to a combination of genetic and environmental factors."
113,tinyllama,Carbamoyl Phosphate Synthetase I Deficiency,accumulatesMetabolite,Which metabolite accumulates in Carbamoyl Phosphate Synthetase I Deficiency?,Ammonia,"The metabolite accumulating in Carbaamoyl PhoSPhAtE SynTHese I deficiency is a variant of the gene encoding for PhoP. This variant results in reduced PhoP activity, which can affect the growth and survival of Pseudomonas species."
114,tinyllama,Carbamoyl Phosphate Synthetase I Deficiency,hasCausativeGene,Which gene causes Carbamoyl Phosphate Synthetase I Deficiency?,CPS1,"Carbaamoyl PhoSPhATe SynThese I deficiency (CPSID) is caused by a mutation in the CPSID1 gene. The CPSID1 gene encodes a protein that catalyzes the formation of phosphopeptide-peptidylethanolamine adducts, which are important for the signaling and metabolic activities of certain proteins involved in lipid metabolism and other cellular processes. In people with CPSID1 mutations, these peptides can accumulate and form toxic complexes that can lead to various clinical manifestations such as mental retardation, muscular dystrophy, and cardiomyopathy, among others."
115,tinyllama,N-Acetylglutamate Synthase Deficiency,hasInheritancePattern,What is the inheritance pattern of N-Acetylglutamate Synthase Deficiency?,Autosomal Recessive,"N-Acetylglutamate Synthaze Deficiency (NGLYD) is an inherited disorder caused by a deficiency in the activity of N-acetyltransferase (NAAT), which catalyzes the transfer of acetyl groups from pyruvate to NADH. The gene for NAAT, known as GUBA2, is located on chromosome 16 and encodes a protein that is required for the activity of NAAT in liver cells.

The deficiency in NAAT leads to an accumulation of acetyl-CoA in the liver, which results in a decrease in NADH production, leading to a decrease in ATP synthesis. As a result, there is a shortage of ATP and other energy-rich molecules for the cells, resulting in muscle weakness, fatigue, and impaired metabolism.

The inheritance pattern of NGLYD is autosomal recessive, meaning that one parent with the deficiency must carry the mutated GUBA2 gene for the disorder to be present. The disease can also cause a decrease in liver function, leading to jaundice and other symptoms that affect the liver's ability to detoxify the body."
116,tinyllama,N-Acetylglutamate Synthase Deficiency,treatedWith,How is N-Acetylglutamate Synthase Deficiency treated?,Carglumic Acid Therapy,"N-Acetylglutamate Synthaze Deficiency, also known as TAZD (Takara Bio LLC), is a rare inherited disorder characterized by low levels of an enzyme called Acetylcholinesterase (AChE). The deficiency in AChE impairs the body's ability to break down certain amino acids, including the amino acid gamma-aminobutyric acid (GABA), which is involved in the regulation of neuromuscular transmission and mood. As a result, individuals with TAZD have symptoms such as impaired cognitive function, behavioral issues, and weakened muscles. Treatment options for TAZD include pharmacological therapy aimed at boosting the levels of AChE or other enzymes involved in GABA breakdown, surgical procedures to address neural pathways involved in regulating neurotransmitters, and gene therapy to replace a missing or mutated form of AChE. Additionally, some individuals may require lifestyle changes such as avoiding caffeine or stimulants, maintaining a healthy weight, and engaging in regular exercise."
117,tinyllama,N-Acetylglutamate Synthase Deficiency,hasDeficientEnzyme,Which enzyme is deficient in N-Acetylglutamate Synthase Deficiency?,N-Acetylglutamate Synthase,"In mammals, the enzyme N-acetylglutaamate synthase (NAGS) is deficient in N-Acetiolglyceroate Synthaze Deficiency. NAGS catalyzes the reaction between N-acetylimidazolidine and 2-deoxy-D-glucose to produce NADP+, ATP, and NADPH. NADPH is essential for many metabolic pathways in cells, including glycolysis, Krebs cycle, and electron transport chain. The deficiency of NAGS results in the accumulation of NADPH, which can cause cellular stress and ultimately lead to various diseases associated with excessive production of N-acetylglutamate (e.g., Fanconi anemia)."
118,tinyllama,N-Acetylglutamate Synthase Deficiency,hasSymptom,What symptoms are associated with N-Acetylglutamate Synthase Deficiency?,Hyperammonemia,"N-Acetylglutaate Synthase Deficiency (NALDS) is a rare disorder characterized by a deficiency in the enzyme that converts n-acetylglutaconamide (NaGLA), a byproduct of glutamine metabolism, into an active form of N-acetylgluctaamide (NALDA) for transport to the liver. This deficiency can lead to a variety of symptoms, including jaundice, abdominal pain, and enlargement of the liver. Other potential complications may include mental retardation, seizures, and behavioral changes. Additionally, NALDS is associated with an increased risk of developing gallstones and liver disease in later life."
119,tinyllama,N-Acetylglutamate Synthase Deficiency,accumulatesMetabolite,Which metabolite accumulates in N-Acetylglutamate Synthase Deficiency?,Ammonia,"According to the given material, the metabolite that accumulates in N-Acetylglutaate synthase deficiency is α-ketoglutarate, which is an intermediate in the metabolism of glucose and is also a byproduct of glycolysis. The enzyme involved in this metabolic process is found on the mitochondrial outer membrane. However, the specific role of this enzyme in N-Acetylglutaate synthase deficiency is not mentioned in the given text."
120,tinyllama,N-Acetylglutamate Synthase Deficiency,hasCausativeGene,Which gene causes N-Acetylglutamate Synthase Deficiency?,NAGS,"N-acetylglutamate synthase deficiency (NAGSD) is caused by mutations in the NAGSD gene, which is located on chromosome 16q24. It affects the ability of cells to produce N-acetylglutamate, a molecule that plays a role in neurotransmitter synthesis and other cellular processes. Without sufficient N-acetylglutamate, neurons may become dysfunctional or even die. The symptoms of NAGSD include seizures, hypokinesia (low muscle movement), mental retardation, and developmental delay. Treatment options for individuals with this condition include therapies that aim to increase N-acetylglutamate production or prevent the buildup of N-acetylglutamate in cells."
121,tinyllama,Medium-Chain Acyl-CoA Dehydrogenase Deficiency,hasInheritancePattern,What is the inheritance pattern of Medium-Chain Acyl-CoA Dehydrogenase Deficiency?,Autosomal Recessive,"Mediated-chain Acyl-CoA Dehydrogenase Deficiency (MCADD) is an autosomal recessive disorder characterized by the absence of functional enzymes for fatty acid beta-oxidation in the mitochondrial electron transport chain. MCADD is caused by mutations in the gene encoding mediated-chain acyl-coa dehydrogenase (MCADD), which leads to a deficiency in the formation of fatty acids needed for energy production by the mitochondria. Inherited from both parents, MCADD can affect infants, children and adults. The inheritance pattern of MCADD is autosomal recessive, meaning that one copies of the mutated gene are sufficient to cause the condition in affected individuals."
122,tinyllama,Medium-Chain Acyl-CoA Dehydrogenase Deficiency,treatedWith,How is Medium-Chain Acyl-CoA Dehydrogenase Deficiency treated?,Avoidance of Fasting,"Mediatech-Chain Acid Dehydogenase (ACD) deficiency is a rare genetic disorder that affects the body's ability to produce energy from fatty acids. There are several treatment options for this condition, which can have varying outcomes depending on the severity and age of the patient.

1. Diet: Patients with ACD deficiency may require a low-fat diet due to a lack of essential fatty acids in the diet. This may cause weight loss or mild weight gain, but some patients may experience energy imbalances.

2. Supplementation: Some individuals with ACD deficiency may be prescribed supplements containing omega-3 fatty acids to help replace lost fatty acids. Omega-3 fatty acids have been shown to improve lipid metabolism in the body and reduce inflammation.

3. Dietary restrictions: Some individuals with ACD deficiency may require a low-fat diet, while others may need to limit their intake of fats or increase their consumption of healthy fats such as polyunsaturated fatty acids.

4. Pharmacological interventions: In some cases, pharmacological interventions like ketogenic diets, which require a low-carbohydrate, high-fat diet, have been used to alleviate symptoms associated with ACD deficiency.

5. Medical therapies: Medical therapies such as bariatric surgery, gastric bypass, or minimally invasive procedures like laparoscopic adjustable gastric banding, may be considered for severe cases of ACD deficiency.

Overall, the treatment of Mediatech-Chain Acid Dehydogenase (ACD) deficiency is typically aimed at improving overall lipid metabolism and reducing inflammation in the body."
123,tinyllama,Medium-Chain Acyl-CoA Dehydrogenase Deficiency,hasDeficientEnzyme,Which enzyme is deficient in Medium-Chain Acyl-CoA Dehydrogenase Deficiency?,Medium-Chain Acyl-CoA Dehydrogenase,"Mediatec, a subtype of a rare autosomal recessive disorder called Mediated Diseases, also known as MedDisease or HJA1094, is characterized by deficiency in Mediun-Chain Acyl-CoA Dehydohgenease (MCADD). MCADD degrades medium-chain acyl-coenzyme A (MCA), which results in deficiency of medium-chain acyl-coenzyme A, leading to the accumulation of acetoacetate and inhibition of carnitine transporter. The condition can cause neurological symptoms such as developmental delay, behavioral abnormalities, seizures, motor disability, and respiratory distress."
124,tinyllama,Medium-Chain Acyl-CoA Dehydrogenase Deficiency,hasSymptom,What symptoms are associated with Medium-Chain Acyl-CoA Dehydrogenase Deficiency?,Hypoketotic Hypoglycemia; Lethargy,"Mediate-chain acetyl-coenzyme A (ACA) dehydrogenase deficiency is a rare, inherited metabolism disorder characterized by decreased activity of the mediate-chain enzyme. The symptoms associated with this condition depend on various factors, including the degree of deficiency and age at onset. In severe cases, a person may experience seizures, developmental delays or intellectual disabilities before adolescence. Other signs and symptoms include weak muscles, low blood sugar levels (hypoglycemia), small facial features, and difficulty swallowing or speaking. Some individuals may also exhibit respiratory problems due to impaired lung function caused by low levels of ACA in the lungs. As a result of these effects, infants may be born with poor developmental outcomes and require specialized care for their first few years of life. In general, an affected individual may experience some combination of fatigue, mood changes, difficulty focusing or concentration, and difficulty regulating blood sugar levels. In more severe cases, ACA deficiency may result in coma or death before adolescence if not treated with intravenous immune globulin (IVIG) therapy. However, IVIG can only be administered to patients who are at least six months old and have reached the age of majority."
125,tinyllama,Medium-Chain Acyl-CoA Dehydrogenase Deficiency,accumulatesMetabolite,Which metabolite accumulates in Medium-Chain Acyl-CoA Dehydrogenase Deficiency?,Medium-Chain Fatty Acids,Mediolite Accumulates in Mediated-Chain Acyl-CoA Dehydoenhydromegenaze Deficiency.
126,tinyllama,Medium-Chain Acyl-CoA Dehydrogenase Deficiency,hasCausativeGene,Which gene causes Medium-Chain Acyl-CoA Dehydrogenase Deficiency?,ACADM,"Mediatec Dextrin-119 is the only gene responsible for Mediated Dextrin-119 Deficiency (MDD). MDD is a rare metabolic disorder that causes an enzyme deficiency. The defective enzyme results in a lack of Dextrin 119, which is a dextrin polymer found in the dietary fiber components of animal and vegetable foods. This lack of Dextrin 119 leads to digestive problems in dogs, cats, and other animals. In humans, MDD has no known symptoms or treatments."
127,tinyllama,Very Long-Chain Acyl-CoA Dehydrogenase Deficiency,hasInheritancePattern,What is the inheritance pattern of Very Long-Chain Acyl-CoA Dehydrogenase Deficiency?,Autosomal Recessive,"Very Long-Chain Acyl-CoA Dehydoegenesis (VLCAD) is a rare inherited metabolic disorder characterized by impaired fatty acid beta-oxidation resulting in a deficiency of very long-chain omega-3 fatty acids. VLCAD is caused by mutations in the ABCD1 gene, which encodes a dehydrogenase that catalyzes the conversion of diphosphatidylglycerol (DPG) to 20-Hydroxyeicosatrienoic acid (20-HETE), which is an essential omega-3 fatty acid. Without sufficient 20-HETE, VLCAD patients are deficient in two types of omega-3 fatty acids: eicosapentaenoic acid (EPA) and docosahexaenoic acid (DHA).

VLCAD is typically diagnosed in infancy or early childhood as a result of impaired growth, brain abnormalities, and developmental delay. Treatment focuses on supplementation with EPA and DHA to replace the missing fatty acids and mitigate the effects of the deficiency on organ functioning and overall health."
128,tinyllama,Very Long-Chain Acyl-CoA Dehydrogenase Deficiency,treatedWith,How is Very Long-Chain Acyl-CoA Dehydrogenase Deficiency treated?,MCT Oil Dietary Therapy,"Very Long-Chain Acyl-CoA Dehydogenesis (VLCD) is a rare genetic disorder that affects the ability of the body to metabolize fatty acids. It can lead to severe health complications, including muscle weakness, heart disease, and in some cases, cancer. In patients with VLCD, the body’s cells cannot use long-chain fatty acids (LCFA) properly, leading to an accumulation of short-chain fatty acids (SCFA) like butyrate in the bloodstream. This can cause a buildup of these fats in the small intestine, resulting in severe malnutrition and dehydration. Treatment for VLCD is based on reducing SCFA levels by administering LCFA supplements to patients.

In severe cases, surgery may be necessary to correct the abnormalities of the digestive system or to remove the affected organs. This may require a total abdominal hysterectomy or resection of intestines. In more mild cases, lifestyle changes like regular exercise and healthy dietary habits can help reduce the accumulation of short-chain fatty acids in the bloodstream. Medical management with medications to reduce SCFA levels is also an option for managing VLCD."
129,tinyllama,Very Long-Chain Acyl-CoA Dehydrogenase Deficiency,hasDeficientEnzyme,Which enzyme is deficient in Very Long-Chain Acyl-CoA Dehydrogenase Deficiency?,Very Long-Chain Acyl-CoA Dehydrogenase,"Very Long-Chain Acyl-CoA Dehydoegenase (VLCAD) is a common deficiency in the human body. It is a rare enzyme disorder that affects the metabolism of long-chain fatty acids, especially Very Long-Chain Fatty Acids (VLCAs). VLCAs are fatty acids with 18 or more carbon atoms, and they are essential for many important bodily functions. Deficiency in VLCAD results in very low levels of VLCAs in the blood, which can lead to various symptoms such as fatigue, weakness, and muscle cramps. The most common symptom is difficulty with walking or gait control, which can cause falls and injuries. Additionally, people with Very Long-Chain Acid Dehydogenase Deficiency may have a higher risk of developing diabetes in the future due to alterations in insulin secretion and glucose metabolism."
130,tinyllama,Very Long-Chain Acyl-CoA Dehydrogenase Deficiency,hasSymptom,What symptoms are associated with Very Long-Chain Acyl-CoA Dehydrogenase Deficiency?,Cardiomyopathy; Hypoglycemia,"Very Long-Chain Acyl-CoA Dehydropedase (VLCAD) deficiency is a genetic disorder that can cause severe and sometimes fatal respiratory problems in infants and young children. Here are some symptoms associated with VLCAD deficiency:

1. Breathing difficulties: Infants born with VLCAD deficiency have difficulty breathing due to decreased levels of oxygen carrying capacity in the lungs. They may need mechanical ventilation or supplementary oxygen treatments.

2. Severe respiratory problems: VLCAD deficiency can cause severe, sometimes fatal respiratory problems such as bronchiolitis (inflammation of tiny air sacs in the lungs), pneumonia, and other acute respiratory distress syndrome (ARDS)-like symptoms.

3. Gastrointestinal issues: Infants born with VLCAD deficiency may have a range of gastrointestinal problems that affect their digestion and nutrition, such as constipation, diarrhea, vomiting, and weight loss.

4. Developmental delays: Babies born to parents with VLCAD deficiency are at higher risk for developmental delays due to inadequate growth during infancy.

5. Increased risk of death: Very Long-Chain Acyl-CoA Dehydropedase (VLCAD) deficiency can be lethal in infants and young children, especially those with severe respiratory problems or other complications."
131,tinyllama,Very Long-Chain Acyl-CoA Dehydrogenase Deficiency,accumulatesMetabolite,Which metabolite accumulates in Very Long-Chain Acyl-CoA Dehydrogenase Deficiency?,Long-Chain Fatty Acids,"Long-chain 3-hydroxyacyl-coenzyme A (ACYI) dehydratases (VLCADs) play a key role in producing VLCAD deficiency, which is characterized by severe and progressive liver disease. The accumulation of these enzymes in the liver and other organ systems can lead to various symptoms, such as hepatic steatosis, portal hypertension, and intrahepatic cholestasis. ACC1 and ACC2 are two specific VLCADs that play crucial roles in regulating ACYI production. They accumulate in Very Long-Chain 3-hydroxyacyl CoA Dehydratase Deficiency (VLCD), a severe human disease that results from mutations in the gene encoding VLCAD."
132,tinyllama,Very Long-Chain Acyl-CoA Dehydrogenase Deficiency,hasCausativeGene,Which gene causes Very Long-Chain Acyl-CoA Dehydrogenase Deficiency?,ACADVL,"Very Long-Chain Acyl-CoA Dehydrogenase Deficiency (VLCD) is a rare genetic disorder that leads to the inability to properly break down certain types of long-chain fatty acids (abbreviated LCFA), which can lead to various health problems, including growth problems, seizures, and developmental delays. The gene responsible for VLCD is encoded by the MTRR gene on chromosome 19."
133,tinyllama,Long-Chain 3-Hydroxyacyl-CoA Dehydrogenase Deficiency,hasInheritancePattern,What is the inheritance pattern of Long-Chain 3-Hydroxyacyl-CoA Dehydrogenase Deficiency?,Autosomal Recessive,"Long-Chain 3-Hydroxyacyl-CoA Dehydoegenesis (LC3HD) is an autosomal recessive genetic disorder characterized by decreased levels of a enzyme called Long-chain 3-hydroxyacyl-coenzyme A dehydrogenase deficiency. This enzyme helps to break down long-chain fatty acids (LCA) in the body, and is important for regulating cellular metabolism.

The inheritance pattern of LC3HD is autosomal recessive, which means that one copy of the defective gene is enough to cause symptoms in an individual. Affected individuals typically have a decreased production of LCA, resulting in lower levels of this important enzyme, and can also experience developmental delays, learning disabilities, and intellectual disability. They may also exhibit hypotonia (low muscle tone), seizures, and behavioral problems due to the decrease in regulation of energy metabolism caused by decreased LCA production.

The onset of symptoms usually occurs during infancy or early childhood, followed by a gradual decline in functioning over time. The disease can also be affected by environmental factors such as air pollution and genetic mutations that lead to increased levels of LCA in the body."
134,tinyllama,Long-Chain 3-Hydroxyacyl-CoA Dehydrogenase Deficiency,treatedWith,How is Long-Chain 3-Hydroxyacyl-CoA Dehydrogenase Deficiency treated?,MCT Oil Dietary Therapy,"Long-Chain 3-Hydroxyacyl-CoA Dehydrogenez (ACHD) deficiency, or homozygous long-chain 3-OHD (LCOD), is a rare genetic disorder that affects the production of a type of fatty acid in the body. This deficiency results in a lack of one of two enzymes involved in the metabolism of 3-hydroxybutyryl-CoA, which is the precursor for long-chain fatty acids (LCFA).

Because this enzyme plays an essential role in producing the appropriate LCFA molecule, a deficiency results in impaired fatty acid metabolism and ultimately leads to several symptoms associated with ACHD. Some of these symptoms include:

1. Leukocoria (white skin) - The skin may appear white due to a lack of the necessary Vitamin D for normal tissue development, leading to a pale complexion.

2. Growth retardation - Children with ACHD may have slower growth rates compared to their peers.

3. Intellectual disabilities (if present) - Some children with ACHD may exhibit intellectual or mental health issues due to deficiencies in specific brain regions that control learning and memory.

4. Seizures - Children with ACHD can also have seizures, which are a type of brain dysfunction caused by a lack of the necessary neurons.

5. Developmental delays - ACHD may lead to developmental delays in children.

Treatment for LCOD involves supplementing with Vitamin D and other essential vitamins or minerals, such as iron, zinc, and calcium, as needed. In some cases, certain medications can also help treat symptoms of ACHD."
135,tinyllama,Long-Chain 3-Hydroxyacyl-CoA Dehydrogenase Deficiency,hasDeficientEnzyme,Which enzyme is deficient in Long-Chain 3-Hydroxyacyl-CoA Dehydrogenase Deficiency?,Long-Chain 3-Hydroxyacyl-CoA Dehydrogenase,"Long-chain 3-hydroxyacyl-coenzyme A dehydrgenase deficiency (LCAD) is a type of enzyme deficiency that is characterized by decreased activity or absence of this specific enzyme. LCAD is an inherited disorder, meaning it is caused by genetic mutations within the gene that codes for this enzyme. It is caused by a deficiency in Long-chain 3-hydroxyacyl-coenzyme A dehydrgenase (LC3HCADE), which is an enzyme responsible for breaking down certain long-chain fatty acids in the body. LC3HCADE is essential for proper cellular function, particularly in the energy production process. Therefore, individuals with LCAD typically have decreased levels of this enzyme in their cells and have difficulty breaking down some long-chain fatty acids."
136,tinyllama,Long-Chain 3-Hydroxyacyl-CoA Dehydrogenase Deficiency,hasSymptom,What symptoms are associated with Long-Chain 3-Hydroxyacyl-CoA Dehydrogenase Deficiency?,Peripheral Neuropathy; Retinopathy,"Long-Chain 3-Hydroxyacyl-CoA Dehydrgenase Deficiency is a genetic disorder that affects the synthesis of long-chain fatty acids (LAFAs) in the body. Some symptoms associated with this condition include:

1. Congenital defects: Infants with LCHAD deficiency may have congenital defects, such as brain and heart abnormalities, due to their lack of production of long-chain fatty acids (LCFA) during fetal development.

2. Severe growth retardation: In severe cases, infants with LCHAD deficiency can grow at a slow rate and have short stature.

3. Reduced body weight: Infants with LCHAD deficiency may have a lower body weight than expected for their age due to the lack of LAFA production.

4. Developmental delay: In some cases, infants with LCHAD deficiency may experience developmental delays, such as delayed speech and motor skills.

5. Cardiovascular abnormalities: Infants with LCHAD deficiency can also develop cardiovascular abnormalities due to lack of LAFA production. These can include hypotonia (low tone), congenital heart defects, and arrhythmias.

6. Gastrointestinal abnormalities: Infants with LCHAD deficiency may also have gastrointestinal abnormalities such as decreased stomach acid secretion or increased intolerance to sugars.

7. Pneumonia: Infants with LCHAD deficiency are at risk for pneumonia due to their reduced ability to produce LAFA, which can impair immune function and increase susceptibility to respiratory infections."
137,tinyllama,Long-Chain 3-Hydroxyacyl-CoA Dehydrogenase Deficiency,accumulatesMetabolite,Which metabolite accumulates in Long-Chain 3-Hydroxyacyl-CoA Dehydrogenase Deficiency?,3-Hydroxy Fatty Acids,"Long-Chain 3-Hydroxyacyl-CoA Dehydrogenase Deficiency (LC-ACHD) is the main subtype of Long-Chain Acyl-Coenzyme A Dehydrogenase Deficiency, and it affects individuals with a deficient enzyme that converts long-chain fatty acids into short-chain fatty acids. The accumulation of metabolites in LC-ACHD is caused by the lack of activity of this enzyme, resulting in an imbalance between the production and consumption of fatty acids in the body. Specifically, in individuals with LC-ACHD, the accumulation of fatty acids in various tissues and organs leads to deficiencies or abnormalities of specific metabolites involved in energy production, cellular respiration, and other pathways. Overall, this subtype of ACD is characterized by a broad range of symptoms, including metabolic disturbances, neurological defects, growth retardation, and developmental delays."
138,tinyllama,Long-Chain 3-Hydroxyacyl-CoA Dehydrogenase Deficiency,hasCausativeGene,Which gene causes Long-Chain 3-Hydroxyacyl-CoA Dehydrogenase Deficiency?,HADHA,"Long-Chain 3-Hydroxyacyl-CoA Dehydrogenase Deficiency is caused by a mutation in the LC3HCD gene. The gene, located on Chromosome 11, codes for an enzyme that participates in cellular respiration by breaking down long-chain fatty acids (such as those found in food) into short-chain fatty acids and then CO2, producing energy for the cell. Without this enzyme, long-chain fatty acid levels can build up too quickly, causing symptoms like low blood sugar, severe sleepiness, and difficulty breathing or swallowing."
139,tinyllama,Carnitine Palmitoyltransferase II Deficiency,hasInheritancePattern,What is the inheritance pattern of Carnitine Palmitoyltransferase II Deficiency?,Autosomal Recessive,"Carnitine Palmitoyltransferasase II (CPT2) Deficiency is an inherited metabolic disorder that can result in various phenotypes. The inheritance pattern for CPT2 deficiency is autosomal recessive, meaning that only one copy of the mutated gene is needed to cause symptoms.

The primary symptom of this condition is muscle weakness due to a lack of carnitine. Other symptoms may include cognitive impairment, fatigue, and joint pain in children and adults. In some cases, CPT2 deficiency can also result in hearing loss, cardiomyopathy, and nephrological abnormalities.

Due to the inheritance pattern of CPT2 Deficiency, affected individuals will need to be identified through genetic testing to avoid passing on the mutation to future generations."
140,tinyllama,Carnitine Palmitoyltransferase II Deficiency,treatedWith,How is Carnitine Palmitoyltransferase II Deficiency treated?,Low-Fat High-Carbohydrate Diet,"Carnitine palmitate-to-palmitoyltransferase (CPT) is involved in the production of carnitine, which is an important intermediary in the mitochondrial fatty acid oxidation pathway. It also plays a role in the transport of various lipid molecules, such as cholesterol and triglycerides, from the endoplasmic reticulum (ER) to the rough ER lumen (RRL).

Carnitine palmitate deficiency is an inherited metabolic disorder characterized by impaired mitochondrial fatty acid oxidation, resulting in a defective lipid synthesis and accumulation of triglycerides. The disease presents with developmental delay, seizures, and hypotonia. The treatment for carnitine palmitate deficiency is aimed at correcting the impairment in mitochondrial fatty acid oxidation. Treatment options include dietary changes that support fatty acid uptake by the cells and supplements of fatty acids or coenzymes such as butyrylcholinesterase (BCHE) to improve the ability of the liver to break down triglycerides.

Some individuals may benefit from oral administration of carnitine, while others require intravenous infusions of choline or other nutrients. In severe cases where a patient's energy production is severely impaired, surgical interventions such as liposuction or lipoectomy may be necessary."
141,tinyllama,Carnitine Palmitoyltransferase II Deficiency,hasDeficientEnzyme,Which enzyme is deficient in Carnitine Palmitoyltransferase II Deficiency?,Carnitine Palmitoyltransferase II,"The enzyme Carnitine Palmitoyltransferasase II (CPTI) Deficiency is a metabolic disorder caused by mutations in the CPTI gene, which is located on chromosome 21. Without sufficient levels of this enzyme, the body's fatty acid transport system cannot effectively remove excess carnitine and other fatty acids from cells, resulting in an accumulation of these metabolites. This deficiency can lead to a variety of physical and developmental abnormalities, including growth retardation, muscle weakness, heart defects, and intellectual disability."
142,tinyllama,Carnitine Palmitoyltransferase II Deficiency,hasSymptom,What symptoms are associated with Carnitine Palmitoyltransferase II Deficiency?,Exercise-Induced Myalgia; Rhabdomyolysis,"Carnitine Palmitoyltransferes II Deficiency is an inborn error of metabolism characterized by a deficiency or absence of carnitine palmitate transporter (CPT), also known as CPT1. In this condition, the liver cannot efficiently convert fatty acids into short-chain fatty acids (SCFA) for use as energy during exercise or in the presence of low levels of glucose. This results in a deficiency or absence of SCFA, which can lead to several symptoms such as:

1. Fatigue and exhaustion: As mentioned above, fatty acid oxidation is poorly metabolized leading to an accumulation of free fatty acids (FFA) in the body. This results in fatigue, lack of energy, and reduced exercise capacity.

2. Increased risk of heart disease: Low levels of SCFA can increase inflammation in the body leading to an increased risk of heart disease.

3. Lowered immunity: SCFA are essential for immune system function as they promote the growth and division of white blood cells. A deficiency or absence of SCFA can lead to a decreased immune response, which can result in reduced immunity.

4. Increased risk of gastrointestinal issues: Low levels of SCFA can also affect digestion leading to bloating, gas, and other gastrointestinal symptoms.

5. Increased risk of kidney stones: SCFA may accumulate in the body, particularly in the kidneys, which can result in an increased risk of kidney stone formation.

Overall, Carnitine Palmitoyltransferes II Deficiency is a complex disorder that affects several aspects of metabolism and can lead to various symptoms depending on the severity of the deficiency or absence of CPT."
143,tinyllama,Carnitine Palmitoyltransferase II Deficiency,accumulatesMetabolite,Which metabolite accumulates in Carnitine Palmitoyltransferase II Deficiency?,Long-Chain Acylcarnitines,"Carnitine Palmitoyltransferase I (CPT1) is the enzyme responsible for converting fatty acids into carnitine, which helps transport it to mitochondria for energy production. The accumulation of mutations in the CPT1 gene causes Carnitine Palmitoyltransferasie II Deficiency (CPTD), which results in a lack of enzyme activity and impaired fatty acid metabolism, leading to a number of neurological symptoms."
144,tinyllama,Carnitine Palmitoyltransferase II Deficiency,hasCausativeGene,Which gene causes Carnitine Palmitoyltransferase II Deficiency?,CPT2,"Carnitine Palmitotyrosyltransferase (CPT) is the enzyme responsible for converting long-chain fatty acids into short-chain fatty acids, which are then used by cells as an energy source. Carnitine palmitoyltransferase (CPT) II deficiency is a genetic disorder in humans that causes a lack of CPT activity, leading to accumulation of long-chain fatty acids and a reduction in the availability of short-chain fatty acids. The specific gene responsible for CPT II deficiency is known as CPTR."
145,tinyllama,Primary Carnitine Deficiency,hasInheritancePattern,What is the inheritance pattern of Primary Carnitine Deficiency?,Autosomal Recessive,"Primary carnitine deficiency (PCD) is an inherited metabolic disorder characterized by a deficiency in the enzyme, primary carnitine synthase. The inheritance pattern of PCD varies depending on the specific variant and its mutation.

Inheritance Pattern:

1. Autosomal dominant: A single gene mutation is responsible for causing PCD in an autosomal dominant manner. In this case, there is only one copy of the mutated gene in the affected individual.

2. Autosomal recessive: In this pattern, two copies of the mutated gene are necessary to cause PCD. The first gene mutation affects the normal function of another gene, usually a gene involved in ribosome biogenesis or translation.

3. X-linked: X-linked inheritance is a form of inherited disorder where the defective gene is transmitted through an X chromosome. In PCD, the deficiency occurs in the homologous X chromosome of female offspring (XO). Female offspring inherit one copy of the mutated gene from their XO copy.

4. Mitochondrial: Mitochondrial inheritance is a form of inherited disorder where the defective gene is transmitted through mitochondria, which are the organelles in cells that generate ATP (adenosine triphosphate) through oxidative phosphorylation. In PCD, the deficiency occurs in mitochondrial DNA.

5. Congenital: Congenital inheritance is a form of inherited disorder where the defective gene is transmitted from the mother to the fetus during pregnancy. The affected child will inherit one copy of the mutated gene from their mother."
146,tinyllama,Primary Carnitine Deficiency,treatedWith,How is Primary Carnitine Deficiency treated?,Carnitine Supplementation,"Primary Carnitine Deficiency (PCDeficiency) refers to a genetic disorder in which the body does not produce enough carnitine, an essential fatty acid utilized by cells to produce energy. There are two types of PCDeficiency: primary and secondary. Primary PCDeficiency is caused by a mutation in the genes responsible for producing carnitine, while secondary PCDeficiency is due to other factors that affect the body's ability to produce enough carnitine.

Primary Carnitine Deficiency (PCDeficiency) can cause several symptoms, including:

1. Decreased energy production: Carnitine helps transport fats and other compounds from the liver to muscles, where they are used for energy. In PCDeficiency, carnitine may not be available for this purpose. As a result, people with PCDeficiency may experience fatigue and decreased energy levels.

2. Fat storage: Low levels of carnitine can also lead to excessive accumulation of fat in the body. This can cause difficulty in weight loss or maintaining a healthy weight.

3. Metabolism: High levels of carnitine may affect the way the body processes other substances, leading to an increase in energy expenditure and potentially causing muscle wasting.

Primary PCDeficiency is rare but can be diagnosed through genetic testing or blood tests. Treatment typically involves supplementing with carnitine or alternative forms of exercise and diet that promote fat loss. In severe cases, surgical correction may be necessary to alleviate the effects of excessive fat storage."
147,tinyllama,Primary Carnitine Deficiency,hasDeficientEnzyme,Which enzyme is deficient in Primary Carnitine Deficiency?,OCTN2 Carnitine Transporter,"Primary Carnitine Deficiency (PCDEF) is a genetic disorder characterized by decreased production or function of carnitine, an organic acid involved in fat metabolism. PCDEF affects the carnitine transporter (CT), which is responsible for shuttling carnitine into cells to be used as a fuel source. A lack of sufficient carnitine levels can result in a variety of symptoms such as muscle weakness, fatigue, nausea, depression, and cognitive impairment. Some genes involved in the production or function of carnitine are known to be associated with PCDEF, including the carnitine transporter gene (CT), which encodes a protein that is responsible for carrying out the transport of carnitine from the blood into cells."
148,tinyllama,Primary Carnitine Deficiency,hasSymptom,What symptoms are associated with Primary Carnitine Deficiency?,Cardiomyopathy; Muscle Weakness,"Primary Carnitine Deficiency (PCBD) is a rare genetic disorder in which the body lacks or has very low levels of carnitine. The main symptom associated with PCBD is cognitive impairment, especially in children and adults who have less than the recommended daily allowance (RDA) for carnitine in their diet. This results in difficulties with memory, attention, mood, and other cognitive functions. Additionally, PCBD can cause other conditions such as liver disease, heart problems, and diabetes if not treated. Early diagnosis of PCBD is crucial to prevent more severe complications and improve outcomes."
149,tinyllama,Primary Carnitine Deficiency,accumulatesMetabolite,Which metabolite accumulates in Primary Carnitine Deficiency?,Free Carnitine (Deficient),The metabolite accumulated in Primary Carnitine Deficiency is not specified in the given text.
150,tinyllama,Primary Carnitine Deficiency,hasCausativeGene,Which gene causes Primary Carnitine Deficiency?,SLC22A5,"Primary Carnitine Deficiency (PCB) is caused by genetic mutations in genes that encode the enzymes required for carnitine transport. The specific mutations that cause PCB have not yet been identified, but they can occur in any gene."
151,tinyllama,Fabry Disease,hasInheritancePattern,What is the inheritance pattern of Fabry Disease?,X-Linked,"Fabry Diasee does not have an inheritable or non-transferable disease. The inherited condition occurs due to mutations in the ABCD2 gene and affects the liver and pancreas, leading to various symptoms such as jaundice, abdominal pain, anorexia, fatigue, and weakness. While there is no cure for Fabry Diasee, it can be managed through dietary changes, monitoring blood tests regularly, and lifestyle modifications such as limiting alcohol consumption and exercising regularly."
152,tinyllama,Fabry Disease,treatedWith,How is Fabry Disease treated?,Enzyme Replacement Therapy,"Fabry disease, also known as Pepino's disease or Niemann-Pick disease type C, is an inherited disorder of fatty acid metabolism. It causes a buildup of a substance called beta-hydroxybutyrate (BHB) in the blood, which can lead to a range of symptoms, including muscle weakness and wasting, liver damage, and intestinal problems.

Fabry disease is caused by mutations in the FBXL2 gene, which leads to defective protein synthesis that prevents BHB from being produced properly in the liver cells. This results in increased levels of beta-hydroxybutyrate (BHB), which can accumulate in the blood and cause symptoms such as fatigue, muscle weakness, and abdominal pain.

There is no cure for Fabry disease, but treatment options may include lifestyle changes, dietary restrictions, medications, and liver transplants. For those with more advanced or severe cases of the disorder, surgery may be necessary to remove damaged liver tissue or replace missing hepatic cells.

Different forms of Fabry disease have different symptoms and outcomes. Those with milder forms may only experience mild fatigue, while those with more severe forms can experience muscle wasting, intestinal problems, and abdominal pain."
153,tinyllama,Fabry Disease,hasDeficientEnzyme,Which enzyme is deficient in Fabry Disease?,Alpha-Galactosidase A,"Certainly! The Fabry disease is an inherited form of gallstones called alpha-galactosidase A deficiency, also known as GM1 gangliosidosis. The enzyme responsible for producing a specific type of glycolipid that is essential for bile production in the liver is involved in Fabry disease. Specifically, the enzyme is deficient in Fabry patients due to mutations in the alpha-galactosidase A gene, which produces an abnormal version of this enzyme."
154,tinyllama,Fabry Disease,hasSymptom,What symptoms are associated with Fabry Disease?,Angiokeratoma; Neuropathic Pain; Renal Failure,"Fabry Disease is a rare genetic disorder caused by the absence of an enzyme called alpha-galactosidase A (GAA), which is essential for breaking down fats and proteins in cells. The lack of this enzyme leads to the accumulation of free fatty acids in the bloodstream, leading to symptoms that vary depending on the severity of the disease. Here are some common symptoms:

1. Weight Loss: Patients with Fabry Disease may lose a significant amount of weight due to the accumulation of fat in their tissues and organs.

2. Cardiac Symptoms: Some patients with Fabry Disease experience heart failure due to the buildup of fluid in the lungs, leading to chest pain, shortness of breath, and difficulty breathing.

3. Hearing Loss: In some patients, hearing loss may occur due to the accumulation of fluid in the ear, causing tinnitus or hearing loss.

4. Kidney Failure: Some patients with Fabry Disease have kidney damage due to the buildup of urates (uric acid) in their bodies, leading to renal failure.

5. Severe Joint Pain: Patients with Fabry Disease experience joint pain due to inflammation and tissue breakdown, which can lead to arthritis or osteoarthritis.

6. Nerve Damage: Some patients with Fabry Disease may experience nerve damage due to the buildup of free fatty acids in their nerves, leading to peripheral neuropathy (nerve damage that affects the hands and feet).

7. Blood Clots: Blood clots can form in the lung or other organs due to the accumulation of fats in blood vessels. This can lead to an increased risk of stroke or heart attack, especially if untreated."
155,tinyllama,Fabry Disease,accumulatesMetabolite,Which metabolite accumulates in Fabry Disease?,Globotriaosylceramide,"The metabolite of Fabry disease is not specific to any one molecule or mechanism involved in the disorder, and therefore it does not accumulate in the Fabry Disease. The accumulation of various substances within cells and organs of affected individuals with Fabry Disease has been observed, but these substances do not consist solely of the metabolite. It is not clear what any particular molecule or mechanism involved in Fabry disease could specifically accumulate in."
156,tinyllama,Fabry Disease,hasCausativeGene,Which gene causes Fabry Disease?,GLA,"Fabry disease, also known as hereditary angioedema (HAE), is caused by mutations in the Fabry gene, which is located on the Xq26.2 chromosome. The Fabry gene produces a protein called alpha-galactosidase A, which contributes to the inflammation and swelling that occur in HAE. In people with Fabry disease, the production of this protein becomes abnormal or disrupted, leading to a buildup of fluid and waste products in various organs, including the lungs, liver, kidneys, and brain."
157,tinyllama,Gaucher Disease,hasInheritancePattern,What is the inheritance pattern of Gaucher Disease?,Autosomal Recessive,"Gauche r Disease (GCD) is a parasitic disease caused by Taenia solium, which is one of the most common and prevalent parasites worldwide. The disease has an inheritance pattern that involves two main classes of genes: the ""host"" gene (Rh1) and the ""parasite"" gene (Ak).

GCD's host gene (Rh1) is inherited in an autosomal recessive manner, which means that for individuals with a heterozygous form of the gene (i.e., having two copies of Rh1), one copy of the gene must be present to exhibit symptoms of disease. The parasite gene (Ak) is inherited in an X-linked dominant fashion. Therefore, males are at higher risk for acquiring the pathogen since their parents carry the disease gene.

GCD is caused by exposure to Taenia solium tapeworm eggs through contaminated food or water sources, often during childhood. Symptoms of GCD may not appear until many years after exposure and can be mistaken for other common infectious diseases such as malaria or typhoid fever.

The inheritance pattern of the disease is important in determining its prevalence, severity, and treatment options. Understanding this pattern can help healthcare providers develop effective prevention strategies and treatments to minimize the impact of GCD on affected individuals."
158,tinyllama,Gaucher Disease,treatedWith,How is Gaucher Disease treated?,Enzyme Replacement Therapy,"Gaucher Disease (also known as GCD) is an autoimmune disorder caused by genetic mutations that impair the immune system's ability to detect and eliminate certain types of cancer cells. Treatment options for Ga Chair Disease can vary depending on the severity of the disease, but generally involve a combination of lifestyle changes (such as maintaining a healthy diet, exercise regularly, and avoiding smoking), medication (both over-the-counter and prescription), and immune system-boosting supplements like vitamins A, C, D, and E. Some drugs have been shown to help improve symptoms and slow the progression of Ga Chair Disease, but there is currently no cure for this condition."
159,tinyllama,Gaucher Disease,hasDeficientEnzyme,Which enzyme is deficient in Gaucher Disease?,Beta-Glucocerebrosidase,"Gaiche disease, also known as Gachhi disease or Hindi disease, is caused by the lack of a specific enzyme called zinc carboxylate phosphatase (ZCP). ZIP is essential for many cellular processes, including cell division, growth, and development. Gaiche disease is characterized by a variety of developmental defects, including intellectual disability, reduced body mass index, microcephaly, small head size, delayed puberty, and neurodevelopmental problems such as autism spectrum disorder, Down syndrome, and Fragile X syndrome. In severe cases, patients may suffer from seizures, coma, or death due to respiratory failure."
160,tinyllama,Gaucher Disease,hasSymptom,What symptoms are associated with Gaucher Disease?,Bone Crises; Hepatosplenomegaly,"Gauche r Disease is an acute febrile illness caused by the bacterium Bacillus subtilis and is characterized by fever, headache, myalgia (muscle pain), abdominal pain, nausea, vomiting, and sometimes diarrhea. Some of the symptoms associated with Gauche r Disease include:

1. Fever (>38°C)
2. Headache
3. Myalgia (muscle pain)
4. Abdominal pain
5. Nausea and/or vomiting
6. Diarrhea
7. Fatigue and weakness
8. Cough or shortness of breath 

Gauche r Disease is a rare and acute febrile illness caused by the bacterium Bacillus subtilis. It typically presents as fever, headache, myalgia (muscle pain), abdominal pain, nausea, vomiting, and sometimes diarrhea. The symptoms can vary depending on the severity of infection, but patients are generally hospitalized for treatment. Antibiotics may be administered to treat the infection, which is usually resolves within a few days."
161,tinyllama,Gaucher Disease,accumulatesMetabolite,Which metabolite accumulates in Gaucher Disease?,Glucocerebroside,"The metabolite that accumulates in Gauncher Disae (Gaoucher Disease) is not specified in the given text. The text only mentions that it was mentioned as a symptom of this disease, which is not explicitly stated to be one of the possible causes or effects of Gauncher Disease."
162,tinyllama,Gaucher Disease,hasCausativeGene,Which gene causes Gaucher Disease?,GBA,"Gaichte disease (also called Gaître's disease or Gaucher disease) is caused by mutations in the GLX gene, which encodes glucocerebrosidase. There are two types of Gaichte disease, including classic and variant forms. The classic form involves a triad of symptoms, including severe and progressive muscle weakness, hepatomegaly (enlargement of the liver), and bone marrow failure. The variant form is much less common and usually has fewer symptoms or no apparent abnormalities."
163,tinyllama,Pompe Disease,hasInheritancePattern,What is the inheritance pattern of Pompe Disease?,Autosomal Recessive,"Pompe disease (PPO) is an inherited disorder that causes progressive muscle wasting and atrophy in animals, particularly pigs. The inheritance pattern of Pompe disease is autosomal recessive, meaning that one copy of the gene for Pompe disease must be defective to pass on the trait to offspring.

In humans, there are two forms of Pompe disease: Pompe I and Pompe II. Pompe I is characterized by progressive muscle wasting in young animals, which typically begins before 2 years of age. The cause of Pompe I is unknown, but several genes have been identified that are suspected to play a role. Pompe II is more common in older adults and has a different onset pattern than Pompe I. It usually appears around 3-4 years old, and the signs and symptoms can be much more severe than those of Pompe I.

Pompe disease is often caused by a mutation in one of two genes: POMT1 (also known as SGCD) or POMT2 (also known as GAA). Mutations in these genes disrupt the proper formation and transport of ubiquitinated aggregates, which accumulate in muscle cells. These aggregates cause the proteins that normally bind to them (ubiquitinated proteins) to become misfolded, leading to their degradation by the proteasome. As a result, proteins that normally help transport and deliver these ubiquitinated proteins into the mitochondria, where they can be used for energy production, are unable to do so properly, resulting in muscle wasting and atrophy.

Although Pompe disease is rare in humans, it has been found in some species of animals, such as pigs and cows. In these animals, the inheritance pattern of Pompe disease is autosomal dominant, meaning that one copy of the faulty gene must be present for the trait to occur. Animals with one healthy copy of the faulty gene have a 50% chance of passing on the mutation to their offspring. Animals with two copies of the faulty gene (a recessive mutation) will usually have no offspring, since they would be unable to pass along the mutation to their progeny. However, if a dominant mutation occurs in only one copy of the gene, it is possible for two animals to inherit the disease from one another.

In summary, Pompe disease results from a mutation in one of two genes: POMT1 (also known as SGCD) or POMT2 (also known as GAA). The inheritance pattern of Pompe disease is autosomal dominant, meaning that one copy of the faulty gene must be present for the trait to occur. In animals with only one healthy copy of the faulty gene, there is a 50% chance of passing on the mutation to offspring, and animals with two copies of the faulty gene will usually have no offspring. However, if a dominant mutation occurs in only one copy of the gene, it can be passed on to offspring from both parents, leading to inheritance patterns that are similar to those seen in humans."
164,tinyllama,Pompe Disease,treatedWith,How is Pompe Disease treated?,Enzyme Replacement Therapy,"Pompe diseaase, also known as hereditary neuroaxonal dystrophy (HNAD) or Pompe disease, is a rare genetic disorder caused by mutations in the mitochondrial gene MTMR2 or MTMR1. Treatment options for Pompe disease depend on the severity and types of symptoms present. In some cases, patients may require medical intervention to control complications such as muscle weakness, fatigue, and breathing problems. There is currently no cure for Pompe disease, but researchers are working on developing therapies that could slow or halt the progression of the disease in affected individuals."
165,tinyllama,Pompe Disease,hasDeficientEnzyme,Which enzyme is deficient in Pompe Disease?,Acid Alpha-Glucosidase,"Amyotrophic Lateral Sclerosis (ALS), also known as Pompe Disease, is a progressive and terminal disease caused by the accumulation of lactic acid in muscle cells. The specific enzyme deficience associated with Pompe Disease is known as alpha-KGDH or alpha-ketoglutarate dehydrogenase (NADP+-dependent) hydrolysis. This enzyme plays an essential role in the breakdown of lactic acid in cells, causing muscle weakness and eventually death."
166,tinyllama,Pompe Disease,hasSymptom,What symptoms are associated with Pompe Disease?,Cardiomyopathy; Muscle Weakness,"Pompe Diseaase, also known as adult-onset form of Lysosomal Storage Diseases (LSDs), is a type of lysosomal storage disease that mainly affects the nervous system and kidneys. Some symptoms associated with Pompe Diseaase include:

1. Severe muscle weakness, particularly in the legs
2. Short stature or stunted growth
3. Seizures
4. Development of spinal cord abnormalities, such as herniation or compression
5. Kidney failure
6. Cardiomyopathy (heart problems)
7. Glycogen storage disorder, causing excessive glycogen accumulation in the liver and kidneys
8. Increased risk of developing other lysosomal storage diseases, such as Pompe Disease or Mitochondrial Disorders
9. Improper regulation of growth and development, leading to abnormal developmental defects or developmental delays in children with Pompe Diseaase
10. Early death due to kidney failure or cardiomyopathy, as the disease progresses over time."
167,tinyllama,Pompe Disease,accumulatesMetabolite,Which metabolite accumulates in Pompe Disease?,Glycogen,"The metabolite that accumulates in Pompe disease is called N-acetylaspartate (NAA). This type of AMPA receptor antibody, which binds to the extracellular domain of the N-terminal domain of alpha subunit of GABAA receptors, acts as a neurotransmitter in the brain and is believed to play an important role in the pathogenesis of Pompe disease. The accumulation of this molecule can cause neuron death and inflammation in affected cells, leading to damage and degeneration of neurons and muscle fibers."
168,tinyllama,Pompe Disease,hasCausativeGene,Which gene causes Pompe Disease?,GAA,"Pompe disease, also known as Pompe's disease or acid lipid storage disorders (ALSD), is caused by mutations in the ATP7A gene. This gene is located on chromosome 16 and codes for an enzyme that breaks down fatty acids in the mitochondria of cells, which are responsible for producing energy in our cells. When this enzyme is mutated or dysfunctional, it leads to accumulation of a type of fat molecule called lactate in the cells, leading to a progressive and irreversible loss of muscle and other tissues over time. This can eventually lead to death due to impaired nutrient absorption and circulation, among other complications."
169,tinyllama,Niemann-Pick Disease Type A,hasInheritancePattern,What is the inheritance pattern of Niemann-Pick Disease Type A?,Autosomal Recessive,"Niemann-Pike Disease Type A (NPDA) is an inherited disorder in which there is a mutation in the ABCD1 gene, which leads to abnormal accumulation of phospholipid molecules called ""phytochelin"" on the inner leaflet of the mitochondrial outer membrane. This accumulation can cause the production of toxic substances within the cell, leading to cell death and eventual apoptosis (programmed cell death). 

The inheritance pattern for NPDA is autosomal dominant, which means that one copy of the mutated gene is sufficient to produce a defective allele. In other words, individuals with an NPDA gene mutation have a 50% chance of passing it on to their children.

This condition may present as:
- Failure of apoptosis in cells
- Increased susceptibility to oxidative stress and free radicals
- Abnormal accumulation of phospholipids in the mitochondrial outer membrane
- Reduced functioning of mitochondria"
170,tinyllama,Niemann-Pick Disease Type A,treatedWith,How is Niemann-Pick Disease Type A treated?,Supportive Care,"Niemann-Picke Disease (also known as Niemann-Pick disease type A) is a rare genetic disorder that affects the nerve cells in the brain and spinal cord. It can cause abnormalities in the cells' transportation of cholesterol, resulting in inflammation and eventually leading to cell death. Treatment options for Niemann-Pike Disease Type A are limited. The most common treatment is a drug called lenvatinib, which helps to reduce inflammation and improve the cellular function of affected cells. In more severe cases, surgery may be required to remove affected nerve cells or replace them with healthy ones. It's important to seek medical attention for any signs or symptoms related to Niemann-Pike Disease Type A."
171,tinyllama,Niemann-Pick Disease Type A,hasDeficientEnzyme,Which enzyme is deficient in Niemann-Pick Disease Type A?,Acid Sphingomyelinase,"Niemann-Pikey (NiP) disease is an autosomal recessive disorder caused by mutations in either NRG1 or GABBA genes. NRG1 encodes a receptor protein that interacts with membrane lipids such as phosphatidylinositol 3-phosphate (PIP3) to mediate its actions, including regulation of calcium signalling and transport in the endoplasmic reticulum. GABBA encodes an enzyme that degrades sphingomyelin, a lipid product of membrane lipids. Mutations in either NRG1 or GABBA cause Niemann-Pike Disease Type A (NPD1A), which is characterised by increased phospholipid accumulation and abnormal cellular dynamics, leading to organomegaly, malformations of the cerebellum and spine, reduced muscle development, and impaired motor function."
172,tinyllama,Niemann-Pick Disease Type A,hasSymptom,What symptoms are associated with Niemann-Pick Disease Type A?,Hepatosplenomegaly; Progressive Neurodegeneration,"Niemann-Pick (Type A) Disposition is an autosomal recessive disorder caused by mutations in the NPDC gene, which encodes a type I transmembrane protein called Niemann- Pick C1. The disease causes intracranial malformations (e.g., hydrocephalus), as well as severe behavioral and emotional disturbances, seizures, developmental delay, and a high risk of premature death due to respiratory problems and poor growth.

Common symptoms include:
- Severe intellectual disability and developmental delays at birth or infancy
- Difficulty coordinating movements in the face of overwhelming emotions such as rage, aggression, and impulsivity
- Seizures with generalized tonic-clonic seizures and/or myoclonic seizures that can strike multiple times per day or week
- Slowed growth and/or poor weight gain in early childhood, possibly due to respiratory problems
- Sleep disturbances, behavioral difficulties, and decreased social skills
- Rarely, recurrent infections and/or complications from medical procedures or surgeries (e.g., lung surgery, neurological surgery)

Additional symptoms may include:
- Developmental regression
- Severe anxiety and/or depression
- Poor social skills and low self-esteem
- Abnormal facial features (e.g., small ears, large nose, bulky forehead, thin jawline)
- Obesity or hypertrichosis

Congenital malformations may include:
- Bilateral hydrocephalus
- Microcephaly (small head size)
- Congenital cardiac defects such as atrial septal defect, patent ductus arteriosis, or ventricular septal defect
- Craniofacial abnormalities including skull and face deformities, jaws that are too large or too small (macrognathism), and/or facial asymmetries

In the later stages of life, patients may experience severe neurological symptoms such as:
- Seizures
- Memory loss
- Difficulty walking or standing
- Muscle weakness and atrophy"
173,tinyllama,Niemann-Pick Disease Type A,accumulatesMetabolite,Which metabolite accumulates in Niemann-Pick Disease Type A?,Sphingomyelin,"The metabolite that accumulates in Niemann-Pick Disease Type A is called nivalenol. It is a non-toxic and safe antibody against Niemann-Pick C1 inhibitor (NPC1I), which is a protein involved in the degeneration of neurons in this disease. It has no known toxicity, is harmless, and does not cause any adverse side effects."
174,tinyllama,Niemann-Pick Disease Type A,hasCausativeGene,Which gene causes Niemann-Pick Disease Type A?,SMPD1,"Niemann-Picy Disease Type A is caused by mutations in the NPAM1 gene. This gene codes for a protein called Niemann-pick C (NPC), which is part of a complex that helps transport phospholipids (fats) between cells, particularly in the brain. Mutations in this gene can lead to the abnormal accumulation and accumulation of sphingomyelin in cells, leading to various neurological symptoms including seizures, movement disorders, and cognitive impairments."
175,tinyllama,Tay-Sachs Disease,hasInheritancePattern,What is the inheritance pattern of Tay-Sachs Disease?,Autosomal Recessive,"Taye-Saches Disease, also known as ""Taya's Disease,"" is not inherited by default but requires an inheritance pattern. Here are the steps to inherit this disease:

1. The disease must be transmitted from a family member who has Taya's Disease.
2. The offspring of the family member with Taya's Disease will also have the disease, unless they receive a vaccine or treatment.
3. Only an affected parent can pass on the disease to their children.
4. Inheritance is not automatic but requires specific circumstances for the transmission to occur.

In general, individuals with Taya's Disease are more likely to get sick and have symptoms if they are exposed to someone else with the disease than if they themselves contract the disease. This is because exposure to an infected individual can trigger an immune response in their body that leads to the development of Taya's Disease in their own cells."
176,tinyllama,Tay-Sachs Disease,treatedWith,How is Tay-Sachs Disease treated?,Supportive Care,"Taye Saa's Disea (also known as Tay-Saa's Disease) is an acute and severe skin disease that primarily affects the face, neck, and hands. The symptoms of Taey-Saa's Disea include redness, itching, and flaking skin, which worsen over time. The main causes of Tay-Saa's Disease are infected cuts or scratches, exposure to harsh sunlight or tanning beds, and prolonged use of makeup or hair dyes containing formaldehyde. Treatment for Tay-Saa's Disease involves using topical creams or ointments, applying moisturizer, avoiding touching the affected areas, using a sunscreen with SPF 15 or higher, and monitoring your skin regularly for signs of infection or worsening symptoms. It is crucial to follow the instructions on the prescription medication bottle carefully and seek medical attention if you experience any severe or unexplained symptoms, such as fever, swelling, or skin bleeding."
177,tinyllama,Tay-Sachs Disease,hasDeficientEnzyme,Which enzyme is deficient in Tay-Sachs Disease?,Hexosaminidase A,"Taylor-Sachs disease (TSD) is caused by mutations in the GATA2 gene that lead to a deficiency of the immune cell differentiation factor GATA2. The specific enzyme deficience due to TSD is unknown, but researchers have identified several enzymes involved in the normal regulation of bone and connective tissue formation."
178,tinyllama,Tay-Sachs Disease,hasSymptom,What symptoms are associated with Tay-Sachs Disease?,Cherry-Red Spot; Progressive Neurodegeneration,"Taeyeon Syndrome (TaS) is a rare disorder that affects the nervous system and can cause a wide variety of symptoms. Some common ones include:

1. Seizures
2. Parkinsonian-like movements or tremors
3. Dystonia (contorted or twisted muscles)
4. Tics (spasms, repeated movements)
5. Abnormal movements of the face and jaw
6. Neurological deficits, such as difficulties with walking or balance
7. Vision problems (blurred vision, double vision, difficulty seeing in one eye)
8. Sudden changes in behavior (such as aggression or fearfulness)
9. Loss of coordination and balance
10. Sleep disturbance (difficulty falling or staying asleep)
11. Psychiatric symptoms (depression, anxiety)
12. Fatigue
13. Loss of appetite
14. Mood swings

TaS can affect people of all ages and genders, but it's more common in adults aged 30 to 50 who have experienced trauma or stressful life events."
179,tinyllama,Tay-Sachs Disease,accumulatesMetabolite,Which metabolite accumulates in Tay-Sachs Disease?,GM2 Ganglioside,"The metabolite that accumulates in Taey-Saach's Disease is likely the fungus Rhizopus oryzae, which is a common cause of rice straw disease in paddy fields."
180,tinyllama,Tay-Sachs Disease,hasCausativeGene,Which gene causes Tay-Sachs Disease?,HEXA,"Taylor-Saachs disease (TSa) is caused by mutations in the TSEN3 gene, also known as MUSLE (Mutations in Ubiquitin Ligase Effector)."
181,tinyllama,Krabbe Disease,hasInheritancePattern,What is the inheritance pattern of Krabbe Disease?,Autosomal Recessive,"Krabbé Disae, a Dutch cheese company, has adopted a modernized and more efficient distribution network model in recent years. The new model includes several changes to the traditional ownership structure that used a cooperative approach to distribute Krabbé Disae worldwide. In summary:

1. The co-op model is replaced by a hybrid model that includes both private equity investors and employees as shareholders in the business.
2. Krabbé Disae partners with its distributors to create a more efficient and cost-effective distribution network worldwide.
3. This new system eliminates the need for significant capital infusions, reducing the cost of doing business.
4. The company expects this hybrid model to become the norm in the future.

This reorganization process has resulted in a new set of partners and shareholders that have a better understanding of the value chain and are more involved in the day-to-day operations of the company."
182,tinyllama,Krabbe Disease,treatedWith,How is Krabbe Disease treated?,Hematopoietic Stem Cell Transplant,"Krabbedise is not a disease, and there is no treatment for Krabbedise. It is a fictional condition invented by the author of the novel, but it has become an integral part of its storyline, which is meant to be taken seriously by readers. Krabbedise is a supernatural occurrence caused by the protagonist's desire to rid his world of humans, and it plays a major role in the novel.

While it may not exist in real life, Krabbedise serves as a cautionary tale about the dangers of people who stray too far from their true nature and the destructive consequences that can ensue when such desires are not tempered by reason or self-reflection."
183,tinyllama,Krabbe Disease,hasDeficientEnzyme,Which enzyme is deficient in Krabbe Disease?,Galactocerebrosidase,Krabby Disease (also known as Salmonellosis) is caused by Salmonella typhimurium. The specific enzyme that is deficient in Krabby Disease is the protease Serratia proteinase 2 (SP2).
184,tinyllama,Krabbe Disease,hasSymptom,What symptoms are associated with Krabbe Disease?,Demyelination; Irritability,"Krabbé Disease is a rare autoimmune condition that primarily affects young children and can cause several symptoms, including:

1. Developmental delays or developmental regression
2. Severe developmental disabilities such as severe delayed speech, delayed motor skills, poor feeding habits, and behavior problems
3. Scalp hypopigmentation (darkening of the scalp)
4. Eczema (inflammation of the skin)
5. Eye abnormalities such as eye papules or macular telangiectasias (reddish spots on the eye surface)
6. Abdominal pain or swelling in the abdomen
7. Neuropsychiatric symptoms including behavioral problems, anxiety, depression, and mood swings
8. Hypothyroidism (underactive thyroid gland), often accompanied by autoimmune thyroiditis (an inflammatory disorder of the thyroid gland) 
9. Increased risk for certain types of cancers such as breast cancer
10. Nephrotic syndrome (severe kidney inflammation)

Krabbé Disease is typically diagnosed by a healthcare professional who specializes in the genetics and developmental disabilities. Treatment depends on the severity of symptoms and will usually involve medication, nutritional support, and therapy to help with communication and motor skills."
185,tinyllama,Krabbe Disease,accumulatesMetabolite,Which metabolite accumulates in Krabbe Disease?,Psychosine,"Krabb Disae (a small deserted town) is the only metabolite that appears in the text ""The Mime's Curse"" (the story that inspired this prompt). Krabb Disae represents a place of death and destruction, with its own set of curses and dangers. It is not explicitly stated when Krabb Disae accumulates, but it likely grows due to the town's abandonment and decrepit conditions over time."
186,tinyllama,Krabbe Disease,hasCausativeGene,Which gene causes Krabbe Disease?,GALC,"Krabbé Disease is caused by the mutation in the gene for the gene that produces the protein, LAT, which is responsible for regulating the activity of the enzyme, SCF. The LAT gene mutation results in a loss-of-function variant that inactivates the gene, causing the phenotype characteristic of Krabbé Disease."
187,tinyllama,Metachromatic Leukodystrophy,hasInheritancePattern,What is the inheritance pattern of Metachromatic Leukodystrophy?,Autosomal Recessive,"Metachromatic Leukodystrophy (MLP) follows a non-monotonic inheritance pattern, which means that the probability of an individual inheriting a trait based on their genetic makeup changes with their genome size. This has important implications for evolutionary biology and genomics. 

In terms of MLP, offspring inherit traits from both their mother (maternal allele) and father (paternal allele), regardless of their own genome size. The trait is inherited in a non-monotonic manner with the maternal allele being more dominant than the paternal allele. 

The inheritance pattern of MLP has important implications for understanding evolutionary biology and genomics, as it suggests that genetic changes can arise from the combination of genetic mutations within an individual and the environment in which they are exposed to. Additionally, MLP is one of several examples of a trait being inherited non-monotonically due to differences in the effectiveness of genome size at influencing genetic inheritance."
188,tinyllama,Metachromatic Leukodystrophy,treatedWith,How is Metachromatic Leukodystrophy treated?,Hematopoietic Stem Cell Transplant,"Metachromatic Leukodystrophy is an uncommon, but potentially life-threatening disease caused by a mutation in the MCL gene. This gene plays a crucial role in regulating chromatin structure and DNA replication. When mutations in this gene occur, they can cause aberrant changes to chromatin structure, which can lead to genetic instability and the development of diseases like cancer and other disorders. Treatment for Metachromatic Leukodystrophy is currently unknown as there are no approved drugs specifically targeting this mutation. However, researchers are investigating potential treatments based on the underlying mechanism of the disease."
189,tinyllama,Metachromatic Leukodystrophy,hasDeficientEnzyme,Which enzyme is deficient in Metachromatic Leukodystrophy?,Arylsulfatase A,"Metachromatic Leukodystrophy (MLD) is not an enzyme, but rather a type of carbohydrate found in some plants. MLD is produced by several species of white-rot fungi and can play a role in various biological processes such as photosynthesis and plant defense against pathogens. However, there is no known deficiency associated with MLD deficiency, and it is not considered an enzyme deficient by the International Union of Biochemistry and Molecular Biology."
190,tinyllama,Metachromatic Leukodystrophy,hasSymptom,What symptoms are associated with Metachromatic Leukodystrophy?,Demyelination; Gait Disturbance,"Metachromatic Leukodystrophy is characterized by the presence of abnormal, yellowish or orange-yellow spots on various body parts, such as skin, mucous membranes (such as mouth and throat), eyes, ears, nose, lungs, blood vessels, and gums. These spots can be itchy, burning or painful to the touch, and they may also cause a dry, cracked or flaky appearance on the skin. In addition, hyperpigmentation, telangiectasias (small, irregular vessels that are visible through the skin), and red, inflamed patches can sometimes occur as well. The exact cause of Metachromatic Leukodystrophy is not known, but it may be caused by a genetic defect or an environmental exposure to a substance such as lead or mercury. Some people with the condition may also experience difficulty in breathing due to their increased airway resistance."
191,tinyllama,Metachromatic Leukodystrophy,accumulatesMetabolite,Which metabolite accumulates in Metachromatic Leukodystrophy?,Sulfatide,"In Metachromatic Leukodystrophy, the metabolite is a non-metabolizable tRNA that plays an essential role in protein synthesis. The accumulation of this tRNA is not specific to any specific species or pathway within this system, but is rather a universal feature of all organisms, including those without DNA and RNA."
192,tinyllama,Metachromatic Leukodystrophy,hasCausativeGene,Which gene causes Metachromatic Leukodystrophy?,ARSA,"Metachromatic Leukodystrophy is caused by mutations in the MCD1 gene. The MCD1 gene encodes a protein that plays a role in regulating the production of cytokines and other signaling molecules in immune cells. Mutations in this gene can lead to abnormalities or deficiencies in these processes, resulting in various autoimmune and inflammatory disorders."
193,tinyllama,Mucopolysaccharidosis Type I (Hurler Syndrome),hasInheritancePattern,What is the inheritance pattern of Mucopolysaccharidosis Type I (Hurler Syndrome)?,Autosomal Recessive,"Mucopolysaccharidosis Type I (Hurlers Syndrome) does not have a defined inheritance pattern or pattern for passing on the disease. The disease is caused by mutations in the SYNPO gene, which produces a protein called synaptotagmin 1 (SynAP1). Mutations in SynAP1 cause defects in neurotransmitter signaling, leading to seizures and epilepsy, along with other symptoms such as developmental delay, learning disabilities, and intellectual impairment. Therefore, there is currently no information available on how genetic mutations can affect the inheritance pattern of this disease."
194,tinyllama,Mucopolysaccharidosis Type I (Hurler Syndrome),treatedWith,How is Mucopolysaccharidosis Type I (Hurler Syndrome) treated?,Enzyme Replacement Therapy,"Mucopolysaccharidosis Type I (Hurlers Syndrome), also known as Hurlers' disease, is a rare genetic disorder characterized by the accumulation of large amounts of polysaccharides in various organs. In individuals with Mucopolysaaccharosis type I (Hurlers Syndrome), treatment usually involves pharmacological interventions to decrease inflammation and reduce the production of large amounts of polysaccharide in various organs.

These interventions may include oral medications, immunosuppressive agents, or surgical procedures such as the removal of affected organs or tissues. In some cases, gene therapy may also be used to correct the genetic mutation associated with Hurlers Syndrome, although this approach has not yet been tested in humans. Overall, treatment for Hurlers Syndrome focuses on reducing inflammation and minimizing the production of polysaccharide, which is believed to play a key role in the disease process."
195,tinyllama,Mucopolysaccharidosis Type I (Hurler Syndrome),hasDeficientEnzyme,Which enzyme is deficient in Mucopolysaccharidosis Type I (Hurler Syndrome)?,Alpha-L-Iduronidase,The enzyme deficient in Mucopolypsaccharidosis Type I (Hurlers Syndrome) is called alpha-L-amino-2-hydroxyglutarate.
196,tinyllama,Mucopolysaccharidosis Type I (Hurler Syndrome),hasSymptom,What symptoms are associated with Mucopolysaccharidosis Type I (Hurler Syndrome)?,Coarse Facial Features; Hepatosplenomegaly,"Mucopolysaccharidosis Type I (Hurlers Syndrome), also known as Muco-synovial disease, is a rare connective tissue disorder characterized by thickening and enlargement of joints. It mainly affects children and young adults between the ages of 6 to 20 years old, and symptoms may include:

1. Joint swelling or tenderness
2. Pain when moving joints
3. Limited range of motion
4. Inflammation
5. Fatty tissue (lymphadenopathy) around the joints
6. Redness, swelling, and warmth under the skin near the affected joint(s)
7. Muscle weakness
8. Decreased bone mass
9. Limited motion in the affected joint(s)
10. Slow or irregular healing of the joint
11. Increased inflammation and pain around the joint(s)

Muco-synovial disease may also cause other symptoms, such as difficulty breathing, headaches, and dizziness, especially in children. It is not contagious or infectious.

Symptomatic treatment of Mucopolysaaccharidosis Type I typically involves medical management. This includes:

1. Rest and gentle exercise
2. Anti-inflammatory drugs (such as ibuprofen, diclofenac)
3. Corticosteroid injections into the affected joint(s)
4. Physical therapy
5. Surgery if symptoms persist or get worse
6. Consultation with a dermatologist to manage any skin changes seen
7. Support groups for patients and families
8. Medications to prevent further joint damage (e.g., NSAIDs)

In rare cases, amputation of the affected joint(s) may be necessary."
197,tinyllama,Mucopolysaccharidosis Type I (Hurler Syndrome),accumulatesMetabolite,Which metabolite accumulates in Mucopolysaccharidosis Type I (Hurler Syndrome)?,Dermatan Sulfate,"The metabolite that accumulates in Mucopolysaaccharidosis Type I (Hurlers Syndrop Me) is not yet known. This rare and genetically-defined condition has only been observed in a single case report from Switzerland published in the Journal of Medical Genetics in 2013. Therefore, there is no specific metabolite for this disease type identified to date."
198,tinyllama,Mucopolysaccharidosis Type I (Hurler Syndrome),hasCausativeGene,Which gene causes Mucopolysaccharidosis Type I (Hurler Syndrome)?,IDUA,"MucoPolySaccharosis Type I (Hurlers Syndrome) is caused by mutations in the ACTA2 gene. This gene is located on the X chromosome and is responsible for producing a protein called alpha-1,3-glucan, which helps protect against fungal infections. Mutations in this gene cause the overproduction of alpha-1,3-glucan, leading to a buildup of this substance in tissues such as the lungs and gastrointestinal tract. The condition typically affects individuals with a dominant mutation in the ACTA2 gene."
199,tinyllama,Mucopolysaccharidosis Type II (Hunter Syndrome),hasInheritancePattern,What is the inheritance pattern of Mucopolysaccharidosis Type II (Hunter Syndrome)?,X-Linked,"Mucopolysaccharidosis Type II (Hunter Syndrome) follows an autosomal recessive pattern of inheritance, which means that to have the disease, you must have one copy of the mutated gene from each parent. If both parents are carriers, their children will also be carriers. In most cases, this means that if both parents carry the mutation, their offspring will also carry it. However, there may be a small chance for non-carriers to inherit the mutation and develop the disease.

The inheritance pattern of Mucopolysaccharidosis Type II can be divided into three types based on how often each parent carries the mutation:

1. Rare: In this type, one or both parents must carry the mutation for their offspring to develop the disease. This is the most common form of inheritance and affects approximately 50% of carriers.

2. Dominant: In this type, each parent carries the mutation but it does not affect their offspring. This type is more common than rare because it represents the majority of carriers, with around 70% or more affected in the population.

3. Recessive: In this type, both parents must carry the mutation for their offspring to develop the disease. It is also very common, affecting approximately 95% of affected individuals.

The inheritance pattern of Mucopolysaccharidosis Type II can be further divided into two types based on how often the disease occurs in each individual:

1. Sporadic: In this type, Muco Polyps occur in one or both parents but do not affect their offspring's development. It is more common than rare and affects approximately 20-30% of affected individuals.

2. Familial: In this type, Muco Polyps occur in one parent but are passed on to the next generation. This is the most severe form of inheritance, affecting approximately 15-20% of affected individuals. It involves multiple generations and can have a more severe impact on their development.

As with all inherited conditions, the inheritance pattern of Mucopolysaccharidosis Type II will vary between individuals and may even change over time."
200,tinyllama,Mucopolysaccharidosis Type II (Hunter Syndrome),treatedWith,How is Mucopolysaccharidosis Type II (Hunter Syndrome) treated?,Enzyme Replacement Therapy,"Mucopeolysaaccharidosis Type II (Hunter Syndrome) is a rare genetic disorder caused by mutations in the SYN1 gene. Treatment for Hunter Syndrome varies based on the specific type of the mutation. Here are some options:

1. Medical management: Symptoms may not show up until later stages of the disease, and medical management with medications like prednisone or azathioprine may be helpful to improve overall symptom control. However, these treatments can have side effects, such as weight gain and skin rashes.

2. Gene therapy: A gene therapy called Synthetix is currently being evaluated for Hunter Syndrome. This treatment uses a modified version of the mutated SYN1 gene to replace it with a healthy one. While gene therapies are not approved for general use, early clinical trials have shown promising results in treating some forms of Hunter Syndrome.

3. Lifestyle management: Avoiding certain foods or lifestyle factors that may worsen symptoms is an option for managing Hunter Syndrome. However, this approach may not be effective for everyone, and it requires careful monitoring of diet and lifestyle changes to avoid complications.

4. Immunomodulatory therapy: In cases where the underlying cause of the syndrome cannot be identified or treated, immunomodulation therapies such as plasma exchange or high-dose corticosteroids may be used to stabilize or improve the overall symptoms of the disease. However, these treatments have not yet been approved for general use and may carry risks.

In some cases, lifestyle management may not be enough, and patients may require additional supportive care options such as physical therapy, occupational therapy, or speech therapy. These treatments aim to help individuals with Hunter Syndrome maintain independence, quality of life, and improve their overall health and well-being."
201,tinyllama,Mucopolysaccharidosis Type II (Hunter Syndrome),hasDeficientEnzyme,Which enzyme is deficient in Mucopolysaccharidosis Type II (Hunter Syndrome)?,Iduronate-2-Sulfatase,"The enzyme which is deficient in Mucopolytaaccharidosis Type II (Hunter Syndrome) is glycosyltransferase. Glycosyltransferases catalyze the transfer of a carbohydrate group from one molecule to another, resulting in the formation of glycans (linked sugar molecules), which are important for cell membrane function and tissue growth. Without these enzymes, the glycans present in cells may not be properly assembled or distributed, leading to the symptoms associated with Mucopolytaaccharidosis Type II."
202,tinyllama,Mucopolysaccharidosis Type II (Hunter Syndrome),hasSymptom,What symptoms are associated with Mucopolysaccharidosis Type II (Hunter Syndrome)?,Coarse Facial Features; Joint Stiffness,"Mucopolyhaearidosis Type II (Hunter Syndrome) is a rare congenital condition that affects the growth and development of the ear. The following are some common symptoms associated with this condition:

1. Ears: In some cases, the ears may be flat or deformed.

2. Skull: In some cases, the skull may be distorted or misshapen.

3. Facial features: Infants born with Mucopolyhaearidosis Type II usually have a wide-set, elongated face and a flat forehead.

4. Eye movement: Children with Mucopolyhaearidosis Type II may have abnormal eye movements or require surgery to correct their eyes.

5. Language development: In some cases, children with Mucopolyhaearidosis Type II may experience delayed language development and speech problems.

6. Physical growth: The growth rate of children born with Mucopolyhaearidosis Type II is often slower than normal.

7. Medical treatment: Some children with Mucopolyhaearidosis Type II require medical treatments to manage their symptoms, such as medication or surgery.

8. Complications: In some cases, complications may arise due to the type of surgery required for correcting ear growth or speech problems.

9. Infancy and childhood: Mucopolyhaearidosis Type II is a lifelong condition that affects children from birth until adolescence or early adulthood."
203,tinyllama,Mucopolysaccharidosis Type II (Hunter Syndrome),accumulatesMetabolite,Which metabolite accumulates in Mucopolysaccharidosis Type II (Hunter Syndrome)?,Heparan Sulfate,"The metabolite accumulating in Mucopolysaaccharidosis Type II (Hunter Syndrop Me) is not specified in the given material. It is mentioned that ""Hunter Syndrop Me"" is a brand name for the Hunter SynDrop polysaccharide complex, which contains the mucolic acid HA-II, 18S-polysaccharide, and HA-2."
204,tinyllama,Mucopolysaccharidosis Type II (Hunter Syndrome),hasCausativeGene,Which gene causes Mucopolysaccharidosis Type II (Hunter Syndrome)?,IDS,"Mucopolyhaemoglobin, also known as Hunter Syndrop or Syndrop, is the cause of Mucopolysaaccaridosis Type II (Hunter Syndrop). The disorder involves the accumulation of high levels of alpha-thalassemia in the blood due to mutations in the HPS1 gene. Alpha-thalassemia is a genetic condition that results in an abnormality in the production of hemoglobin, which is essential for transporting oxygen throughout the body. The accumulation of alpha-thalassemia leads to increased red blood cell (RBC) formation and, consequently, a high concentration of iron within RBCs, leading to iron overload and the development of iron chlorosis in the skin, eyes, hair, and bones. In HPS1-deficient subjects, this process leads to accumulation of alpha-thalassemia and an accumulation of iron in various tissues, including the brain and other organs."
205,tinyllama,Fucosidosis,hasInheritancePattern,What is the inheritance pattern of Fucosidosis?,Autosomal Recessive,"Fucoidosis, also known as Fucoidanosis or Fucoxanthinosis, is a rare inherited disorder caused by genetic mutations that result in impairment of the exopolysaccharide biosynthetic pathway, which leads to abnormal production and accumulation of fucoidan. The inheritance pattern of this disease is autosomal recessive with an X-linked dominant mode of transmission. Patients with Fucoidosis usually exhibit symptoms within the first months of life such as feeding difficulties, developmental delay, seizures, and blindness. In some cases, however, patients may not exhibit any noticeable clinical signs or develop late onset of symptoms that include hearing loss, motor impairments, ataxia, cognitive deficits, diabetes, and tumors."
206,tinyllama,Fucosidosis,treatedWith,How is Fucosidosis treated?,Supportive Care,"Fucosidosis, also known as cerebral fibrillation or intracranial fibrillation, is a rare condition that affects the nerve cells in the brain. It is not treatable with medications or surgery, but there are some symptoms and treatment options available for patients.

In general, the symptoms of Fucosidosis can include seizures, confusion, difficulty with speaking or understanding language, and visual disturbances (such as blurry vision). These symptoms may worsen over time, leading to developmental delays, intellectual disabilities, and cognitive impairment.

Treatment options for Fucosidosis include medications to control seizures and improve motor function, physical therapy to help with speech and swallowing, and behavioral therapies to teach communication skills and improve overall quality of life. Support groups and online resources can also be helpful for patients and their families.

If a patient is experiencing severe symptoms or develops complications, they should seek medical attention immediately. If you have any concerns about your loved one's health or well-being, it's best to consult with a healthcare professional."
207,tinyllama,Fucosidosis,hasDeficientEnzyme,Which enzyme is deficient in Fucosidosis?,Alpha-L-Fucosidase,"Fucoidan synthase (FE27) is the enzyme that deficiency in fucoidans leads to, as it produces the bioactive compound fucoidan. FE27 is a component of the cell wall of brown algae, such as fucoidans, and it plays an important role in their growth, structure, and bioactivity. In Fucosidosis, the deficiency in FE27 leads to the production of abnormal amounts of fucoidan, which can lead to various clinical manifestations, including abdominal pain, anorexia, vomiting, diarrhea, dehydration, and electrolyte imbalance."
208,tinyllama,Fucosidosis,hasSymptom,What symptoms are associated with Fucosidosis?,Angiokeratoma; Coarse Facial Features,"Fucoidosis is a rare, genetic disorder that affects the skin and has several associated symptoms:

1. Skin lesions: Severe and persistent itching or inflammation of the skin, most commonly found on the face, scalp, and body, leading to blistering, bullous, and pustular eruptions.

2. Eye problems: Sometimes, patients have eye issues such as glaucoma, cataracts, or corneal dystrophy.

3. Nervous system abnormalities: Some patients with Fucoidosis may experience nervous system abnormalities, including depression, anxiety, and mood swings, which can manifest in different ways such as irritability, sleep disturbances, and increased susceptibility to stressful situations.

4. Cardiovascular disorders: In some patients, Fucoidosis can lead to an enlarged heart, causing dizziness, heart palpitations, and other cardiac symptoms.

5. Hematological abnormalities: Some patients may experience hematological abnormalities such as thrombocytopenia (low platelets) or anemia due to the presence of hemosiderin (red blood cells).

6. Gastrointestinal issues: In some patients, Fucoidosis can lead to gastrointestinal issues such as abdominal pain, nausea, and vomiting.

7. Skin-related issues: Some patients may experience skin changes such as hyperpigmentation (darkening), telangiectasia (small capillary beds on the face and scalp), or sun sensitivity, which can make them more prone to developing solar keratoses."
209,tinyllama,Fucosidosis,accumulatesMetabolite,Which metabolite accumulates in Fucosidosis?,Fucose-Containing Glycolipids,"The metabolite accumulates in the liver of Fucoids, which are marine algae with symbiotic relationships with certain fish species, known as the ""living organisms"" mentioned in the text. Specifically, fucoid algae produce a polysaccharide called pteriosis that is stored within their cell walls, which can accumulate in the liver of Fucus algae and potentially cause liver damage or death if not removed by the fish."
210,tinyllama,Fucosidosis,hasCausativeGene,Which gene causes Fucosidosis?,FUCA1,"Fucosidosis is caused by mutations in the FUT1 gene, which belongs to the RNA-binding proteins family. The specific mutation(s) that cause this disease have not been identified yet. However, researchers have identified mutations in several genes that may contribute to Fucosidosis, including:

1. FUT1
2. LAT1 (Lamellated Adenylyl TRNA Synthetase 1)
3. PIGG (Protein Isoforms of Glycine Gamma, C-Cuticle-Specific Proteins)
4. PARK7 (Parkinson’s Disease-Related Protein 7)
5. MAP2 (Membrane Anchored Protein 2)

These genes are involved in the transport and synthesis of adenosine triphosphate (ATP), a molecule that is essential for proper cellular function. Mutations in these genes can lead to defects in the production or transport of ATP, which can contribute to Fucosidosis.

While the exact cause of Fucosidosis is not fully understood, studies have suggested that mutations in FUT1 could play a role in this disease. However, more research is needed to identify the specific genes and mutations involved in Fucosidosis, which can help in developing targeted therapies for this disorder."
211,tinyllama,Glycogen Storage Disease Type I (Von Gierke Disease),hasInheritancePattern,What is the inheritance pattern of Glycogen Storage Disease Type I (Von Gierke Disease)?,Autosomal Recessive,"Glucose-6-phosphatase deficiency, also known as Von Hippel-Lindau (VHLD) type I, is a rare inherited disorder that leads to glucose accumulation in the liver and other organs. The inheritance pattern of VHLD I involves an autosomal dominant gene with autoreactive activity, which means that the mutation is present in both copies of the affected gene and can pass on to one or more offspring without the need for passing on a physical characteristic or trait. In this case, the condition results from a lack of functional GlcNAb-6Pase enzyme caused by missing or misspelled exons of the VHLD1 gene. Inherited from both parents, this disorder is passed down through an autosomal dominant pattern of inheritance, which means that it occurs with a 50% chance for each succeeding generation."
212,tinyllama,Glycogen Storage Disease Type I (Von Gierke Disease),treatedWith,How is Glycogen Storage Disease Type I (Von Gierke Disease) treated?,Uncooked Cornstarch Therapy,"Glucose storage disease type I, also known as Von Kleinschmidt's disease or von guckkas disease, is a rare genetic disorder that involves an imbalance in glucose metabolism. It primarily affects children and young adults, resulting in developmental delay, intellectual disability, and other health problems. Treatment for this condition focuses on managing the symptoms caused by the imbalance of glucose in the body, including the following:

1. Diagnosis and monitoring: Glucose storage disease type I is usually diagnosed during infancy through early childhood. A detailed medical history and physical examination should be done to identify any abnormalities in feeding, growth, or behavior. Monitoring glucose levels, specifically overnight, can help detect hypoglycemia early on.

2. Nutritional support: Glucose storage disease type I requires strict nutrition to maintain optimal body weight and growth rates. A high-calorie, low-carbohydrate diet with supplemental glucose is usually recommended. The recommended daily calorie intake for a 10-year old child is around 6000 calories/day.

3. Medication: Glucose storage disease type I can also be treated with medication, which includes metformin (Glucophage), sulfonylureas (Insulin), or insulin sensitizers (Micronase). These medications work by improving glucose uptake and utilization in the liver, pancreas, and muscles.

4. Physical therapy: Glucose storage disease type I can also benefit from physical therapy to help improve physical functioning. Exercise, strength training, and balance training can help improve cardiovascular health, flexibility, and balance.

5. Support groups: Joining support groups for families with children with glucose storage diseases can provide a community of understanding and empathy. These groups may offer educational sessions on managing symptoms, treatment options, and resources."
213,tinyllama,Glycogen Storage Disease Type I (Von Gierke Disease),hasDeficientEnzyme,Which enzyme is deficient in Glycogen Storage Disease Type I (Von Gierke Disease)?,Glucose-6-Phosphatase,"The enzyme most commonly deficient in Glucogen Storage Disorder Type I, a group of disorders caused by mutations in genes that code for glucose transporters called ATP7A or GLUT9, is called G6PDdef. G6PDdef is an antioxidant enzyme that helps prevent the oxidative damage to cellular materials caused by excess oxygen, such as during exercise and in the presence of certain drugs. This type of deficiency can be found in individuals with a rare inherited disorder called Von Haeusler's syndrome."
214,tinyllama,Glycogen Storage Disease Type I (Von Gierke Disease),hasSymptom,What symptoms are associated with Glycogen Storage Disease Type I (Von Gierke Disease)?,Hepatomegaly; Hypoglycemia,"Glucose (blood sugar) storage disorder type I (Von Hippel-Lindau Disease, VHL) is a rare genetic disorder characterized by an overabundance of glucose in the blood due to abnormal cellular metabolism. Here are some symptoms associated with Von Hippel-Lindau Disease Type I:

1. Loss of vision due to glaucoma or retinal detachment caused by high levels of glucose.
2. Redness and soreness in the affected eye(s) as a result of increased pressure inside the eye, leading to blindness.
3. Eye pain with blurred or dark spots in the center of the field.
4. Increased sensitivity to light, resulting in night blindness.
5. Certain types of cancer (such as melanoma) may develop later in life due to increased risk associated with high levels of glucose.
6. Deafness or hearing loss in some individuals.
7. Increased susceptibility to other diseases associated with elevated blood sugar levels, such as diabetes."
215,tinyllama,Glycogen Storage Disease Type I (Von Gierke Disease),accumulatesMetabolite,Which metabolite accumulates in Glycogen Storage Disease Type I (Von Gierke Disease)?,Glycogen,"Glucose-6-phosphatase deficiency, also known as Von Hippel-Lindau Disease (VGLUD), is the most common form of Glucogen Storage Disorder (GSD) Type I. It is characterized by accumulation of glucose-6-phosphate in tissues and organs due to a defect in glucose phosphorylase enzyme function, leading to hyperglycemia."
216,tinyllama,Glycogen Storage Disease Type I (Von Gierke Disease),hasCausativeGene,Which gene causes Glycogen Storage Disease Type I (Von Gierke Disease)?,G6PC,"Glucose storage disorder type I (Von Hippel-Lindau disease) is caused by mutations in the von Hippel-Lindau (VHL) gene. VHL encodes a protein that regulates the expression of genes involved in glucose metabolism and cellular homeostasis. Mutations in this gene can lead to a deficiency in glucose uptake, which results in accumulation of unused sugar (glucose) in the cells, ultimately leading to cell death or organ failure. The disease is typically characterized by progressive, irreversible organ damage, resulting in blindness, hepatomegaly, and renal impairment."
217,tinyllama,Glycogen Storage Disease Type III (Cori Disease),hasInheritancePattern,What is the inheritance pattern of Glycogen Storage Disease Type III (Cori Disease)?,Autosomal Recessive,"Glucose-6-phosphate dissimilate toxic disease type III (Cori Disease) has an inheritance pattern that is typically autosomal dominant. In other words, a single genetic mutation in the GLYC1 gene is sufficient for causing this condition. If both parents of a child with Cori Disease have the mutated gene, they also carry the mutation and are at risk for passing it down to their children. The transmission of the disease occurs through an autosomal dominant inheritance pattern, meaning that a parent who has a mutated GLYC1 gene is likely to pass on the mutation to its child."
218,tinyllama,Glycogen Storage Disease Type III (Cori Disease),treatedWith,How is Glycogen Storage Disease Type III (Cori Disease) treated?,High-Protein Diet,"Glucose storage disorder (Cori Disease), also known as type III, is a rare metabolic disorder characterized by excessive accumulation of glucose in the liver. This can lead to progressive hepatic injury and ultimately death, with symptoms including abdominal pain, weakness, and rapid weight loss. The treatment for Glucose Storage Disorder Type III (Coridiasse) mainly involves managing the excess glucose in the liver through dietary interventions that reduce the intake of carbohydrates, such as reducing the amount of grains or sugars consumed, and replacing these with protein-rich foods. It is also recommended to monitor blood sugar levels closely and initiate treatment if any symptoms of hypoglycemia (low blood sugar) occur. In some cases, a liver transplant may be considered as the only option for survival."
219,tinyllama,Glycogen Storage Disease Type III (Cori Disease),hasDeficientEnzyme,Which enzyme is deficient in Glycogen Storage Disease Type III (Cori Disease)?,Glycogen Debranching Enzyme,"Glucose-6-phosphatase (EC 3.1.2.1) is deficient in Glucogen Storage Disorder type III (Cori Disease), which is caused by a mutation in the GLUT6 gene that results in reduced activity of glucose-6-phosphatase, which is involved in metabolizing fats and glucose."
220,tinyllama,Glycogen Storage Disease Type III (Cori Disease),hasSymptom,What symptoms are associated with Glycogen Storage Disease Type III (Cori Disease)?,Hepatomegaly; Hypoglycemia,"Glucose storage disorder type III, or Cori Disease, is a rare genetic condition that affects the liver and can cause an abnormally high amount of sugar (glucose) to be stored in the liver cells. Here are some common symptoms associated with this disease:

1. Hepatitis, jaundice or yellowing skin and eyes (due to a build-up of excess glucose in the bloodstream): This is due to an increased production of bilirubin (an enzyme produced by the liver) by the liver cells. 2. Intestinal obstruction: Glucose stored in the liver may cause a blockage of intestinal bacteria, which can affect digestion and increase the chances of bowel problems such as constipation or diarrhea. 3. Skin rash: Glucose accumulation in the liver cells can also result in skin changes, including redness, itching, and raised skin patches. 4. Abdominal pain: The increased intake of glucose may cause abdominal pain or discomfort, especially with eating or drinking. 5. Dehydration: Glucose stored in the liver cells can also lead to a lack of hydration, causing fatigue and weakness. It's important to seek medical help if you experience any of these symptoms for further diagnosis and treatment."
221,tinyllama,Glycogen Storage Disease Type III (Cori Disease),accumulatesMetabolite,Which metabolite accumulates in Glycogen Storage Disease Type III (Cori Disease)?,Limit Dextrin,"Metabolite accumulates in Cori Disease. This type of Glucose Storage Disorder is a rare genetic disorder characterized by the accumulation of excess glucose in body fluids, especially blood. The specific metabolic pathway that leads to Cori Disease has not been identified but may involve abnormalities in gluconeogenesis or carbohydrate metabolism."
222,tinyllama,Glycogen Storage Disease Type III (Cori Disease),hasCausativeGene,Which gene causes Glycogen Storage Disease Type III (Cori Disease)?,AGL,"Glucose-6-phosphatase deficiency is the main cause of Glucose Tolerance Disorder Type III (Cori Disease) in humans. The gene responsible for this condition, known as G6PD1, is located on chromosome 9p21.3 and produces a protein that catalyzes the reduction of glucose-6-phosphate (G6P) to glucose 6-phosphate dehydrogenase (G6PD), which is essential for glucose transport in tissues such as fat and liver cells. In people with Cori Disease, G6PD1 deficiency leads to decreased glucose uptake by fat and liver cells, leading to the accumulation of stored glucose in tissues that cannot use it for energy. This causes hyperglycemia (high blood sugar levels) and eventually can lead to kidney failure."
223,tinyllama,Glycogen Storage Disease Type V (McArdle Disease),hasInheritancePattern,What is the inheritance pattern of Glycogen Storage Disease Type V (McArdle Disease)?,Autosomal Recessive,"Glucose storage disease type V (McArdle Disease) is an inherited disorder caused by mutations in the PTS1 gene, which leads to a deficiency of the enzyme pyrimidine triphosphate (PTP) synthetase 1. This leads to decreased glucose uptake and storage, resulting in hypoglycemia (low blood sugar).

Inherited diseases such as McArdle Disease have an inheritance pattern where a person inherits the mutated gene from either one parent or both parents. Therefore, the probability of having this mutation is approximately 50% for every child born to a family with a personal history of the disease.

Inheritance patterns are important in understanding diseases and can be used to develop new treatments and diagnosis methods."
224,tinyllama,Glycogen Storage Disease Type V (McArdle Disease),treatedWith,How is Glycogen Storage Disease Type V (McArdle Disease) treated?,Avoidance of Strenuous Exercise,"Glucose Storage Disorder Type V (McArdle Disease) is a rare but serious condition caused by an imbalance in the way glucose is stored in cells. In individuals with Glucose Storage Disorder Type V, the body cannot properly use glucose for energy, leading to a range of symptoms that can affect their overall health and wellbeing. Treatment options depend on the specific symptoms and individual circumstances. In some cases, supportive care measures such as dietary changes, medications, and exercise may be beneficial. If severe, hospitalization may be required to manage symptoms or treat infections associated with the disease. It is essential to consult a doctor if you are experiencing any of these symptoms or have been exposed to McArdle Disease in close proximity to individuals with the condition."
225,tinyllama,Glycogen Storage Disease Type V (McArdle Disease),hasDeficientEnzyme,Which enzyme is deficient in Glycogen Storage Disease Type V (McArdle Disease)?,Myophosphorylase,"Glucogen storage disorder type V (McArdle disease) is an enzyme deficiency caused by a defect in the GLUD1 gene. It involves severe muscle weakness and wasting, followed by progressive kidney damage, and ultimately death due to acute renal failure. This enzyme deficiency causes an imbalance between glucose and glycogen stored in the liver and muscles, leading to a reduced supply of glucose for energy production. The GLUD1 gene provides instructions for making the GLUD1 protein, which is critical for the proper functioning of glucose metabolism in various tissues."
226,tinyllama,Glycogen Storage Disease Type V (McArdle Disease),hasSymptom,What symptoms are associated with Glycogen Storage Disease Type V (McArdle Disease)?,Exercise Intolerance; Myalgia,"Glucogen Storage Disaase Type V (McArdlle Disease) is a rare genetic disorder characterized by the accumulation of large amounts of glycogen in various organs and tissues. Some symptoms associated with this disease include:

1. Hyperglycemia: Glucogen Storage Disaase Type V causes high levels of blood sugar, which can lead to hyperglycemia.

2. Diabetic Ketoacidosis: In individuals with the disease, glycogen accumulation in the liver and muscles can cause a buildup of ketones (an acid form of fatty acid) in the bloodstream. This condition is called diabetic ketoacidosis.

3. Abnormalities in blood sugar regulation: In some cases, patients may develop insulin resistance or hyperinsulinemia, which can cause hypoglycemia (low blood sugar).

4. Kidney damage: Hyperglycemia and diabetic ketoacidosis can cause kidney damage. This is because the high levels of glycogen in kidneys can lead to a buildup of ketones in the bloodstream, which can then be excreted by the kidneys.

5. Heart problems: Hyperglycemia and diabetic ketoacidosis can also cause heart problems, such as arrhythmia (irregular heartbeat) or cardiomyopathy (damage to the heart muscle).

6. Gastrointestinal issues: Chronic hyperglycemia may lead to gastrointestinal issues such as gastroparesis (slow digestion) and constipation.

7. Eye problems: Hyperglycemia can cause eye damage, which may result in loss of sight or vision.

8. Psychiatric conditions: The symptoms associated with Glucogen Storage Disaase Type V can also lead to psychiatric issues such as anxiety and depression.

9. Pregnancy complications: Glycogen accumulation in the liver during pregnancy can cause maternal hypoglycemia, which is a condition where the mother experiences low blood sugar levels during pregnancy.

10. Developmental issues: Long-term exposure to high glycogen levels may have developmental effects on children who inherit the disease from their parents."
227,tinyllama,Glycogen Storage Disease Type V (McArdle Disease),accumulatesMetabolite,Which metabolite accumulates in Glycogen Storage Disease Type V (McArdle Disease)?,Glycogen,"Glucosylated amino acids, including glycine, serine, threonine, and tyrosine, are metabolized by a process called beta-hexosaminidase (BHEX) to produce the glycolytic intermediate 2-(DPA)-glyceraldehyde-3-phosphate (DGP), which can be converted into glucose using the pentose phosphate pathway. This process is essential for maintaining glycogen storage in Glucosylated Amino Acid Synthase Type V (GAASTV) disorder, a rare genetic disorder that leads to a deficiency in BHEX activity. The hexose molecules produced during glycolysis break down into pyruvate and DPG, which can be converted into ATP by the action of the enzyme pyruvate kinase (PK). These products are then transported back into the cell for use as energy or for storage as pyruvate."
228,tinyllama,Glycogen Storage Disease Type V (McArdle Disease),hasCausativeGene,Which gene causes Glycogen Storage Disease Type V (McArdle Disease)?,PYGM,"Glucose Storage Disorder Type VI (McArdlle Disease) is caused by mutations in the GLUC1 gene. The GLUC1 gene encodes for a protein called glycine-arginine decarboxylase, which catalyzes the conversion of glucose to glycine and arginine. Mutations in this gene can lead to deficiency in the enzyme activity or increase in the levels of glycine, causing glucose storage in skeletal muscles and adipose tissue. In severe cases, excessive glucose accumulation may cause kidney failure due to impaired filtration of urinary glucose."
229,tinyllama,Zellweger Syndrome,hasInheritancePattern,What is the inheritance pattern of Zellweger Syndrome?,Autosomal Recessive,"Zel'wegr (pronounced: zil-LWER) is an ethnic group that inhabited central and northern Ukraine, Belarus, and parts of Poland before the 1930s. Inheritance pattern refers to the pattern by which a family's property or wealth passes down from generation to generation in a certain way. Zel'wegr ancestors often passed on their properties through marriages with neighbors and relatives to strengthen social bonds, as well as through the establishment of patrilineal (only male offspring inherit) or matrilineal (only female offspring inherit) lines. This inheritance pattern is also observed in many other cultures worldwide, including the Tatar ethnic group that inhabits Kazakhstan."
230,tinyllama,Zellweger Syndrome,treatedWith,How is Zellweger Syndrome treated?,Supportive Care,"Zellweger Syndrome (also known as Zelly) is an experimental antibiotic used to treat acute bacterial skin and respiratory tract infections caused by several different bacterial pathogens. It works by targeting the bacterial cell wall, disrupting its integrity and preventing growth. Zelly is not approved for general use but is administered under a strict clinical protocol to ensure its safety and effectiveness. Patients receiving Zelly will have regular visits with their healthcare provider during treatment and will be closely monitored for any side effects or adverse reactions."
231,tinyllama,Zellweger Syndrome,hasDeficientEnzyme,Which enzyme is deficient in Zellweger Syndrome?,Peroxin-1,"The enzyme Zelweger Syndrome (ZS) is not present in Zellweger Syndrome. ZS is a genetic disorder that results in the absence of certain types of stomach acid, leading to difficulty digesting fat and carbohydrates, as well as bone loss and other nutrient-related issues. Zellweger Syndrome, on the other hand, is caused by a defective gene that produces a protein called PAX6, which is responsible for regulating stomach acid production."
232,tinyllama,Zellweger Syndrome,hasSymptom,What symptoms are associated with Zellweger Syndrome?,Craniofacial Abnormalities; Hypotonia,"Zellweger Syndrome (also known as Zel's syndrome) is a rare genetic disorder characterized by the rapid onset of puberty, excessive growth and development, and premature menarche. These symptoms are associated with an enlargement of the ovaries that can cause irregular periods and can result in early menarche (the first menstrual period) and uncontrolled ovulation (premature birth of a baby). The exact genetic causes for Zel's syndrome remain unknown, but it is typically caused by a combination of mutations in genes involved in reproductive biology. Symptoms may occur at any age, although most cases manifest during childhood or adolescence."
233,tinyllama,Zellweger Syndrome,accumulatesMetabolite,Which metabolite accumulates in Zellweger Syndrome?,Very Long-Chain Fatty Acids,Zelligae Syndrome is the meta-meta-level accumulation that is responsible for Zel's ability to manipulate metabolites. It is a powerful and essential tool for him to maintain his unique abilities. Zel's ability to control chemical reactions at the cellular level is the result of this process.
234,tinyllama,Zellweger Syndrome,hasCausativeGene,Which gene causes Zellweger Syndrome?,PEX1,"Zellegue Syndrome is caused by the gene called ZLG1. This gene produces a protein that plays an essential role in regulating the activity of other genes involved in cell division and cell growth, as well as in maintaining normal developmental processes in both mammals and plants. Zellegue Syndrome is inherited as an autosomal recessive trait, meaning it requires two copies (or alternates) of the ZLG1 gene to be present for an individual to have Zellegue Syndrome."
235,tinyllama,X-Linked Adrenoleukodystrophy,hasInheritancePattern,What is the inheritance pattern of X-Linked Adrenoleukodystrophy?,X-Linked,"The X-linked adrenoleukodystrophy (XALD) is a genetic disease caused by mutations in the gene for the enzyme that breaks down certain fats, ADG1. The inheritance pattern of XALD is autosomal recessive, meaning that both copies of the affected allele need to be present in order for the condition to be diagnosed. Patients with a mutation in the X-linked form of ADG1 (X-ALD) have a 50% chance of passing on the defective allele to their offspring, while those with a mutation in the recessively inherited form (RAD53) have a 25% risk.

The symptoms of XALD generally appear during adolescence or young adulthood and include seizures, cerebellar atrophy, vision impairment, cognitive decline, enlarged adrenal glands, and kidney disease. Patients may also develop respiratory problems due to a reduced amount of ADG1 in the lungs.

The condition is usually diagnosed through genetic testing or an ultrasound of the adrenal gland. Treatment for XALD typically involves surgery to remove the affected adrenal glands, as well as medications to support normal growth and development."
236,tinyllama,X-Linked Adrenoleukodystrophy,treatedWith,How is X-Linked Adrenoleukodystrophy treated?,Hematopoietic Stem Cell Transplant,"X-Linked Adrenoleukodystrophy (XLd), also known as Congenital Myasthenic Syndrome (CMS), is a rare genetic disorder that causes muscle weakness, fatigue, and difficulty swallowing. This condition affects the brain's production of substances involved in the immune response called interleukins (IL). The exact cause of X-Linked Adrenoleukodystrophy is not yet fully understood but it can be caused by a mutation in a gene on chromosome 10q26.

The symptoms of XLd vary depending on the severity and age at which they occur. Some individuals with XLd may have mild weakness, while others may experience progressive muscle weakness, fatigue, difficulty swallowing, and respiratory problems. In severe cases, individuals may develop a type of lymph node called an Adrenoleukodystrophy (ALD) that can cause severe muscle weakness and fatigue.

X-Linked Adrenoleukodystrophy treatment is focused on managing the underlying disease, which usually involves lifestyle changes and medications aimed at treating specific symptoms. Treatment may involve anti-inflammatory drugs, steroids, immunosuppressants, or other therapies to lower IL levels in the bloodstream. In some cases, genetic counseling and testing for genetic mutations can help identify affected individuals and their families to provide support and guidance for managing X-Linked Adrenoleukodystrophy.

There is currently no cure for X-Linked Adrenoleukodystrophy, but support groups such as the Congenital Myasthenic Syndrome Foundation (CMSF) can provide valuable resources and support for affected individuals and families."
237,tinyllama,X-Linked Adrenoleukodystrophy,hasDeficientEnzyme,Which enzyme is deficient in X-Linked Adrenoleukodystrophy?,ALD Protein,"The enzyme called Xanthine-dehydrogenase (XDH) is deficient in X-linked Adrenoleukodystrophy (ALD). ALD is a rare autosomal recessive disorder caused by mutations in the X-linked genes coding for ALG13, which results in the production of impaired xanthine dehydrogenase activity.

XDH catalyzes the reaction between xanthine and the enzyme nicotinamide adenine dinucleotide (NADH) to produce NADPH. The deficiency in XDH leads to impaired normalization of cellular NADH levels, which results in reduced ATP production and ultimately leads to cell death."
238,tinyllama,X-Linked Adrenoleukodystrophy,hasSymptom,What symptoms are associated with X-Linked Adrenoleukodystrophy?,Adrenal Insufficiency; Demyelination,"X-linked adrenolectrophy (XLAdrp), also known as X-linked adrenoleukodystrophy (AXLD), is a rare genetic disease that affects males and causes the loss of small amounts of red blood cells (erythrocytes) due to abnormal protein production. Some symptoms associated with X-Linked Adrenolectrophy include:

1. Severe anemia (low red blood cell count): Affected individuals have a low number of red blood cells, which leads to a decreased supply of oxygen in the body.

2. Hematopoietic disorders: Abnormal production of blood cells causes some affected males to develop abnormal types of blood cells (megakaryocytosis) and some to develop hematopoietic stem cell tumors.

3. Cardiovascular disease: People with X-Linked Adrenolectrophy are at an increased risk for developing cardiovascular disease, such as coronary artery aneurysm or hypertension.

4. Growth abnormalities: Some affected individuals develop growth problems due to a lack of red blood cells, resulting in stunted growth and delayed puberty.

5. Disrupted brain development: In X-Linked Adrenolectrophy, the proliferation of red blood cells into the lining of the air sacs (pleural space) can cause some affected individuals to develop abnormalities in their brains, leading to developmental delays and other neurodevelopmental problems.

6. Other symptoms: Some individuals with X-Linked Adrenolectrophy may have additional symptoms, such as cognitive impairment or hearing loss.

Some of the possible causes of X-Linked Adrenolectrophy are unknown. However, researchers believe that it is caused by a mutation in one of several genes involved in red blood cell production and transport, including ADRB2 (also known as ADRB1), ADRA2A, or ADRA2C."
239,tinyllama,X-Linked Adrenoleukodystrophy,accumulatesMetabolite,Which metabolite accumulates in X-Linked Adrenoleukodystrophy?,Very Long-Chain Fatty Acids,"The metabolite that accumulates in X-Linked Adrenobleukodystrophy (XLALP) is a type of cancer stem cell-like population that has been identified in the adrenal gland. This population is believed to be responsible for the development and maintenance of tumors in this organ, leading to XLAP-associated diseases such as hyperparathyroidism (HPT), which affects approximately 10% of all women above the age of 50 years and affects 30% of men."
240,tinyllama,X-Linked Adrenoleukodystrophy,hasCausativeGene,Which gene causes X-Linked Adrenoleukodystrophy?,ABCD1,"The gene causing X-Linked Adrenoleukodystrophy, also known as GJA9, is called the Leukocyte Adhesion Gene 9. It was identified by a team of researchers from the University of California San Francisco in 2013 and named after the gene family it belongs to (Leukocyte Adhesion).

GJA9 encodes a protein that functions as a receptor for lectin, an antigen present on immune cells. When GJA9 is activated by lectins, it triggers cell activation in response to a variety of pathogens and inflammatory stimuli. Leukocyte Adhesion Gene 9 plays a crucial role in mediating the cellular responses to infections or injury, such as inhibiting adhesion of immune cells and stimulating their proliferation or activation."
241,tinyllama,Refsum Disease,hasInheritancePattern,What is the inheritance pattern of Refsum Disease?,Autosomal Recessive,"Refsum Disease (RDS) is an inherited disorder that affects the adrenal glands, leading to symptoms such as fatigue, weight loss, vomiting, and decreased appetite. In RDS, there is an abnormality in the production of certain hormones, which leads to a variety of complications including hypogonadism, infertility, osteoporosis, and cardiovascular disease.

RDS inheritance occurs in three main patterns: autosomal dominant, autosomal recessive, and X-linked. In the autosomal dominant pattern, there is a single mutation that causes the disorder, while in the other two patterns, multiple copies of the mutated gene are required to cause the disease.

RDS has been inherited in families for generations through maternal transmission or environmental exposure such as contaminated foods. It can also be inherited by prenatal or infancy-onset. In rare cases, it may occur sporadically without any family history of inheritance."
242,tinyllama,Refsum Disease,treatedWith,How is Refsum Disease treated?,Dietary Phytanic Acid Restriction,"Refsum's Disease (RDS) is a rare genetic disorder that affects the pancreas, leading to insulin resistance and subsequent insulin deficiency. There are currently no approved treatments for RDS in humans, but some therapies and interventions have been developed to improve outcomes in patients. 

One of the most common treatment approaches is called exenatide (Byetta), which is a long-acting insulin analog that is used to control blood sugar levels in people with type 2 diabetes. In RDS, Byetta has been shown to help improve pancreatic function and reduce insulin needs in some patients. Other treatments for RDS may include dietary changes or additional medications to address insulin resistance. The effectiveness of these treatments and interventions is still being studied and researched.

While there are no approved treatments for RDS in humans, there have been various experimental therapies that aim to improve the pancreas' ability to produce insulin, or enhance its function. One such therapy is called exenatide (Byetta) and insulin glargine (Lantus), which are both long-acting insulin analogs specifically designed for people with RDS. Other potential treatments include genetic therapies that aim to correct the genetic mutations responsible for RDS, or dietary interventions that reduce dietary sugar intake and promote better insulin metabolism."
243,tinyllama,Refsum Disease,hasDeficientEnzyme,Which enzyme is deficient in Refsum Disease?,Phytanoyl-CoA Hydroxylase,"In the context of Refsum's Disease, a deficiency of an enzyme called lactase (also known as lactase persistence) is implicated. Lactose (the primary sugar in milk) is a digestible form of carbohydrate that is difficult to break down and absorbed by the body when consumed in large amounts. In individuals with Refsum's Disease, such individuals have a genetic mutation that prevents the enzyme lactase from being produced or functioning properly. This prevents individuals from being able to digest lactose and leads to long-term chronic intolerance of milk products."
244,tinyllama,Refsum Disease,hasSymptom,What symptoms are associated with Refsum Disease?,Peripheral Neuropathy; Retinitis Pigmentosa,"Refsum's disease is an inherited disorder characterized by short stature, delayed growth, and stunted bones. It primarily affects women of childbearing age and is caused by mutations in the FH2 gene. In some cases, the symptoms can include seizures, deafness, and developmental problems in children. In more severe cases, it may lead to osteopenia or osteoporosis. It's not clear exactly how these mutations affect bone growth in women of childbearing age, but they can cause structural changes in the bones that could predispose them to developing fractures later in life."
245,tinyllama,Refsum Disease,accumulatesMetabolite,Which metabolite accumulates in Refsum Disease?,Phytanic Acid,"The metabolite that accumulates in Refsum Disease is called G6PD deficiency syndrome, which is caused by a genetic mutation in the G6PD gene. This gene provides protection against hydroxyl radicals, which can damage blood cells and cause inflammation, and is prevalent in some ethnic groups with certain genotypes or lifestyle habits. The symptoms of Refsum Disease typically include jaundice (yellowing of the skin and eyes), seizures (temporary loss of consciousness), and respiratory problems. In severe cases, such as in infants, death can occur from brain damage or other complications associated with the genetic mutation."
246,tinyllama,Refsum Disease,hasCausativeGene,Which gene causes Refsum Disease?,PHYH,"Refsum disease, also known as mucopolysaccharidosis VI (MPS VI), is a genetic disorder caused by mutations in the SHARP1 gene. The SHARP1 protein plays a critical role in maintaining normal bones, skin, and cartilage in humans. The gene for SHARP1 is located on chromosome 20q23.3 and is part of the SHARP gene family.

Refsum disease is a rare genetic disorder with an estimated prevalence rate of approximately one in every 50,000 to 100,000 people. It is inherited in an autosomal dominant manner, which means that inheritance occurs through only one copy of the faulty gene in each cell."
247,tinyllama,Wilson Disease,hasInheritancePattern,What is the inheritance pattern of Wilson Disease?,Autosomal Recessive,"Wilson Disease does not have an inheritance pattern, as there are no descendants in the family tree that are related to each other by blood or marriage. All members of the disea family share the same genetic code and share a similar surname. However, Wilson Disease can still be considered a member of the family due to his lineage being through inheritance, specifically through his father and mother."
248,tinyllama,Wilson Disease,treatedWith,How is Wilson Disease treated?,Penicillamine Therapy,"Wilson Diseaise is a rare genetic disorder that causes a variety of symptoms, including intellectual disability, developmental delay, epilepsy, and other abnormalities. Treatment for Wilson's disease typically involves medication to help manage symptoms and support the brain's ability to remove excess metal from the body. Some patients require ongoing treatment with enzyme replacement therapy or other medications to maintain healthy levels of copper in the bloodstream, which may help prevent further damage to the nervous system. In addition, some individuals may need special dietary restrictions to reduce copper intake and improve symptoms."
249,tinyllama,Wilson Disease,hasDeficientEnzyme,Which enzyme is deficient in Wilson Disease?,Copper-Transporting ATPase 2,"Several enzymes have been implicated in the pathogenesis of Wilson Disease, including copper binding proteins such as Zinc-containing metalloproteinases (MMPs), ubiquitin-proteasomes (UPs), and transferases involved in copper detoxification. Specifically, mutations in genes encoding these enzymes have been implicated in the disease. These include Zinc finger protein 97 (ZF97), a member of the zinc finger family of transcription factors; Zinc finger-like factor 13 (ZFL13) and Zinc finger-like factor 25 (ZFL25), both members of the zinc finger-like gene family that contribute to metalloproteinase and ubiquitin-proteasome activity; and copper-regulated polypeptides, such as copper binding protein. Overall, these enzymes play a critical role in maintaining adequate levels of zinc, which is essential for proper metalloproteinase and ubiquitin-proteasome function, and in preventing the accumulation of copper in tissues and cells that are otherwise affected by Wilson Disease."
250,tinyllama,Wilson Disease,hasSymptom,What symptoms are associated with Wilson Disease?,Hepatolenticular Degeneration; Kayser-Fleischer Rings,"Wilson's disease is an inherited genetic disorder characterized by a buildup of copper in various organs and tissues, including the brain and the body fluids. Here are some common symptoms:

1. Fatigue and lethargy: The disease causes fatigue, lethargy, and difficulty sleeping.

2. Depression: People with Wilson's disease may experience depressive symptoms, particularly when they do not have any warning signs.

3. Neurological disorders: Some people with Wilson's disease develop neurological symptoms like paralysis or seizures, especially if they don’t receive treatment soon enough.

4. Sensory problems: People with Wilson's disease may experience sensory problems in their hands and feet.

5. Memory loss: People with Wilson's disease often have memory problems that worsen as they age.

6. Developmental delays: Children born to women with Wilson's disease may have developmental delays or learning disabilities.

7. Liver damage: Some people with Wilson's disease develop liver damage, which can lead to liver failure and death if left untreated.

8. Death: In severe cases, people with Wilson's disease can die from complications of the buildup of copper in their body."
251,tinyllama,Wilson Disease,accumulatesMetabolite,Which metabolite accumulates in Wilson Disease?,Copper,"Wilson Disease, also known as Prader-Willi syndrome (PWS), is a genetic disorder that affects the growth and development of the body and the brain. In PWS, there are several types of mutations in multiple genes, including ATP5A1 and LMNA. These mutations cause the accumulation of an enzyme called ATP5A1, leading to a deficiency in fatty acid oxidation, which ultimately leads to weight loss, growth retardation, and intellectual disability. In Wilson Disease, accumulation of these enzymes occurs at the level of mitochondria, leading to the production of energy-deficient ATP, resulting in neuronal dysfunction and seizures."
252,tinyllama,Wilson Disease,hasCausativeGene,Which gene causes Wilson Disease?,ATP7B,"Wilson Disease is caused by a mutation in the alpha subunit of the transferrin (TF) receptor, which is part of the immune system. Specifically, it's caused by an abnormal functioning of the TF receptor that leads to insulin resistance and ultimately progressive destruction of red blood cells, causing Wilson's Disease symptoms."
253,tinyllama,Menkes Disease,hasInheritancePattern,What is the inheritance pattern of Menkes Disease?,X-Linked,"The inheritance pattern (or rules) for Menkes Disease, based on its name, are as follows:

1. Only the firstborn son inherits from his father.
2. The second-born son inherits half of the estate (if there is an equal number of sons).
3. The third-born son inherits a quarter of the estate (if there is an even number of sons).
4. After the inheritance, the property is divided equally among the remaining children.
5. If no surviving children, the estate will be distributed to the community at large.
6. Menkes Disease's estate was inherited by its third-born son, who then passed it on to his three descendants: a half-brother and two half-sisters."
254,tinyllama,Menkes Disease,treatedWith,How is Menkes Disease treated?,Copper Histidine Injections,"Menkes Disease, or Menkes disease, is an inherited genetic disorder that causes deficiencies in the enzyme glucose-6-phosphatase (G6Pase) which helps break down glucose. The disease is caused by mutations in the G6P2 gene on chromosome 9, resulting in a lack of functioning G6Pase.

Menkes Disease symptoms include seizures, developmental delays, and intellectual disability. Treatment for Menkes Disease usually includes lifestyle changes and medications to help manage the effects of the mutation on brain development. Some children may need specialized training in adaptive strategies or speech therapy to improve communication skills.

In cases where G6Pase enzyme function is not completely restored, medical intervention may be necessary. This can involve a variety of treatment options depending on the severity and specific symptoms of Menkes Disease.

For more information about Menkes Disease, please consult with a healthcare provider or visit your local genetics clinic."
255,tinyllama,Menkes Disease,hasDeficientEnzyme,Which enzyme is deficient in Menkes Disease?,Copper-Transporting ATPase 1,"In Menkes Disease, the glycine betaine amino acid deficiency is known as Menkes Encephalopathy. The enzyme responsible for converting glycine (an amino acid) into serotonin, a neurotransmitter involved in regulating mood and cognition, is called betaine-homocysteine S-methyltransferase (BHMT). Without sufficient BHMT activity, there are not enough serotonin molecules produced by the body, resulting in Menkes Disease."
256,tinyllama,Menkes Disease,hasSymptom,What symptoms are associated with Menkes Disease?,Hair Abnormalities; Progressive Neurodegeneration,"Menkes Disae (also known as Meningococcemia) is an infectious disease caused by the Meningococcus bacterium. The disease typically starts with fever, headache, and abdominal pain, followed by a high fever, neck stiffness, and confusion. Other symptoms include vomiting, diarrhea, and decreased appetite. Menkes Disae can be life-threatening if not diagnosed or treated in time. The disease can spread to the bloodstream or brain tissue, leading to severe complications such as meningoencephalitis (inflammation of the brain and spinal cord) and central nervous system (CNS) depression.

In some cases, Menkes Disae can be accompanied by septic shock or sepsis, which is a life-threatening condition caused by an overwhelming immune response to bacterial infection. Treatment for Menkes Disae usually involves intravenous antibiotics, followed by supportive care to help the body fight off the infection and prevent severe complications."
257,tinyllama,Menkes Disease,accumulatesMetabolite,Which metabolite accumulates in Menkes Disease?,Copper (Deficient),"Menke's Disease, also known as Chagas disease, is a parasitic infection caused by the protozoan species Trypanosoma cruzi. The disease is transmitted through the bites of infected bloodsucking insects (e.g., mosquitoes) that carry the parasite. Menke's Disease has been found to accumulate specifically in individuals with a chronic TSE infection, which is known as the chronic phase (CP) and characterized by persistent inflammation and the formation of new T cells in response to the infected antigen, particularly in peripheral blood mononuclear cells."
258,tinyllama,Menkes Disease,hasCausativeGene,Which gene causes Menkes Disease?,ATP7A,"Menkes Disae (also known as Menke's Disease) is a rare genetic disorder caused by mutations in the CDKN1C gene. The CDKN1C gene codes for a protein called cyclin-dependent kinase inhibitor 1C, which plays an important role in regulating cell division and cell cycle progression. People with Menkes Disae have mutations in one or more copies of this gene, resulting in abnormalities or losses in the function of the CDKN1C protein. This disorder can cause a variety of symptoms, including developmental delays, cognitive impairments, and growth restrictions."
259,tinyllama,Hereditary Hemochromatosis,hasInheritancePattern,What is the inheritance pattern of Hereditary Hemochromatosis?,Autosomal Recessive,"Hereditary Hemochromatosis (HH) has an inheritance pattern that is autosomal dominant with a penetrance of 100% and a variable expressivity. This means that the disease can occur in both males and females, but not in both males and females. The mode of inheritance is autosomal dominant, which means one copy of the mutated gene (encoding for hemochromatin) needed to cause HH is enough to result in the abnormal structure of red blood cells (erythrocytes), which can lead to anemia and other symptoms."
260,tinyllama,Hereditary Hemochromatosis,treatedWith,How is Hereditary Hemochromatosis treated?,Therapeutic Phlebotomy,"Hereditary hemochromatosis (HHD) is a rare genetic disorder caused by abnormalities in the transport of iron between blood cells and tissues. Here's how it might be treated:

1. Genetic testing: Your doctor may recommend genetic testing to determine if you have HHD. This test will help you know your risk for developing the condition, as well as any potential treatment options available.

2. Screening: There are no screening tests available yet for HHD. However, as the condition becomes more prevalent in populations with high rates of iron overload (i.e., people who live in areas where there is a shortage of iron), doctors may consider adding genetic testing to their list of possible screening tests.

3. Medical management: If you are diagnosed with HHD, your doctor will likely manage your condition through medical management options such as dietary restrictions, blood transfusions or medications that help manage iron levels in the body.

4. Transplantation: A transplant may be considered for people who have severe iron overload or are at high risk of developing HHD due to other factors (e.g., family history). This is an option only if your condition is severe enough and there is no hope of cure through medical management.

5. Follow-up care: After transplantation, follow-up care will likely involve monitoring iron levels and blood tests to ensure that the transplanted organ is working properly and maintaining healthy iron levels.

6. Behavioral support: If you are living with HHD, it's important to develop good behavioral support strategies to help manage stress and anxiety related to the condition. This may involve taking care of yourself physically (e.g., regular exercise, proper eating habits), managing your emotions appropriately, or seeking support from others who understand the challenges associated with living with HHD."
261,tinyllama,Hereditary Hemochromatosis,hasDeficientEnzyme,Which enzyme is deficient in Hereditary Hemochromatosis?,HFE Protein,"Here is an answer to the question, ""Which enzyme is deficient in Hereditary Hemochromatosis?""

The enzyme alpha-galactosidase A is deficient in Hereodotary Hemochromatosis."
262,tinyllama,Hereditary Hemochromatosis,hasSymptom,What symptoms are associated with Hereditary Hemochromatosis?,Diabetes Mellitus; Liver Cirrhosis,"Hereditary Hemochromatosis, also known as hereditary hemochromatosis (HHC), is a genetic disorder that causes the body to absorb too much iron. The excess iron can accumulate in various organs and tissues, leading to several symptoms. Some of the common symptoms associated with HHC include:

1. Jaundice - When there's an excessive amount of iron stored in the liver or bile ducts, it can lead to yellowing of the skin and eyes (jaundice). This is one of the first signs of the disease.

2. Spleen enlargement - When HHC progresses to a severe form, the spleen may become very large, causing abdominal pain, discomfort, and swelling. The liver also can be affected by excess iron storage.

3. Increased risk of developing certain types of cancer - People with hereditary hemochromatosis are at an increased risk for developing cancer due to the accumulation of iron in different organs and tissues. This may include:
 
- Breast cancer
- Colorectal cancer
- Pancreatic cancer
- Lung cancer
- Skin cancer (melanoma)

4. Low platelet counts - People with hereditary hemochromatosis have a lower number of platelets, which are small blood cells that help the blood clot. This can lead to problems with bleeding and bruising if there's too much iron in their system.

5. Elevated liver enzymes - If excessive iron accumulation occurs in the liver, it may cause a buildup of toxic proteins called aminotransferases. This can lead to elevated liver enzyme levels, which can indicate HHC.

6. Impaired kidney function - If there's an excessive amount of iron stored in the liver and kidneys, it can cause impairment of kidney function, leading to fatigue, lethargy, and other symptoms."
263,tinyllama,Hereditary Hemochromatosis,accumulatesMetabolite,Which metabolite accumulates in Hereditary Hemochromatosis?,Iron,"The metabolite that accumulates in Hereditary Hemochromatosis is the heme iron complex, which is a protein complex consisting of four different subunits: heme oxygenase (HO), ferroportin (FePORT), ferritin, and ferrothrombin. Heme iron is produced by hemocytes, which are the cells of invertebrates and some vertebrates that contain iron-containing hemocyanins. Hemocytes convert heme into iron through the enzyme heme oxygenase, while ferroportin, ferritin, and ferrothrombin function to transport it out of the body. The accumulation of these proteins in the liver and other organs can lead to iron overload and disease in individuals with this rare genetic disorder."
264,tinyllama,Hereditary Hemochromatosis,hasCausativeGene,Which gene causes Hereditary Hemochromatosis?,HFE,"Hereditary Hemochromatosis (HH) is caused by mutations in the HFE gene, specifically in exons 10-14. These genes encode for hemoglobin (Hb), which is a protein in red blood cells that carries oxygen and glucose from the lungs to the rest of the body."
265,tinyllama,Biotinidase Deficiency,hasInheritancePattern,What is the inheritance pattern of Biotinidase Deficiency?,Autosomal Recessive,"Biotinidase Deficiency (BTD) is a rare genetic disorder characterized by the lack of bioactive B-deficient proteins (BDPs). BDPs are important biological molecules that play crucial roles in cellular signaling and apoptosis. Inheritance patterns can vary depending on the mutations involved, but generally, BTD typically occurs as an autosomal dominant disorder with a prevalence of around 1:20,000-30,000 births. It has been reported that inheritance in some cases may involve multiple generations. Inheritance is affected by factors such as genetic instability and environmental exposure."
266,tinyllama,Biotinidase Deficiency,treatedWith,How is Biotinidase Deficiency treated?,Biotin Supplementation,"Biotiniasis Deficiency (also known as beta-giardiasis) is a type of parasitic infection caused by the Giardia duodenalis protist. Treatment for Biotiiniasis Deficiency typically involves oral antibiotics, such as metronidazole and ampicillin, to kill the Giardia organisms that cause the infection. In some cases, antibiotic therapy may need to be extended, and alternative options such as intravenous fluids or nutritional supplements may be necessary. In severe cases, patients may require hospitalization for treatment of dehydration due to the diarrhea associated with Giardia infections. It is essential to seek medical attention if you experience severe symptoms of diarrhea and nausea, as these can be symptoms of a more severe condition like pancreatitis or sepsis."
267,tinyllama,Biotinidase Deficiency,hasDeficientEnzyme,Which enzyme is deficient in Biotinidase Deficiency?,Biotinidase,"In the text you provided, the article mentions that BiotiNiDase is a deficient enzyme due to a mutation. This means that the article does not give any specific information about the enzyme in question or how it can be deficient in BioTiNidase. Therefore, it's unclear which specific enzyme is being referred to as the ""deficient enzyme"" mentioned in the text."
268,tinyllama,Biotinidase Deficiency,hasSymptom,What symptoms are associated with Biotinidase Deficiency?,Alopecia; Seizures,"Bioti ni dase (BT) deficiency is an inborn error of metabolism that affects the body's ability to properly break down certain fats, leading to several symptoms. These symptoms can range from mild to severe and may include:

1. Severe Obesity: People with BT deficiency have a tendency to be overweight or obese due to their inability to properly burn fat.

2. Muscle Growth Deficit: Those affected by BT deficiency tend to grow large muscles, which may cause them to feel uncomfortable due to the extra weight they carry around with them.

3. Loss of Appetite and Vomiting: Individuals with BT deficiency are usually malnourished and suffer from loss of appetite as well as vomiting, which can lead to dehydration.

4. Depression and Suicidal Behavior: The long-term consequences of BT deficiency may include depression, suicide attempts, and even a higher risk of developing bipolar disorder.

5. Increased Risk for Developing Heart Disease and Cancer: People with BT deficiency are at an increased risk for heart disease and cancer due to the accumulation of fat in their body.

6. Mental Health Disorders: Individuals with BT deficiency may experience symptoms such as anxiety, depression, and mood swings.

7. Lack of Sperm Production: In cases where women carrying BT-deficient embryos have had their sperm counts checked before conception, the test is often abnormal. This can result in a lowered or absent chance of pregnancy for those with BT deficiency."
269,tinyllama,Biotinidase Deficiency,accumulatesMetabolite,Which metabolite accumulates in Biotinidase Deficiency?,Biotin (Deficient),"The biochloride accumulates in the Bioti ni deficiency caused by the lack of magnesium (Mg) in the plant. The specific role of biochloride in this disease is not fully understood, but it may play a role in triggering or alleviating magnesium deficiency symptoms in plants."
270,tinyllama,Biotinidase Deficiency,hasCausativeGene,Which gene causes Biotinidase Deficiency?,BTD,"Bioti ni dase Deficiency, also known as BTD Deficiency, is caused by mutations in the TMEM106B gene. The gene is located on chromosome 8 and encodes a protein that helps to move materials across cell membranes."
271,tinyllama,Holocarboxylase Synthetase Deficiency,hasInheritancePattern,What is the inheritance pattern of Holocarboxylase Synthetase Deficiency?,Autosomal Recessive,"Holocaurbosylase Synthese Defect (HDSD) is an inherited disorder caused by mutations in the HOLC1 gene, which encodes for Holocarboxylase Synthase (HCOBs), a type of carbohydrate alcohol dehydrogenase. The HCOBs play a crucial role in breaking down fructose-6-phosphate into glucose and 6-phospho-D-glyceraldehyde (PHGDH) using the enzyme fructosyltransferase. Mutations in the HOLC1 gene can cause HDSD, which results in a reduced ability to break down certain types of fructose and other carbohydrates.

The inheritance pattern for HDSD is autosomal recessive. This means that a person with an affected copy of the HOLC1 gene, inherited from either parent, will have 50% (2-fold) chance of passing the mutation on to each offspring. The other 50% chance of inheritance passes to both parents, resulting in a total likelihood of having one affected child with a homozygous HDSD phenotype or two unaffected offspring.

The exact genetic cause of HDSD is still being researched and understood, but it has been found that the mutations affect the fructosyltransferase gene (HOLC1) in a way that impairs its ability to perform its normal function. This impairment leads to reduced activity or absence of this enzyme, which then causes the abnormal accumulation of certain types of fructose and other carbohydrates."
272,tinyllama,Holocarboxylase Synthetase Deficiency,treatedWith,How is Holocarboxylase Synthetase Deficiency treated?,Biotin Supplementation,"Holocarbboxylase Synthesis (Synthera) Deficiency treatment involves prescribed supplementation with a synthetic version of the missing enzyme called HLA-A023 or HLA-A10, to restore the body's ability to produce functional synthesized carbamylphosphate. There are several different treatment options available for Synthera deficiency, depending on the specific genetic mutation causing it. These may include hormone therapy, gene therapy, or lifestyle changes to help manage symptoms. The National Institutes of Health (NIH) has more information about Synthera and treatment options on their website: https://clinicaltrials.gov/ct2/show/study?cond=synthera&recp=yes&cohort=40153"
273,tinyllama,Holocarboxylase Synthetase Deficiency,hasDeficientEnzyme,Which enzyme is deficient in Holocarboxylase Synthetase Deficiency?,Holocarboxylase Synthetase,"Holocauboxylase Synthesis Deficiency (HLS) is caused by a deficiency of the enzyme, Holocauboxylase Synthesis Deficiency. HLS is an autosomal recessive disorder characterized by early-onset neonatal jaundice, hepatic disease, and developmental delay due to impaired hepatocyte differentiation. The specific enzyme involved in HLS is Holocauboxylase Synthesis Deficiency, which synthesizes a protein that helps prevent the liver from degrading excess glucose."
274,tinyllama,Holocarboxylase Synthetase Deficiency,hasSymptom,What symptoms are associated with Holocarboxylase Synthetase Deficiency?,Seizures; Skin Rash,"Holocarboxylase Synthesis Defect (HSBSD) is a rare genetic disorder caused by mutations in the HSBSD gene, which encodes an enzyme called holocarboxylate synthase. The most common form of HSBSD, known as Holocaabylase Synthesis Deficiency Syndrome (HABS), is characterized by a deficiency in the ability to produce the enzyme, leading to various severe and potentially lethal metabolic abnormalities. Some symptoms associated with HSBSD include:

1. Severe anemia: The lack of holocarboxylate prevents the normal synthesis of hemoglobin (the protein in red blood cells that carries oxygen) from erythrocytes, resulting in a shortage of oxygen-carrying capacity for the body's tissues.

2. Fatigue and weakness: The lack of holocarboxylate also impairs the body's ability to store and use energy, leading to fatigue and weakness.

3. Growth abnormalities: Holocaabylase Synthesis Deficience Syndrome can cause growth abnormalities, including short stature, delayed puberty, and developmental delays.

4. Immune system abnormalities: HSBSD can also lead to immune system abnormalities, such as abnormal T-cells or increased inflammation.

5. Seizures: Some individuals with HSBSD may experience seizures as a result of an imbalance between brain energy levels and the production of neurotransmitters.

6. Increased risk of infections: People with HSBSD are at increased risk of developing infections, including pneumonia, bacterial infections, and viral infections.

In addition to these symptoms, HSBSD can also have serious complications, such as heart and lung problems, blindness due to vision loss, and organ damage from lack of blood flow to the body's organs."
275,tinyllama,Holocarboxylase Synthetase Deficiency,accumulatesMetabolite,Which metabolite accumulates in Holocarboxylase Synthetase Deficiency?,Mixed Organic Acids,"In Holocarboxylase Synthesis, the metabolite that accumulates is called N-formylglycyl-tRNA. It is a protein involved in the biosynthetic pathway of glycine and its derivatives, including serine and histidine."
276,tinyllama,Holocarboxylase Synthetase Deficiency,hasCausativeGene,Which gene causes Holocarboxylase Synthetase Deficiency?,HLCS,"Holocaeboxylase Synthetase Deficiency is caused by mutations in the HLX gene, which is located on chromosome 15q13.33. The HLX gene codes for a protein called holocaboxylase synthetase (HLXsb), which is involved in the synthesis of lysine in proteins and metabolic pathways. Mutations in this gene can cause various developmental disorders, including Holocaeboxylase Synthetase Deficiency."
277,tinyllama,Lesch-Nyhan Syndrome,hasInheritancePattern,What is the inheritance pattern of Lesch-Nyhan Syndrome?,X-Linked,"The Lesch-Nyhan Syndrome (LNS) is an innovative inkjet printer that provides a unique inheritance pattern known as the ""Honeycomb"" print head design. The Honeycomb print head contains multiple, concentric, honeycombed nozzles arranged in a radial pattern around the print head's perimeter. This unique design allows for multiple independent streams of ink to be fed into the printer, which results in a more complex and intricate print pattern than other inkjet printer designs. The Honeycomb print head also increases the resolution of the printer by allowing for higher resolution and smaller dot pitches than traditional ink jet printers. In summary, LNS's unique inheritance pattern is known as the ""Honeycomb"" print head design."
278,tinyllama,Lesch-Nyhan Syndrome,treatedWith,How is Lesch-Nyhan Syndrome treated?,Allopurinol Therapy,"Lesch-Nyhan Syndrome (LNS) is a proprietary medication for the treatment of depression and bipolar disorder, which is used under the brand name Rejuvaderm. LNS is an alpha hydroxy acid (AHA) solution that is applied topically to the skin in the form of serums or lotions. It is typically recommended for those with severe depressive symptoms who have not responded to other treatments such as antidepressants or mood stabilizers. The dosage and frequency of application depend on the individual patient's condition and response to treatment."
279,tinyllama,Lesch-Nyhan Syndrome,hasDeficientEnzyme,Which enzyme is deficient in Lesch-Nyhan Syndrome?,Hypoxanthine-Guanine Phosphoribosyltransferase,"Lesch-Nyhan Syndrome, which is also known as LNS, is a type of enzyme that is deficient due to a rare genetic mutation. It plays an essential role in the process of protein synthesis and contributes to many physiological functions, including cell division and growth. In individuals with Lesch-Nyhan Syndrome, their body may not produce enough LNS enzyme to efficiently carry out these processes or generate enough protein for normal functioning."
280,tinyllama,Lesch-Nyhan Syndrome,hasSymptom,What symptoms are associated with Lesch-Nyhan Syndrome?,Gout; Self-Injurious Behavior,"Lesch-Nyhan Syndrome, the most commonly used drug in Europe for treating depression and anxiety disorders, is generally regarded as having a relatively mild impact on people's mood and behavior. The symptoms associated with this treatment include:

1. Drowsiness or fatigue
2. Increased appetite or weight gain
3. Increased thirst or difficulty controlling urination
4. Decrease in sexual ability or desire
5. Weakness, dizziness, or lightheadedness
6. Rapid heart rate and shallow breathing
7. Reduced sense of empathy or impaired social skills
8. Increased aggressive behavior or impulsivity
9. Difficulty sleeping or trouble falling asleep
10. Disturbed thinking, memory, or concentration. These symptoms may be mild and temporary or more severe and prolonged, but they typically resolve within a few weeks of stopping the drug."
281,tinyllama,Lesch-Nyhan Syndrome,accumulatesMetabolite,Which metabolite accumulates in Lesch-Nyhan Syndrome?,Uric Acid,"Sure! According to the passage, the author mentions that Lesch-Nyhan Syndrop is a particular kind of metabolite. Metabolites are molecules or macromolecular entities with structural complexity and complex functions. In this case, it is unclear what specific kind of metabolite is being described or mentioned as part of Lesch-Nyhan Syndrop. However, the passage does suggest that the author may be referring to a particular kind of complex molecule or macromolecular entity with structural complexity and functions related to catalysis or enzyme engineering."
282,tinyllama,Lesch-Nyhan Syndrome,hasCausativeGene,Which gene causes Lesch-Nyhan Syndrome?,HPRT1,"Lesch-Nyhan Syndrome is caused by mutations in the MTCH2 gene, which is on chromosome 15. The MTCH2 gene produces a protein called melatonin receptor (MTCH), which helps regulate sleep and mood. Mutations in this gene have been linked to several rare inherited disorders that affect the timing of sleep onset and duration, as well as mood and behavior."
283,tinyllama,Familial Hypercholesterolemia,hasInheritancePattern,What is the inheritance pattern of Familial Hypercholesterolemia?,Autosomal Dominant,"Familial hypercholesterolemia (FH) is an autosomal dominant inherited disease that causes a deficiency in the liver enzyme apoE4. This enzyme plays a critical role in regulating cholesterol metabolism, and FH affects about 1:2000 males and females. Inherited FH is usually caused by mutations in two genes, APOE (apolipoprotein E) or APOB (a lipoprotein bound protein-1), located on chromosomes 9p21.31 and 9q22.3, respectively. The inheritance pattern of FH is autosomal dominant with an expected frequency of approximately 50% in the general population. If a family member has inherited FH, they have a one in four (40%) chance of passing the mutation on to their offspring."
284,tinyllama,Familial Hypercholesterolemia,treatedWith,How is Familial Hypercholesterolemia treated?,Statin Therapy,"Familial hypercholesterolemia (FH) is an inherited genetic condition that affects the production and metabolism of cholesterol in the body. It is caused by mutations in the FH1 or FH2 gene, which lead to a deficiency in the enzyme responsible for synthesizing LDL-C (low-density lipoprotein cholesterol) and triglycerides in the blood. Treatment for FH typically involves lifestyle changes, medications, or surgery depending on the severity of the condition.

Treatment options may include:

1. Dietary Changes: Avoiding saturated and trans fats can help lower cholesterol levels. Consuming a diet rich in monounsaturated fatty acids (MUFAs) such as olive oil, nuts, and avocados may also be helpful.

2. Medications: There are several medications used to lower LDL-C levels. These include statins (such as simvastatin or rosuvastatin), which reduce cholesterol production, and ezetimibe or niacin, which help absorb LDL-C in the body.

3. Surgery: Surgical options for treating FH include a lipoplasty or a bypass surgery. These surgeries are generally only recommended if lifestyle changes and medications have failed to lower cholesterol levels.

4. Genetic Testing: If you are at high risk of developing FH due to mutations in the FH1 or FH2 genes, genetic testing may be a helpful tool for determining the best treatment option for you. This test can help identify specific mutations and identify which medication or surgery would be most effective for treating your condition."
285,tinyllama,Familial Hypercholesterolemia,hasDeficientEnzyme,Which enzyme is deficient in Familial Hypercholesterolemia?,LDL Receptor,"The enzyme involved in Familial Hypercholesterolemia (FH) is called hepatic alkaline phosphatase (ALP), also known as the liver phosphate transfer protein (LPTP). A deficiency in this enzyme has been associated with familial hypercholesterolemia, a genetic disorder characterized by high levels of triglyceride and cholesterol in the blood. In patients with FH, levels of L-type ATP synthase (ATP) complex subunits are reduced, which leads to impaired cardiac function and increased risk for heart failure and sudden death due to coronary artery disease."
286,tinyllama,Familial Hypercholesterolemia,hasSymptom,What symptoms are associated with Familial Hypercholesterolemia?,Early Coronary Artery Disease; Xanthomas,"Familial hypercholesterolemia (FH) is a genetic condition that causes elevated levels of high-density lipoprotein (HDL) cholesterol, which can contribute to the development of atherosclerosis and coronary heart disease. Some common symptoms associated with FH include:

1. Congestive heart failure due to left ventricular hypertrophy or dilated cardiomyopathy
2. Short stature due to muscle weakness or wasting
3. Difficulty breathing, including difficulty sleeping, coughing up blood (pulmonary embolism), shortness of breath during exercise or exertion
4. Increased risk of stroke, particularly in women
5. Decreased vision due to eye complications such as cataracts or glaucoma
6. Muscle aches and pains
7. Weight gain due to decreased fat storage or increased energy expenditure
8. Swelling in legs (edema)
9. Anemia due to low red blood cell count
10. Reddish patches on skin or tongue due to vitamin K deficiency

The severity and progression of FH symptoms can vary, and some individuals may have only mild symptoms or none at all. It is recommended that you consult with a healthcare provider if you have concerns about your own or a family member's FH."
287,tinyllama,Familial Hypercholesterolemia,accumulatesMetabolite,Which metabolite accumulates in Familial Hypercholesterolemia?,LDL Cholesterol,"The metabolite that accumulates in Familial Hypercholedositoma (FHC) is not specified in the given text. The condition has been described as a rare hereditary disorder affecting people of Ashkenazi Jewish descent, wherein a mutation on chromosome 16p results in the formation of hypercholesterolemia in affected individuals. However, there are no details in the passage about which specific mutation causes FHC or how it contributes to the development of hypercholesterolemia."
288,tinyllama,Familial Hypercholesterolemia,hasCausativeGene,Which gene causes Familial Hypercholesterolemia?,LDLR,"Familial Hypercholedoterolimma, or FH, is an inherited disorder of lipid metabolism caused by mutations in the FH1, FH2 or FH3 genes. The FH1 gene encodes for a protein called alpha-glycoprotein IIb, which is involved in binding and transporting cholesterol from cholesterol-rich lipoproteins (such as HDL) to the liver for removal. Mutations in this gene are responsible for causing the most common form of FH, called familial hypercholesterolemia (FH)."
289,tinyllama,Ataxia-Telangiectasia,hasInheritancePattern,What is the inheritance pattern of Ataxia-Telangiectasia?,Autosomal Recessive,"Inheritance in the Ataxiia-Te Langiecetas species can be traced back to their common ancestor, which is believed to have existed at least 150 million years ago. Members of this species are born into a patrilineal descent and pass on their genetic material only through males to their offspring. The offspring inherit the genes of both parents, so as long as they live, they will possess these traits and pass them on to future generations. In some cases, maternal inheritance may occur as well, wherein a female ancestor may pass on genetic material to her daughters during pregnancy. However, this is rare in this species due to the short lifespan of females compared to males."
290,tinyllama,Ataxia-Telangiectasia,treatedWith,How is Ataxia-Telangiectasia treated?,Supportive Care,"Ataxia-telangiectasia (AT) is a rare autosomal recessive inherited genetic disorder characterized by the accumulation of an abnormal type of protein called hemochromatosis. AT is caused by the presence of an excessive amount of iron in the body, leading to damage and death of cells in various organs such as bone marrow, liver, spleen, and skin. Treatment for AT depends on the severity of symptoms and individual response to treatment. Some treatments may include surgery to remove excess iron deposits or medication to reduce iron levels. In some cases, there are also genetic therapies available to correct the gene responsible for hemochromatosis."
291,tinyllama,Ataxia-Telangiectasia,hasDeficientEnzyme,Which enzyme is deficient in Ataxia-Telangiectasia?,ATM Kinase,"In the genus Ataxiia, the enzyme glucose 6-phosphate (or PEP) pyruvate:isocitrate dehydrogenase (G6PD) deficiency is a common genetic disorder."
292,tinyllama,Ataxia-Telangiectasia,hasSymptom,What symptoms are associated with Ataxia-Telangiectasia?,Cerebellar Ataxia; Telangiectasia,"Ataxiia-Telangiectasia is a rare genetic disorder that causes intellectual and motor impairments. Here are some common symptoms:

1. Intellectual Disability (ID) - may cause difficulty with learning, attention, memory, language, and behavior.
2. Mental Retardation - has a score of 3 or below on the American Idiots Scale
3. Motor Impairments - may cause problems with walking, balance, gait, reflexes, and coordination
4. Autism Spectrum Disorder (ASD) - may be present or present in combination with ASD, ADHD, or epilepsy
5. Developmental Delays - affects language, communication skills, behavior, and social interactions
6. Seizures - have been reported, although they are rare
7. Epilepsy - seizures may be a part of Ataxiia-Te Langiectasia syndrome
8. Autonomic Dysfunction - may cause difficulty with digestion, bowel movements, urination, and bladder control
9. Hypertension - high blood pressure may be present or present in combination with other symptoms
10. Metabolic Disorders - have been reported, such as hypogonadism (low testosterone levels) and hyperinsulinemia (high insulin levels), which can affect brain function and growth

These symptoms are typically mild to severe and may worsen over time. They can also interfere with daily life activities, such as work or school."
293,tinyllama,Ataxia-Telangiectasia,accumulatesMetabolite,Which metabolite accumulates in Ataxia-Telangiectasia?,Impaired DNA-Damage Response Marker,"The metabolite accumulates in the genus Ataxiia, which is part of the family Telegonoidea. This family is known for their ability to produce large and elaborate feathers with complex patterns and coloration."
294,tinyllama,Ataxia-Telangiectasia,hasCausativeGene,Which gene causes Ataxia-Telangiectasia?,ATM,"Ataxia-Te Languesio (ATL) is the cause of Ataxiia-Te Languesio (ATL), a rare disease that causes a buildup of an abnormal protein called p97 in the mitochondria. This leads to cell death and neurological symptoms, such as muscle weakness, ataxia, and seizures. The gene responsible for ATL is not yet fully understood but it may involve mutations in a protein or other genes that regulate mitochondrial function."
295,tinyllama,Cystic Fibrosis,hasInheritancePattern,What is the inheritance pattern of Cystic Fibrosis?,Autosomal Recessive,"Cystic Fibrosis is an inherited disorder that causes abnormal growth and enlargement of blood vessels in various organs and tissues, including the skin, eyes, liver, kidneys, heart, lungs, and brain. The growths can cause pain, swelling, bleeding, and other symptoms depending on the area affected.

In Cystic Fibrosis, the inherited mutations in genes that regulate blood vessel growth or development lead to abnormal connective tissue formation in affected organs and tissues. These abnormalities can be seen at birth through various physical examinations, as well as through imaging tests such as ultrasound, CT scan, and MRI.

The inheritance pattern of Cystic Fibrosis is autosomal dominant, which means that only one copy of the affected gene needs to be present for a person to develop the condition. The disease can run in families or occur spontaneously after an unrelated incident. The disease is more common in women than in men, and it may affect multiple generations in some cases.

There are several types of Cystic Fibrosis, including:

1. Hereditary Cystic Angino-Fibrosis: This type is caused by mutations in genes that regulate blood vessel growth or development, leading to the same symptoms as Cystic Fibrosis in other organs and tissues.

2. Cystic Angiofibroma: This is a benign tumor that forms on blood vessels, typically in the face and scalp. It can be seen during an examination of the skin or under ultrasound guidance.

3. Hereditary Fibrous Dysplasia: This type is caused by mutations in genes involved in bone development, leading to abnormal bone formation. The symptoms are different from those of Cystic Fibrosis and are seen in children and young adults.

4. Congenital Adrenal Hyperplasia (CAH): This is a rare inherited disorder caused by mutations in genes that regulate hormone production, leading to hypogonadism, excessive growth, and other symptoms. CAH can be seen during an examination of the face, head, and body.

In summary, Cystic Fibrosis is a disorder caused by mutations in genes that regulate blood vessel development or formation, leading to abnormal connective tissue growth and enlargement in various organs and tissues. The inheritance pattern is autosomal dominant, and there are several types of Cystic Fibrosis, including Hereditary Cystic Angino-Fibrosis, Hereditary Fibrous Dysplasia, and Congenital Adrenal Hyperplasia (CAH)."
296,tinyllama,Cystic Fibrosis,treatedWith,How is Cystic Fibrosis treated?,CFTR Modulator Therapy,"Cystic fibrosis (CF) is a serious genetic disorder that primarily affects the lungs and pancreas in children and adults. Treatment for CF aims to improve lung function, reduce symptoms such as coughing, difficulty breathing, and wheezing, and prevent complications of CF. 

One type of treatment is called bone marrow transplantation (BMT), which involves the removal of all or part of the patient's bone marrow to replace it with healthy marrow. In CF, this marrow can be found in the lungs and pancreas. BMT can provide short-term relief from symptoms such as coughing and wheezing, but it does not cure CF in itself. However, long-term treatment with medications to block certain enzymes involved in mucus production may help improve lung function over time.

Surgery is also an option for some patients with cystic fibrosis. This involves removing part of the pancreas or chest cavity to remove obstacles that can cause damage to the pancreas and lungs, such as scar tissue. Surgery can improve lung function in patients who have difficulty breathing due to CF.

Other treatments for CF may include medications that target inflammation, antibiotics to prevent infections, and supplements aimed at improving nutrient absorption. It is essential to work with a team of specialists, including doctors, nurses, and dietitians, to develop a personalized treatment plan for each patient with CF."
297,tinyllama,Cystic Fibrosis,hasDeficientEnzyme,Which enzyme is deficient in Cystic Fibrosis?,Cystic Fibrosis Transmembrane Conductance Regulator,"Cystic Fibrosis Deficiency (CFD) is a genetic disorder that affects the lungs, pancreas, and other organs. The deficiency in this disease results from mutations in the CFTR gene, which produces a protein called chloride channel. Without enough chloride channels in cells, the excess salt (sodium) in your body builds up, causing tissues to stick to each other, making it harder for them to move and breathe normally. This can lead to breathing problems, coughing, and a buildup of thick mucus in the lungs. The deficiency is caused by a mutation on the CFTR gene, which results in the production of abnormally small or absent chloride channels."
298,tinyllama,Cystic Fibrosis,hasSymptom,What symptoms are associated with Cystic Fibrosis?,Chronic Lung Infection; Pancreatic Insufficiency,"Cystic Fibrosis (CF) is a genetic disorder that primarily affects the lungs and digestive system in children and young adults. The most common symptom associated with CF is chronic bronchitis and pneumonia, often resulting in recurrent bouts of acute exacerbations throughout life. Other symptoms associated with Cystic Fibrosis include:

1. Ataxia or spasticity due to abnormal muscle contractions: This may result from an enlargement of the lung tissue due to fluid buildup or poor blood flow, which causes muscles to become weak and stiff.

2. Porphyria: This is a rare condition that affects the skin, eyes, and central nervous system, leading to skin lesions, nausea, vomiting, dizziness, and fatigue.

3. Pancreatic insufficiency due to damaged pancreas tissue: This can cause shortness of breath or difficulty swallowing, often affecting children and young adults.

4. Difficulty in digestion: This may lead to vomiting, abdominal pain, diarrhea, and constipation.

5. Eye problems due to blockage of airways: CF patients are at increased risk for developing cataracts or glaucoma.

6. Severe heart failure: This can occur due to blockages in the bronchi (air passages) and/or abnormalities in the muscles that transport oxygen from the lungs to the rest of the body.

7. High blood pressure and kidney disease: These conditions are often present in adult CF patients, and may lead to cardiac failure or kidney damage."
299,tinyllama,Cystic Fibrosis,accumulatesMetabolite,Which metabolite accumulates in Cystic Fibrosis?,Chloride Ion Transport (Defective),"The metabolite that accumulates in Cystic Fibrosis is the protein pore-forming domain of the toxin produced by the fungal pathogen, Cyclospora cayetanensis. This specific metabolite forms a channel that allows the bacterial pathogen to enter the host cell and produce cyclosporins, which are toxic compounds that cause diarrhea, abdominal pain, and fever in humans infected with Cyclospora."
300,tinyllama,Cystic Fibrosis,hasCausativeGene,Which gene causes Cystic Fibrosis?,CFTR,"Cystic Fibrinosis (CF) is a genetic disorder that results in progressive, non-reversible, and irreversible respiratory, muscular, and neurologic complications. It affects both males and females equally, with an estimated prevalence of 1:25,000-40,000 (Marchessault et al., 2016). There are various genes that have been associated with CF, including LRP5 (Dorner et al., 2006) and CNTFRB (Fleischmann et al., 2017), among others."
