id,model,disease,property,question,ground_truth,prompt,llm_answer
1,tinyllama,Phenylketonuria,hasInheritancePattern,What is the inheritance pattern of Phenylketonuria?,Autosomal Recessive,"You are a biomedical assistant.
Answer ONLY using the knowledge below.
Do not use outside knowledge.
If the answer is not present, reply exactly:
I don't know based on the provided knowledge.

=== KNOWLEDGE ===
Disease: Phenylketonuria
Treatment: Low-Phenylalanine Diet
Accumulated Metabolite: Phenylalanine
Deficient Enzyme: Phenylalanine Hydroxylase
Symptoms: Intellectual Disability, Microcephaly
Inheritance Pattern: Autosomal Recessive
Causative Gene: PAH

=== QUESTION ===
What is the inheritance pattern of Phenylketonuria?

=== ANSWER ===
","Based on the provided knowledge, Phenylketonuria has an autosomal recessive inheritance pattern."
2,tinyllama,Phenylketonuria,treatedWith,How is Phenylketonuria treated?,Low-Phenylalanine Diet,"You are a biomedical assistant.
Answer ONLY using the knowledge below.
Do not use outside knowledge.
If the answer is not present, reply exactly:
I don't know based on the provided knowledge.

=== KNOWLEDGE ===
Disease: Phenylketonuria
Treatment: Low-Phenylalanine Diet
Accumulated Metabolite: Phenylalanine
Deficient Enzyme: Phenylalanine Hydroxylase
Symptoms: Intellectual Disability, Microcephaly
Inheritance Pattern: Autosomal Recessive
Causative Gene: PAH

=== QUESTION ===
How is Phenylketonuria treated?

=== ANSWER ===
","I don't have access to current medical information or research. Therefore, I cannot provide specific treatments for phenylketonuria based on the knowledge provided. It is recommended that you consult with a healthcare professional for more detailed information regarding phenylahanine treatment options."
3,tinyllama,Phenylketonuria,hasDeficientEnzyme,Which enzyme is deficient in Phenylketonuria?,Phenylalanine Hydroxylase,"You are a biomedical assistant.
Answer ONLY using the knowledge below.
Do not use outside knowledge.
If the answer is not present, reply exactly:
I don't know based on the provided knowledge.

=== KNOWLEDGE ===
Disease: Phenylketonuria
Treatment: Low-Phenylalanine Diet
Accumulated Metabolite: Phenylalanine
Deficient Enzyme: Phenylalanine Hydroxylase
Symptoms: Intellectual Disability, Microcephaly
Inheritance Pattern: Autosomal Recessive
Causative Gene: PAH

=== QUESTION ===
Which enzyme is deficient in Phenylketonuria?

=== ANSWER ===
","Based on the provided knowledge, the question is asking about a deficiency of a particular enzyme caused by phenylacetaldehyde (Phenylketonuria), and not any other genetic or environmental cause. The given answer is ""Enzyme: Phenylaanine Hydroxylasen."""
4,tinyllama,Phenylketonuria,hasSymptom,What symptoms are associated with Phenylketonuria?,Intellectual Disability; Microcephaly,"You are a biomedical assistant.
Answer ONLY using the knowledge below.
Do not use outside knowledge.
If the answer is not present, reply exactly:
I don't know based on the provided knowledge.

=== KNOWLEDGE ===
Disease: Phenylketonuria
Treatment: Low-Phenylalanine Diet
Accumulated Metabolite: Phenylalanine
Deficient Enzyme: Phenylalanine Hydroxylase
Symptoms: Intellectual Disability, Microcephaly
Inheritance Pattern: Autosomal Recessive
Causative Gene: PAH

=== QUESTION ===
What symptoms are associated with Phenylketonuria?

=== ANSWER ===
","Based on the provided knowledge, the answer to the question is: Phenylketonuria causes intellectual disability and microcephaly."
5,tinyllama,Phenylketonuria,accumulatesMetabolite,Which metabolite accumulates in Phenylketonuria?,Phenylalanine,"You are a biomedical assistant.
Answer ONLY using the knowledge below.
Do not use outside knowledge.
If the answer is not present, reply exactly:
I don't know based on the provided knowledge.

=== KNOWLEDGE ===
Disease: Phenylketonuria
Treatment: Low-Phenylalanine Diet
Accumulated Metabolite: Phenylalanine
Deficient Enzyme: Phenylalanine Hydroxylase
Symptoms: Intellectual Disability, Microcephaly
Inheritance Pattern: Autosomal Recessive
Causative Gene: PAH

=== QUESTION ===
Which metabolite accumulates in Phenylketonuria?

=== ANSWER ===
","The answer to the question is ""Phenylahanine"", which accumulates in Phenylketonuria."
6,tinyllama,Phenylketonuria,hasCausativeGene,Which gene causes Phenylketonuria?,PAH,"You are a biomedical assistant.
Answer ONLY using the knowledge below.
Do not use outside knowledge.
If the answer is not present, reply exactly:
I don't know based on the provided knowledge.

=== KNOWLEDGE ===
Disease: Phenylketonuria
Treatment: Low-Phenylalanine Diet
Accumulated Metabolite: Phenylalanine
Deficient Enzyme: Phenylalanine Hydroxylase
Symptoms: Intellectual Disability, Microcephaly
Inheritance Pattern: Autosomal Recessive
Causative Gene: PAH

=== QUESTION ===
Which gene causes Phenylketonuria?

=== ANSWER ===
","The answer to the given question is not present in the provided knowledge. The bioMedical assistant only uses knowledge based on the specific case. If you have any further questions regarding this subject matter, please do not hesitate to contact our customer support team."
7,tinyllama,Maple Syrup Urine Disease,hasInheritancePattern,What is the inheritance pattern of Maple Syrup Urine Disease?,Autosomal Recessive,"You are a biomedical assistant.
Answer ONLY using the knowledge below.
Do not use outside knowledge.
If the answer is not present, reply exactly:
I don't know based on the provided knowledge.

=== KNOWLEDGE ===
Disease: Maple Syrup Urine Disease
Treatment: Branched-Chain Amino Acid Restricted Diet
Accumulated Metabolite: Leucine
Deficient Enzyme: Branched-Chain Alpha-Ketoacid Dehydrogenase
Symptoms: Encephalopathy, Sweet-Smelling Urine
Inheritance Pattern: Autosomal Recessive
Causative Gene: BCKDHA

=== QUESTION ===
What is the inheritance pattern of Maple Syrup Urine Disease?

=== ANSWER ===
","Based on the provided knowledge, the inheritance pattern for Maple Syrup Urine Disease is Autosomal Receessive."
8,tinyllama,Maple Syrup Urine Disease,treatedWith,How is Maple Syrup Urine Disease treated?,Branched-Chain Amino Acid Restricted Diet,"You are a biomedical assistant.
Answer ONLY using the knowledge below.
Do not use outside knowledge.
If the answer is not present, reply exactly:
I don't know based on the provided knowledge.

=== KNOWLEDGE ===
Disease: Maple Syrup Urine Disease
Treatment: Branched-Chain Amino Acid Restricted Diet
Accumulated Metabolite: Leucine
Deficient Enzyme: Branched-Chain Alpha-Ketoacid Dehydrogenase
Symptoms: Encephalopathy, Sweet-Smelling Urine
Inheritance Pattern: Autosomal Recessive
Causative Gene: BCKDHA

=== QUESTION ===
How is Maple Syrup Urine Disease treated?

=== ANSWER ===
","Based on the knowledge provided, the correct answer to the question ""How is Maple Syrup Urine Disease treated?"" is:

Disease: Maple Syrup Uriine Disease (MSUD) treatment involves a specific diet and specific therapy. Symptoms may improve with the use of a branched-chain amino acid restricted diet, which limits the intake of leucine, isoleucine, and valine. In some cases, medication may also be prescribed to control symptoms such as swelling or difficulty breathing."
9,tinyllama,Maple Syrup Urine Disease,hasDeficientEnzyme,Which enzyme is deficient in Maple Syrup Urine Disease?,Branched-Chain Alpha-Ketoacid Dehydrogenase,"You are a biomedical assistant.
Answer ONLY using the knowledge below.
Do not use outside knowledge.
If the answer is not present, reply exactly:
I don't know based on the provided knowledge.

=== KNOWLEDGE ===
Disease: Maple Syrup Urine Disease
Treatment: Branched-Chain Amino Acid Restricted Diet
Accumulated Metabolite: Leucine
Deficient Enzyme: Branched-Chain Alpha-Ketoacid Dehydrogenase
Symptoms: Encephalopathy, Sweet-Smelling Urine
Inheritance Pattern: Autosomal Recessive
Causative Gene: BCKDHA

=== QUESTION ===
Which enzyme is deficient in Maple Syrup Urine Disease?

=== ANSWER ===
",The enzyme that is deficient in Maple Syrup Urine Disease is Branched-Chain Alpha-Ketoacid Dehydogenase.
10,tinyllama,Maple Syrup Urine Disease,hasSymptom,What symptoms are associated with Maple Syrup Urine Disease?,Encephalopathy; Sweet-Smelling Urine,"You are a biomedical assistant.
Answer ONLY using the knowledge below.
Do not use outside knowledge.
If the answer is not present, reply exactly:
I don't know based on the provided knowledge.

=== KNOWLEDGE ===
Disease: Maple Syrup Urine Disease
Treatment: Branched-Chain Amino Acid Restricted Diet
Accumulated Metabolite: Leucine
Deficient Enzyme: Branched-Chain Alpha-Ketoacid Dehydrogenase
Symptoms: Encephalopathy, Sweet-Smelling Urine
Inheritance Pattern: Autosomal Recessive
Causative Gene: BCKDHA

=== QUESTION ===
What symptoms are associated with Maple Syrup Urine Disease?

=== ANSWER ===
","I do not have the knowledge of specific diseases or conditions associated with maple syrup urine disorder. The provided knowledge is based on genetic, environmental, and metabolic factors that can trigger or exacerbate symptoms associated with the disease."
11,tinyllama,Maple Syrup Urine Disease,accumulatesMetabolite,Which metabolite accumulates in Maple Syrup Urine Disease?,Leucine,"You are a biomedical assistant.
Answer ONLY using the knowledge below.
Do not use outside knowledge.
If the answer is not present, reply exactly:
I don't know based on the provided knowledge.

=== KNOWLEDGE ===
Disease: Maple Syrup Urine Disease
Treatment: Branched-Chain Amino Acid Restricted Diet
Accumulated Metabolite: Leucine
Deficient Enzyme: Branched-Chain Alpha-Ketoacid Dehydrogenase
Symptoms: Encephalopathy, Sweet-Smelling Urine
Inheritance Pattern: Autosomal Recessive
Causative Gene: BCKDHA

=== QUESTION ===
Which metabolite accumulates in Maple Syrup Urine Disease?

=== ANSWER ===
",I don't know based on the provided knowledge.
12,tinyllama,Maple Syrup Urine Disease,hasCausativeGene,Which gene causes Maple Syrup Urine Disease?,BCKDHA,"You are a biomedical assistant.
Answer ONLY using the knowledge below.
Do not use outside knowledge.
If the answer is not present, reply exactly:
I don't know based on the provided knowledge.

=== KNOWLEDGE ===
Disease: Maple Syrup Urine Disease
Treatment: Branched-Chain Amino Acid Restricted Diet
Accumulated Metabolite: Leucine
Deficient Enzyme: Branched-Chain Alpha-Ketoacid Dehydrogenase
Symptoms: Encephalopathy, Sweet-Smelling Urine
Inheritance Pattern: Autosomal Recessive
Causative Gene: BCKDHA

=== QUESTION ===
Which gene causes Maple Syrup Urine Disease?

=== ANSWER ===
","According to the given knowledge, the gene causing Maple Syrup Uriine Disease (a disorder that affects the brain and causes swelling in the face) is not known. It is only known that this disease is caused by a specific mutation in the BCKDHA gene, which may result in a reduced expression of the gene, leading to Maple Syrup Uriine Disease."
13,tinyllama,Homocystinuria,hasInheritancePattern,What is the inheritance pattern of Homocystinuria?,Autosomal Recessive,"You are a biomedical assistant.
Answer ONLY using the knowledge below.
Do not use outside knowledge.
If the answer is not present, reply exactly:
I don't know based on the provided knowledge.

=== KNOWLEDGE ===
Disease: Homocystinuria
Treatment: Vitamin B6 Supplementation
Accumulated Metabolite: Homocysteine
Deficient Enzyme: Cystathionine Beta-Synthase
Symptoms: Lens Dislocation, Marfanoid Habitus, Thromboembolism
Inheritance Pattern: Autosomal Recessive
Causative Gene: CBS

=== QUESTION ===
What is the inheritance pattern of Homocystinuria?

=== ANSWER ===
",The inheritance pattern of Homocystinuria is auto-sromal recevive.
14,tinyllama,Homocystinuria,treatedWith,How is Homocystinuria treated?,Vitamin B6 Supplementation,"You are a biomedical assistant.
Answer ONLY using the knowledge below.
Do not use outside knowledge.
If the answer is not present, reply exactly:
I don't know based on the provided knowledge.

=== KNOWLEDGE ===
Disease: Homocystinuria
Treatment: Vitamin B6 Supplementation
Accumulated Metabolite: Homocysteine
Deficient Enzyme: Cystathionine Beta-Synthase
Symptoms: Lens Dislocation, Marfanoid Habitus, Thromboembolism
Inheritance Pattern: Autosomal Recessive
Causative Gene: CBS

=== QUESTION ===
How is Homocystinuria treated?

=== ANSWER ===
","The given knowledge only provides a brief overview of the treatment for homocystinuria, which does not mention any specific treatments. It can be assumed that since there are no mentioned treatments in the provided knowledge, one should not rely on outside knowledge or make a clinical decision based solely on this information."
15,tinyllama,Homocystinuria,hasDeficientEnzyme,Which enzyme is deficient in Homocystinuria?,Cystathionine Beta-Synthase,"You are a biomedical assistant.
Answer ONLY using the knowledge below.
Do not use outside knowledge.
If the answer is not present, reply exactly:
I don't know based on the provided knowledge.

=== KNOWLEDGE ===
Disease: Homocystinuria
Treatment: Vitamin B6 Supplementation
Accumulated Metabolite: Homocysteine
Deficient Enzyme: Cystathionine Beta-Synthase
Symptoms: Lens Dislocation, Marfanoid Habitus, Thromboembolism
Inheritance Pattern: Autosomal Recessive
Causative Gene: CBS

=== QUESTION ===
Which enzyme is deficient in Homocystinuria?

=== ANSWER ===
","The correct answer to the question ""Which enzyme is deficient in Homocystinuria?"" is Vitamin B6 Supplementation."
16,tinyllama,Homocystinuria,hasSymptom,What symptoms are associated with Homocystinuria?,Lens Dislocation; Marfanoid Habitus; Thromboembolism,"You are a biomedical assistant.
Answer ONLY using the knowledge below.
Do not use outside knowledge.
If the answer is not present, reply exactly:
I don't know based on the provided knowledge.

=== KNOWLEDGE ===
Disease: Homocystinuria
Treatment: Vitamin B6 Supplementation
Accumulated Metabolite: Homocysteine
Deficient Enzyme: Cystathionine Beta-Synthase
Symptoms: Lens Dislocation, Marfanoid Habitus, Thromboembolism
Inheritance Pattern: Autosomal Recessive
Causative Gene: CBS

=== QUESTION ===
What symptoms are associated with Homocystinuria?

=== ANSWER ===
","Answer based on the provided knowledge: The symptoms of Homocystinuria are not known and require further research. It is unclear from the given knowledge whether or not this disorder is diagnosed, what its potential causes or treatment options are, or how it affects an individual's life."
17,tinyllama,Homocystinuria,accumulatesMetabolite,Which metabolite accumulates in Homocystinuria?,Homocysteine,"You are a biomedical assistant.
Answer ONLY using the knowledge below.
Do not use outside knowledge.
If the answer is not present, reply exactly:
I don't know based on the provided knowledge.

=== KNOWLEDGE ===
Disease: Homocystinuria
Treatment: Vitamin B6 Supplementation
Accumulated Metabolite: Homocysteine
Deficient Enzyme: Cystathionine Beta-Synthase
Symptoms: Lens Dislocation, Marfanoid Habitus, Thromboembolism
Inheritance Pattern: Autosomal Recessive
Causative Gene: CBS

=== QUESTION ===
Which metabolite accumulates in Homocystinuria?

=== ANSWER ===
","The given knowledge states that homocysteine accumulates in the disorder of Vitamin B6 supplementation, vitamin B6 deficiency, cumulative metabolite, auto-somal reciprocal, and auto-somal transmitted genes."
18,tinyllama,Homocystinuria,hasCausativeGene,Which gene causes Homocystinuria?,CBS,"You are a biomedical assistant.
Answer ONLY using the knowledge below.
Do not use outside knowledge.
If the answer is not present, reply exactly:
I don't know based on the provided knowledge.

=== KNOWLEDGE ===
Disease: Homocystinuria
Treatment: Vitamin B6 Supplementation
Accumulated Metabolite: Homocysteine
Deficient Enzyme: Cystathionine Beta-Synthase
Symptoms: Lens Dislocation, Marfanoid Habitus, Thromboembolism
Inheritance Pattern: Autosomal Recessive
Causative Gene: CBS

=== QUESTION ===
Which gene causes Homocystinuria?

=== ANSWER ===
",The gene that causes Homocystinuria is not mentioned in the provided knowledge.
19,tinyllama,Tyrosinemia Type I,hasInheritancePattern,What is the inheritance pattern of Tyrosinemia Type I?,Autosomal Recessive,"You are a biomedical assistant.
Answer ONLY using the knowledge below.
Do not use outside knowledge.
If the answer is not present, reply exactly:
I don't know based on the provided knowledge.

=== KNOWLEDGE ===
Disease: Tyrosinemia Type I
Treatment: Nitisinone Therapy
Accumulated Metabolite: Succinylacetone
Deficient Enzyme: Fumarylacetoacetase
Symptoms: Liver Failure, Renal Tubular Dysfunction
Inheritance Pattern: Autosomal Recessive
Causative Gene: FAH

=== QUESTION ===
What is the inheritance pattern of Tyrosinemia Type I?

=== ANSWER ===
",The inheritance pattern of Tyrosinemia Type I is autosomal recessive.
20,tinyllama,Tyrosinemia Type I,treatedWith,How is Tyrosinemia Type I treated?,Nitisinone Therapy,"You are a biomedical assistant.
Answer ONLY using the knowledge below.
Do not use outside knowledge.
If the answer is not present, reply exactly:
I don't know based on the provided knowledge.

=== KNOWLEDGE ===
Disease: Tyrosinemia Type I
Treatment: Nitisinone Therapy
Accumulated Metabolite: Succinylacetone
Deficient Enzyme: Fumarylacetoacetase
Symptoms: Liver Failure, Renal Tubular Dysfunction
Inheritance Pattern: Autosomal Recessive
Causative Gene: FAH

=== QUESTION ===
How is Tyrosinemia Type I treated?

=== ANSWER ===
","Based on the given knowledge, Tyrosine mihiya type I is typically treated with a combination of drugs. Ni TiSiNoNe Therapy and Fumarylacetoacetase are commonly used medications to treat this condition. The exact details of the treatment protocol will depend on the specific symptoms and severity of the disorder, but in general, it may involve targeted therapies aimed at correcting the underlying genetic mutation or addressing the underlying imbalance of enzymes. Patients with Tyrosine mihiya type I should consult their healthcare provider to receive the most appropriate treatment for their specific needs."
21,tinyllama,Tyrosinemia Type I,hasDeficientEnzyme,Which enzyme is deficient in Tyrosinemia Type I?,Fumarylacetoacetase,"You are a biomedical assistant.
Answer ONLY using the knowledge below.
Do not use outside knowledge.
If the answer is not present, reply exactly:
I don't know based on the provided knowledge.

=== KNOWLEDGE ===
Disease: Tyrosinemia Type I
Treatment: Nitisinone Therapy
Accumulated Metabolite: Succinylacetone
Deficient Enzyme: Fumarylacetoacetase
Symptoms: Liver Failure, Renal Tubular Dysfunction
Inheritance Pattern: Autosomal Recessive
Causative Gene: FAH

=== QUESTION ===
Which enzyme is deficient in Tyrosinemia Type I?

=== ANSWER ===
","The question is asking for the deficiant enzyme associated with Tyrosinemia Type I. The provided knowledge mentions that the enzyme is Fumarylacetoacetase, which is a mitochondrial enzyme associated with fatty acid metabolism."
22,tinyllama,Tyrosinemia Type I,hasSymptom,What symptoms are associated with Tyrosinemia Type I?,Liver Failure; Renal Tubular Dysfunction,"You are a biomedical assistant.
Answer ONLY using the knowledge below.
Do not use outside knowledge.
If the answer is not present, reply exactly:
I don't know based on the provided knowledge.

=== KNOWLEDGE ===
Disease: Tyrosinemia Type I
Treatment: Nitisinone Therapy
Accumulated Metabolite: Succinylacetone
Deficient Enzyme: Fumarylacetoacetase
Symptoms: Liver Failure, Renal Tubular Dysfunction
Inheritance Pattern: Autosomal Recessive
Causative Gene: FAH

=== QUESTION ===
What symptoms are associated with Tyrosinemia Type I?

=== ANSWER ===
","Based on the given knowledge, the answer to the question is ""None of the above."""
23,tinyllama,Tyrosinemia Type I,accumulatesMetabolite,Which metabolite accumulates in Tyrosinemia Type I?,Succinylacetone,"You are a biomedical assistant.
Answer ONLY using the knowledge below.
Do not use outside knowledge.
If the answer is not present, reply exactly:
I don't know based on the provided knowledge.

=== KNOWLEDGE ===
Disease: Tyrosinemia Type I
Treatment: Nitisinone Therapy
Accumulated Metabolite: Succinylacetone
Deficient Enzyme: Fumarylacetoacetase
Symptoms: Liver Failure, Renal Tubular Dysfunction
Inheritance Pattern: Autosomal Recessive
Causative Gene: FAH

=== QUESTION ===
Which metabolite accumulates in Tyrosinemia Type I?

=== ANSWER ===
","Based on the knowledge provided, ""Tyrosinemiia Type I"" is a disease caused by an accumulation of a type of metabolic disorder called tyrosine. The main cause of this disorder is the imbalance in the production of certain enzymes needed for the breakdown and synthesis of proteins and lipids, specifically in the liver. The most common symptoms of Tyrosinemiia Type I are liver failure and renal dysfunction, as well as renal tubular dysfunction caused by decreased Na+/K+-ATPase activity, which can lead to progressive kidney damage."
24,tinyllama,Tyrosinemia Type I,hasCausativeGene,Which gene causes Tyrosinemia Type I?,FAH,"You are a biomedical assistant.
Answer ONLY using the knowledge below.
Do not use outside knowledge.
If the answer is not present, reply exactly:
I don't know based on the provided knowledge.

=== KNOWLEDGE ===
Disease: Tyrosinemia Type I
Treatment: Nitisinone Therapy
Accumulated Metabolite: Succinylacetone
Deficient Enzyme: Fumarylacetoacetase
Symptoms: Liver Failure, Renal Tubular Dysfunction
Inheritance Pattern: Autosomal Recessive
Causative Gene: FAH

=== QUESTION ===
Which gene causes Tyrosinemia Type I?

=== ANSWER ===
","The gene causing Tyrosinemiia Type I is FAH (fructose-1,6-bisphosphatase alpha)."
25,tinyllama,Alkaptonuria,hasInheritancePattern,What is the inheritance pattern of Alkaptonuria?,Autosomal Recessive,"You are a biomedical assistant.
Answer ONLY using the knowledge below.
Do not use outside knowledge.
If the answer is not present, reply exactly:
I don't know based on the provided knowledge.

=== KNOWLEDGE ===
Disease: Alkaptonuria
Treatment: Nitisinone Therapy
Accumulated Metabolite: Homogentisic Acid
Deficient Enzyme: Homogentisate 1,2-Dioxygenase
Symptoms: Arthritis, Ochronosis
Inheritance Pattern: Autosomal Recessive
Causative Gene: HGD

=== QUESTION ===
What is the inheritance pattern of Alkaptonuria?

=== ANSWER ===
","The answer for ""What is the inheritance pattern of Alkaptonuria?"" is autosomal transmitter (ASO)."
26,tinyllama,Alkaptonuria,treatedWith,How is Alkaptonuria treated?,Nitisinone Therapy,"You are a biomedical assistant.
Answer ONLY using the knowledge below.
Do not use outside knowledge.
If the answer is not present, reply exactly:
I don't know based on the provided knowledge.

=== KNOWLEDGE ===
Disease: Alkaptonuria
Treatment: Nitisinone Therapy
Accumulated Metabolite: Homogentisic Acid
Deficient Enzyme: Homogentisate 1,2-Dioxygenase
Symptoms: Arthritis, Ochronosis
Inheritance Pattern: Autosomal Recessive
Causative Gene: HGD

=== QUESTION ===
How is Alkaptonuria treated?

=== ANSWER ===
","I don't know based on the provided knowledge. The question does not provide any specific information about how to treat Alkaptonuria, and therefore, I cannot provide a specific answer based on my knowledge. It is up to the user to research and find out more information about the treatment for this condition."
27,tinyllama,Alkaptonuria,hasDeficientEnzyme,Which enzyme is deficient in Alkaptonuria?,"Homogentisate 1,2-Dioxygenase","You are a biomedical assistant.
Answer ONLY using the knowledge below.
Do not use outside knowledge.
If the answer is not present, reply exactly:
I don't know based on the provided knowledge.

=== KNOWLEDGE ===
Disease: Alkaptonuria
Treatment: Nitisinone Therapy
Accumulated Metabolite: Homogentisic Acid
Deficient Enzyme: Homogentisate 1,2-Dioxygenase
Symptoms: Arthritis, Ochronosis
Inheritance Pattern: Autosomal Recessive
Causative Gene: HGD

=== QUESTION ===
Which enzyme is deficient in Alkaptonuria?

=== ANSWER ===
","The enzyme that is deficient in Alkaptonuria is Homogentisate 1,2-Dioxygenase (HGD)."
28,tinyllama,Alkaptonuria,hasSymptom,What symptoms are associated with Alkaptonuria?,Arthritis; Ochronosis,"You are a biomedical assistant.
Answer ONLY using the knowledge below.
Do not use outside knowledge.
If the answer is not present, reply exactly:
I don't know based on the provided knowledge.

=== KNOWLEDGE ===
Disease: Alkaptonuria
Treatment: Nitisinone Therapy
Accumulated Metabolite: Homogentisic Acid
Deficient Enzyme: Homogentisate 1,2-Dioxygenase
Symptoms: Arthritis, Ochronosis
Inheritance Pattern: Autosomal Recessive
Causative Gene: HGD

=== QUESTION ===
What symptoms are associated with Alkaptonuria?

=== ANSWER ===
","The provided knowledge contains information about the symptoms associated with Alkaptonuria, which are Arthritis and Ochronosis."
29,tinyllama,Alkaptonuria,accumulatesMetabolite,Which metabolite accumulates in Alkaptonuria?,Homogentisic Acid,"You are a biomedical assistant.
Answer ONLY using the knowledge below.
Do not use outside knowledge.
If the answer is not present, reply exactly:
I don't know based on the provided knowledge.

=== KNOWLEDGE ===
Disease: Alkaptonuria
Treatment: Nitisinone Therapy
Accumulated Metabolite: Homogentisic Acid
Deficient Enzyme: Homogentisate 1,2-Dioxygenase
Symptoms: Arthritis, Ochronosis
Inheritance Pattern: Autosomal Recessive
Causative Gene: HGD

=== QUESTION ===
Which metabolite accumulates in Alkaptonuria?

=== ANSWER ===
","The given knowledge is not enough to answer the question, as there are no specific details provided about the disease or disorder that causes Alkaptonuria. The only available information is based on the diseasee (Alkaptonuria), but without additional information regarding its causation or inheritance pattern, it's impossible to determine which metabolite accumulates in this condition."
30,tinyllama,Alkaptonuria,hasCausativeGene,Which gene causes Alkaptonuria?,HGD,"You are a biomedical assistant.
Answer ONLY using the knowledge below.
Do not use outside knowledge.
If the answer is not present, reply exactly:
I don't know based on the provided knowledge.

=== KNOWLEDGE ===
Disease: Alkaptonuria
Treatment: Nitisinone Therapy
Accumulated Metabolite: Homogentisic Acid
Deficient Enzyme: Homogentisate 1,2-Dioxygenase
Symptoms: Arthritis, Ochronosis
Inheritance Pattern: Autosomal Recessive
Causative Gene: HGD

=== QUESTION ===
Which gene causes Alkaptonuria?

=== ANSWER ===
","Based on the given knowledge, the gene causing Alkaptonuria is not present in the provided list. Therefore, the question is answered incorrectly."
31,tinyllama,Nonketotic Hyperglycinemia,hasInheritancePattern,What is the inheritance pattern of Nonketotic Hyperglycinemia?,Autosomal Recessive,"You are a biomedical assistant.
Answer ONLY using the knowledge below.
Do not use outside knowledge.
If the answer is not present, reply exactly:
I don't know based on the provided knowledge.

=== KNOWLEDGE ===
Disease: Nonketotic Hyperglycinemia
Treatment: Sodium Benzoate Therapy
Accumulated Metabolite: Glycine
Deficient Enzyme: Glycine Decarboxylase
Symptoms: Encephalopathy, Seizures
Inheritance Pattern: Autosomal Recessive
Causative Gene: GLDC

=== QUESTION ===
What is the inheritance pattern of Nonketotic Hyperglycinemia?

=== ANSWER ===
","No outside knowledge was used to answer this question. Based on the provided knowledge, it can be inferred that the inheritance pattern of Nonketotic Hyperglycinemia follows an autosomal recessive pattern."
32,tinyllama,Nonketotic Hyperglycinemia,treatedWith,How is Nonketotic Hyperglycinemia treated?,Sodium Benzoate Therapy,"You are a biomedical assistant.
Answer ONLY using the knowledge below.
Do not use outside knowledge.
If the answer is not present, reply exactly:
I don't know based on the provided knowledge.

=== KNOWLEDGE ===
Disease: Nonketotic Hyperglycinemia
Treatment: Sodium Benzoate Therapy
Accumulated Metabolite: Glycine
Deficient Enzyme: Glycine Decarboxylase
Symptoms: Encephalopathy, Seizures
Inheritance Pattern: Autosomal Recessive
Causative Gene: GLDC

=== QUESTION ===
How is Nonketotic Hyperglycinemia treated?

=== ANSWER ===
","The correct answer to the question ""How is Nonketotic Hyperglycinemia treated?"" is with soybean oil supplementation. This treatment is used as a form of therapy for nonketotic hyperglycinemia, which is a rare genetic disorder that affects the body's ability to absorb and metabolize glycine. Treatment options may also include dietary changes and medications such as cholinesterase inhibitors or glutamate decarboxylase (GAD) inhibitors, but soybean oil supplementation is considered the most effective therapy available for nonketotic hyperglycinemia."
33,tinyllama,Nonketotic Hyperglycinemia,hasDeficientEnzyme,Which enzyme is deficient in Nonketotic Hyperglycinemia?,Glycine Decarboxylase,"You are a biomedical assistant.
Answer ONLY using the knowledge below.
Do not use outside knowledge.
If the answer is not present, reply exactly:
I don't know based on the provided knowledge.

=== KNOWLEDGE ===
Disease: Nonketotic Hyperglycinemia
Treatment: Sodium Benzoate Therapy
Accumulated Metabolite: Glycine
Deficient Enzyme: Glycine Decarboxylase
Symptoms: Encephalopathy, Seizures
Inheritance Pattern: Autosomal Recessive
Causative Gene: GLDC

=== QUESTION ===
Which enzyme is deficient in Nonketotic Hyperglycinemia?

=== ANSWER ===
","No external knowledge was provided to answer the question, based on the given knowledge. The given statement ""I don't know"" is used as a placeholder for answering questions or finding the appropriate knowledge from sources such as encyclopedias or databases."
34,tinyllama,Nonketotic Hyperglycinemia,hasSymptom,What symptoms are associated with Nonketotic Hyperglycinemia?,Encephalopathy; Seizures,"You are a biomedical assistant.
Answer ONLY using the knowledge below.
Do not use outside knowledge.
If the answer is not present, reply exactly:
I don't know based on the provided knowledge.

=== KNOWLEDGE ===
Disease: Nonketotic Hyperglycinemia
Treatment: Sodium Benzoate Therapy
Accumulated Metabolite: Glycine
Deficient Enzyme: Glycine Decarboxylase
Symptoms: Encephalopathy, Seizures
Inheritance Pattern: Autosomal Recessive
Causative Gene: GLDC

=== QUESTION ===
What symptoms are associated with Nonketotic Hyperglycinemia?

=== ANSWER ===
","The answer is Encephalopathy, Seizures."
35,tinyllama,Nonketotic Hyperglycinemia,accumulatesMetabolite,Which metabolite accumulates in Nonketotic Hyperglycinemia?,Glycine,"You are a biomedical assistant.
Answer ONLY using the knowledge below.
Do not use outside knowledge.
If the answer is not present, reply exactly:
I don't know based on the provided knowledge.

=== KNOWLEDGE ===
Disease: Nonketotic Hyperglycinemia
Treatment: Sodium Benzoate Therapy
Accumulated Metabolite: Glycine
Deficient Enzyme: Glycine Decarboxylase
Symptoms: Encephalopathy, Seizures
Inheritance Pattern: Autosomal Recessive
Causative Gene: GLDC

=== QUESTION ===
Which metabolite accumulates in Nonketotic Hyperglycinemia?

=== ANSWER ===
","Based on the provided knowledge, the correct answer is ""Glzikine Decarboxylase"" (metabolic disorder)"
36,tinyllama,Nonketotic Hyperglycinemia,hasCausativeGene,Which gene causes Nonketotic Hyperglycinemia?,GLDC,"You are a biomedical assistant.
Answer ONLY using the knowledge below.
Do not use outside knowledge.
If the answer is not present, reply exactly:
I don't know based on the provided knowledge.

=== KNOWLEDGE ===
Disease: Nonketotic Hyperglycinemia
Treatment: Sodium Benzoate Therapy
Accumulated Metabolite: Glycine
Deficient Enzyme: Glycine Decarboxylase
Symptoms: Encephalopathy, Seizures
Inheritance Pattern: Autosomal Recessive
Causative Gene: GLDC

=== QUESTION ===
Which gene causes Nonketotic Hyperglycinemia?

=== ANSWER ===
",The answer to the question is: Sozium Benzoate Therapy.
37,tinyllama,Citrullinemia Type I,hasInheritancePattern,What is the inheritance pattern of Citrullinemia Type I?,Autosomal Recessive,"You are a biomedical assistant.
Answer ONLY using the knowledge below.
Do not use outside knowledge.
If the answer is not present, reply exactly:
I don't know based on the provided knowledge.

=== KNOWLEDGE ===
Disease: Citrullinemia Type I
Treatment: Protein-Restricted Diet
Accumulated Metabolite: Citrulline
Deficient Enzyme: Argininosuccinate Synthase
Symptoms: Hyperammonemia, Lethargy
Inheritance Pattern: Autosomal Recessive
Causative Gene: ASS1

=== QUESTION ===
What is the inheritance pattern of Citrullinemia Type I?

=== ANSWER ===
",The inheritance pattern of Citrullinemia Type I is autosomal receive.
38,tinyllama,Citrullinemia Type I,treatedWith,How is Citrullinemia Type I treated?,Protein-Restricted Diet,"You are a biomedical assistant.
Answer ONLY using the knowledge below.
Do not use outside knowledge.
If the answer is not present, reply exactly:
I don't know based on the provided knowledge.

=== KNOWLEDGE ===
Disease: Citrullinemia Type I
Treatment: Protein-Restricted Diet
Accumulated Metabolite: Citrulline
Deficient Enzyme: Argininosuccinate Synthase
Symptoms: Hyperammonemia, Lethargy
Inheritance Pattern: Autosomal Recessive
Causative Gene: ASS1

=== QUESTION ===
How is Citrullinemia Type I treated?

=== ANSWER ===
","Based on the provided knowledge, the correct answer to the question ""How is Citrullinemia Type I treated?"" is: Protein-Restricted Diet."
39,tinyllama,Citrullinemia Type I,hasDeficientEnzyme,Which enzyme is deficient in Citrullinemia Type I?,Argininosuccinate Synthase,"You are a biomedical assistant.
Answer ONLY using the knowledge below.
Do not use outside knowledge.
If the answer is not present, reply exactly:
I don't know based on the provided knowledge.

=== KNOWLEDGE ===
Disease: Citrullinemia Type I
Treatment: Protein-Restricted Diet
Accumulated Metabolite: Citrulline
Deficient Enzyme: Argininosuccinate Synthase
Symptoms: Hyperammonemia, Lethargy
Inheritance Pattern: Autosomal Recessive
Causative Gene: ASS1

=== QUESTION ===
Which enzyme is deficient in Citrullinemia Type I?

=== ANSWER ===
","The enzyme responsible for Citrulline mihi Type I, argininosuccinate synthase, is deficient."
40,tinyllama,Citrullinemia Type I,hasSymptom,What symptoms are associated with Citrullinemia Type I?,Hyperammonemia; Lethargy,"You are a biomedical assistant.
Answer ONLY using the knowledge below.
Do not use outside knowledge.
If the answer is not present, reply exactly:
I don't know based on the provided knowledge.

=== KNOWLEDGE ===
Disease: Citrullinemia Type I
Treatment: Protein-Restricted Diet
Accumulated Metabolite: Citrulline
Deficient Enzyme: Argininosuccinate Synthase
Symptoms: Hyperammonemia, Lethargy
Inheritance Pattern: Autosomal Recessive
Causative Gene: ASS1

=== QUESTION ===
What symptoms are associated with Citrullinemia Type I?

=== ANSWER ===
","According to the provided knowledge, Citrullinemia Type I is a rare disorder characterized by hyperammonemiia, deficiency in argininosuccinate synthase (RAS), and accumulated metabolite. Symptoms of this disease include hyperammonemiia, which can result in high levels of ammonia in the blood, and deficiencies in various enzymes, leading to an imbalance of amino acids, especially arginine, which are important for normal growth and development. The inheritance pattern is described as Auto-somal Receive, meaning that affected individuals inherit the disorder from one or both parents who have a mutation in the RAS gene."
41,tinyllama,Citrullinemia Type I,accumulatesMetabolite,Which metabolite accumulates in Citrullinemia Type I?,Citrulline,"You are a biomedical assistant.
Answer ONLY using the knowledge below.
Do not use outside knowledge.
If the answer is not present, reply exactly:
I don't know based on the provided knowledge.

=== KNOWLEDGE ===
Disease: Citrullinemia Type I
Treatment: Protein-Restricted Diet
Accumulated Metabolite: Citrulline
Deficient Enzyme: Argininosuccinate Synthase
Symptoms: Hyperammonemia, Lethargy
Inheritance Pattern: Autosomal Recessive
Causative Gene: ASS1

=== QUESTION ===
Which metabolite accumulates in Citrullinemia Type I?

=== ANSWER ===
",I don't know based on the provided knowledge. Please provide additional information or specific questions to assist you in answering the question.
42,tinyllama,Citrullinemia Type I,hasCausativeGene,Which gene causes Citrullinemia Type I?,ASS1,"You are a biomedical assistant.
Answer ONLY using the knowledge below.
Do not use outside knowledge.
If the answer is not present, reply exactly:
I don't know based on the provided knowledge.

=== KNOWLEDGE ===
Disease: Citrullinemia Type I
Treatment: Protein-Restricted Diet
Accumulated Metabolite: Citrulline
Deficient Enzyme: Argininosuccinate Synthase
Symptoms: Hyperammonemia, Lethargy
Inheritance Pattern: Autosomal Recessive
Causative Gene: ASS1

=== QUESTION ===
Which gene causes Citrullinemia Type I?

=== ANSWER ===
",The answer to the question is not present in the provided knowledge. Please provide it using the knowledge available.
43,tinyllama,Argininosuccinic Aciduria,hasInheritancePattern,What is the inheritance pattern of Argininosuccinic Aciduria?,Autosomal Recessive,"You are a biomedical assistant.
Answer ONLY using the knowledge below.
Do not use outside knowledge.
If the answer is not present, reply exactly:
I don't know based on the provided knowledge.

=== KNOWLEDGE ===
Disease: Argininosuccinic Aciduria
Treatment: Arginine Supplementation
Accumulated Metabolite: Argininosuccinic Acid
Deficient Enzyme: Argininosuccinate Lyase
Symptoms: Hyperammonemia, Trichorrhexis Nodosa
Inheritance Pattern: Autosomal Recessive
Causative Gene: ASL

=== QUESTION ===
What is the inheritance pattern of Argininosuccinic Aciduria?

=== ANSWER ===
","According to the given knowledge, the inheritance pattern for Arginiinosuccinic Aciduria is autosomal reciprocal."
44,tinyllama,Argininosuccinic Aciduria,treatedWith,How is Argininosuccinic Aciduria treated?,Arginine Supplementation,"You are a biomedical assistant.
Answer ONLY using the knowledge below.
Do not use outside knowledge.
If the answer is not present, reply exactly:
I don't know based on the provided knowledge.

=== KNOWLEDGE ===
Disease: Argininosuccinic Aciduria
Treatment: Arginine Supplementation
Accumulated Metabolite: Argininosuccinic Acid
Deficient Enzyme: Argininosuccinate Lyase
Symptoms: Hyperammonemia, Trichorrhexis Nodosa
Inheritance Pattern: Autosomal Recessive
Causative Gene: ASL

=== QUESTION ===
How is Argininosuccinic Aciduria treated?

=== ANSWER ===
","Based on the provided knowledge, the answer to the question is that in biochemistry, there are several treatments for Arginiinosuccinic Aciduria. The specific treatment will depend on various factors such as the severity of the symptoms and the individual's medical history. It is important to consult with a healthcare professional to discuss the best approach for managing this condition."
45,tinyllama,Argininosuccinic Aciduria,hasDeficientEnzyme,Which enzyme is deficient in Argininosuccinic Aciduria?,Argininosuccinate Lyase,"You are a biomedical assistant.
Answer ONLY using the knowledge below.
Do not use outside knowledge.
If the answer is not present, reply exactly:
I don't know based on the provided knowledge.

=== KNOWLEDGE ===
Disease: Argininosuccinic Aciduria
Treatment: Arginine Supplementation
Accumulated Metabolite: Argininosuccinic Acid
Deficient Enzyme: Argininosuccinate Lyase
Symptoms: Hyperammonemia, Trichorrhexis Nodosa
Inheritance Pattern: Autosomal Recessive
Causative Gene: ASL

=== QUESTION ===
Which enzyme is deficient in Argininosuccinic Aciduria?

=== ANSWER ===
",The enzyme in Arginiinosuccinic aciduria is the argininosuccinic acidase.
46,tinyllama,Argininosuccinic Aciduria,hasSymptom,What symptoms are associated with Argininosuccinic Aciduria?,Hyperammonemia; Trichorrhexis Nodosa,"You are a biomedical assistant.
Answer ONLY using the knowledge below.
Do not use outside knowledge.
If the answer is not present, reply exactly:
I don't know based on the provided knowledge.

=== KNOWLEDGE ===
Disease: Argininosuccinic Aciduria
Treatment: Arginine Supplementation
Accumulated Metabolite: Argininosuccinic Acid
Deficient Enzyme: Argininosuccinate Lyase
Symptoms: Hyperammonemia, Trichorrhexis Nodosa
Inheritance Pattern: Autosomal Recessive
Causative Gene: ASL

=== QUESTION ===
What symptoms are associated with Argininosuccinic Aciduria?

=== ANSWER ===
","Based on the provided knowledge, the symptoms associated with Arginiinosuccinic Aciduria may include hyperammonemias, trichorrhexis noctosa (hyperammonaemia and sleeping), hyperammonia, encephalopathy, hepatic steatosis, and encephalitis."
47,tinyllama,Argininosuccinic Aciduria,accumulatesMetabolite,Which metabolite accumulates in Argininosuccinic Aciduria?,Argininosuccinic Acid,"You are a biomedical assistant.
Answer ONLY using the knowledge below.
Do not use outside knowledge.
If the answer is not present, reply exactly:
I don't know based on the provided knowledge.

=== KNOWLEDGE ===
Disease: Argininosuccinic Aciduria
Treatment: Arginine Supplementation
Accumulated Metabolite: Argininosuccinic Acid
Deficient Enzyme: Argininosuccinate Lyase
Symptoms: Hyperammonemia, Trichorrhexis Nodosa
Inheritance Pattern: Autosomal Recessive
Causative Gene: ASL

=== QUESTION ===
Which metabolite accumulates in Argininosuccinic Aciduria?

=== ANSWER ===
","The answer to the question is ""Trichorrhexis Noodosa""."
48,tinyllama,Argininosuccinic Aciduria,hasCausativeGene,Which gene causes Argininosuccinic Aciduria?,ASL,"You are a biomedical assistant.
Answer ONLY using the knowledge below.
Do not use outside knowledge.
If the answer is not present, reply exactly:
I don't know based on the provided knowledge.

=== KNOWLEDGE ===
Disease: Argininosuccinic Aciduria
Treatment: Arginine Supplementation
Accumulated Metabolite: Argininosuccinic Acid
Deficient Enzyme: Argininosuccinate Lyase
Symptoms: Hyperammonemia, Trichorrhexis Nodosa
Inheritance Pattern: Autosomal Recessive
Causative Gene: ASL

=== QUESTION ===
Which gene causes Argininosuccinic Aciduria?

=== ANSWER ===
","No outside knowledge is provided, but based on the knowledge provided in the given text, ""Argininosuccinic Aciduria"" can be caused by the gene called ASL."
49,tinyllama,Arginase Deficiency,hasInheritancePattern,What is the inheritance pattern of Arginase Deficiency?,Autosomal Recessive,"You are a biomedical assistant.
Answer ONLY using the knowledge below.
Do not use outside knowledge.
If the answer is not present, reply exactly:
I don't know based on the provided knowledge.

=== KNOWLEDGE ===
Disease: Arginase Deficiency
Treatment: Protein-Restricted Diet
Accumulated Metabolite: Arginine
Deficient Enzyme: Arginase 1
Symptoms: Progressive Intellectual Disability, Spasticity
Inheritance Pattern: Autosomal Recessive
Causative Gene: ARG1

=== QUESTION ===
What is the inheritance pattern of Arginase Deficiency?

=== ANSWER ===
",The answer to the question is auto-somal recessive.
50,tinyllama,Arginase Deficiency,treatedWith,How is Arginase Deficiency treated?,Protein-Restricted Diet,"You are a biomedical assistant.
Answer ONLY using the knowledge below.
Do not use outside knowledge.
If the answer is not present, reply exactly:
I don't know based on the provided knowledge.

=== KNOWLEDGE ===
Disease: Arginase Deficiency
Treatment: Protein-Restricted Diet
Accumulated Metabolite: Arginine
Deficient Enzyme: Arginase 1
Symptoms: Progressive Intellectual Disability, Spasticity
Inheritance Pattern: Autosomal Recessive
Causative Gene: ARG1

=== QUESTION ===
How is Arginase Deficiency treated?

=== ANSWER ===
","Based on the provided knowledge, the treatment for Arginase Deficiency is a protein-restricted diet. Protein-Restricted Diet refers to a diet that restricts the intake of specific types of proteins, such as wheat and dairy products, in order to reduce the risk of developing this disease."
51,tinyllama,Arginase Deficiency,hasDeficientEnzyme,Which enzyme is deficient in Arginase Deficiency?,Arginase 1,"You are a biomedical assistant.
Answer ONLY using the knowledge below.
Do not use outside knowledge.
If the answer is not present, reply exactly:
I don't know based on the provided knowledge.

=== KNOWLEDGE ===
Disease: Arginase Deficiency
Treatment: Protein-Restricted Diet
Accumulated Metabolite: Arginine
Deficient Enzyme: Arginase 1
Symptoms: Progressive Intellectual Disability, Spasticity
Inheritance Pattern: Autosomal Recessive
Causative Gene: ARG1

=== QUESTION ===
Which enzyme is deficient in Arginase Deficiency?

=== ANSWER ===
","The enzyme deficient in Arginase Deficiency is not specified in the given knowledge. Therefore, the answer cannot be answered using this knowledge."
52,tinyllama,Arginase Deficiency,hasSymptom,What symptoms are associated with Arginase Deficiency?,Progressive Intellectual Disability; Spasticity,"You are a biomedical assistant.
Answer ONLY using the knowledge below.
Do not use outside knowledge.
If the answer is not present, reply exactly:
I don't know based on the provided knowledge.

=== KNOWLEDGE ===
Disease: Arginase Deficiency
Treatment: Protein-Restricted Diet
Accumulated Metabolite: Arginine
Deficient Enzyme: Arginase 1
Symptoms: Progressive Intellectual Disability, Spasticity
Inheritance Pattern: Autosomal Recessive
Causative Gene: ARG1

=== QUESTION ===
What symptoms are associated with Arginase Deficiency?

=== ANSWER ===
","Based on the provided knowledge, Arginosis is a characteristic of Arginase Deficiency. The disease is characterized by a decrease in arginase activity and the accumulation of arginine in various organs, causing progressive intellectual disability, spasticity, and other symptoms."
53,tinyllama,Arginase Deficiency,accumulatesMetabolite,Which metabolite accumulates in Arginase Deficiency?,Arginine,"You are a biomedical assistant.
Answer ONLY using the knowledge below.
Do not use outside knowledge.
If the answer is not present, reply exactly:
I don't know based on the provided knowledge.

=== KNOWLEDGE ===
Disease: Arginase Deficiency
Treatment: Protein-Restricted Diet
Accumulated Metabolite: Arginine
Deficient Enzyme: Arginase 1
Symptoms: Progressive Intellectual Disability, Spasticity
Inheritance Pattern: Autosomal Recessive
Causative Gene: ARG1

=== QUESTION ===
Which metabolite accumulates in Arginase Deficiency?

=== ANSWER ===
",The answer is Accumulated Metabolite: Arginoses Deficiency.
54,tinyllama,Arginase Deficiency,hasCausativeGene,Which gene causes Arginase Deficiency?,ARG1,"You are a biomedical assistant.
Answer ONLY using the knowledge below.
Do not use outside knowledge.
If the answer is not present, reply exactly:
I don't know based on the provided knowledge.

=== KNOWLEDGE ===
Disease: Arginase Deficiency
Treatment: Protein-Restricted Diet
Accumulated Metabolite: Arginine
Deficient Enzyme: Arginase 1
Symptoms: Progressive Intellectual Disability, Spasticity
Inheritance Pattern: Autosomal Recessive
Causative Gene: ARG1

=== QUESTION ===
Which gene causes Arginase Deficiency?

=== ANSWER ===
","The given knowledge is that arginosynthase (ARG1) is responsible for the deficiency of arginine in diseases such as AIDS-deficient immunodeficiency syndrome (ADIS), a severe immunodeficiency with progressive intellectual disability and spasticity caused by the loss of functional Arginosynthase 1 (ARG1) genes."
55,tinyllama,Hartnup Disease,hasInheritancePattern,What is the inheritance pattern of Hartnup Disease?,Autosomal Recessive,"You are a biomedical assistant.
Answer ONLY using the knowledge below.
Do not use outside knowledge.
If the answer is not present, reply exactly:
I don't know based on the provided knowledge.

=== KNOWLEDGE ===
Disease: Hartnup Disease
Treatment: Nicotinamide Supplementation
Accumulated Metabolite: Tryptophan
Deficient Enzyme: Neutral Amino Acid Transporter B(0)AT1
Symptoms: Cerebellar Ataxia, Pellagra-Like Rash
Inheritance Pattern: Autosomal Recessive
Causative Gene: SLC6A19

=== QUESTION ===
What is the inheritance pattern of Hartnup Disease?

=== ANSWER ===
","Based on the provided knowledge, the answer to the question is Autosomal Receessive."
56,tinyllama,Hartnup Disease,treatedWith,How is Hartnup Disease treated?,Nicotinamide Supplementation,"You are a biomedical assistant.
Answer ONLY using the knowledge below.
Do not use outside knowledge.
If the answer is not present, reply exactly:
I don't know based on the provided knowledge.

=== KNOWLEDGE ===
Disease: Hartnup Disease
Treatment: Nicotinamide Supplementation
Accumulated Metabolite: Tryptophan
Deficient Enzyme: Neutral Amino Acid Transporter B(0)AT1
Symptoms: Cerebellar Ataxia, Pellagra-Like Rash
Inheritance Pattern: Autosomal Recessive
Causative Gene: SLC6A19

=== QUESTION ===
How is Hartnup Disease treated?

=== ANSWER ===
","Based on the provided knowledge, the answer to your question is that there are no specific treatments for Hartnup Disease."
57,tinyllama,Hartnup Disease,hasDeficientEnzyme,Which enzyme is deficient in Hartnup Disease?,Neutral Amino Acid Transporter B(0)AT1,"You are a biomedical assistant.
Answer ONLY using the knowledge below.
Do not use outside knowledge.
If the answer is not present, reply exactly:
I don't know based on the provided knowledge.

=== KNOWLEDGE ===
Disease: Hartnup Disease
Treatment: Nicotinamide Supplementation
Accumulated Metabolite: Tryptophan
Deficient Enzyme: Neutral Amino Acid Transporter B(0)AT1
Symptoms: Cerebellar Ataxia, Pellagra-Like Rash
Inheritance Pattern: Autosomal Recessive
Causative Gene: SLC6A19

=== QUESTION ===
Which enzyme is deficient in Hartnup Disease?

=== ANSWER ===
",The enzyme that is deficient in Hartnup Disease is Neutral Amino Acid Transporter B(0)AT1.
58,tinyllama,Hartnup Disease,hasSymptom,What symptoms are associated with Hartnup Disease?,Cerebellar Ataxia; Pellagra-Like Rash,"You are a biomedical assistant.
Answer ONLY using the knowledge below.
Do not use outside knowledge.
If the answer is not present, reply exactly:
I don't know based on the provided knowledge.

=== KNOWLEDGE ===
Disease: Hartnup Disease
Treatment: Nicotinamide Supplementation
Accumulated Metabolite: Tryptophan
Deficient Enzyme: Neutral Amino Acid Transporter B(0)AT1
Symptoms: Cerebellar Ataxia, Pellagra-Like Rash
Inheritance Pattern: Autosomal Recessive
Causative Gene: SLC6A19

=== QUESTION ===
What symptoms are associated with Hartnup Disease?

=== ANSWER ===
","Based on the provided knowledge, the correct answer to the question is ""Symptoms: Cerebellar Ataxiia, Pellagra-Like Rasch."""
59,tinyllama,Hartnup Disease,accumulatesMetabolite,Which metabolite accumulates in Hartnup Disease?,Tryptophan,"You are a biomedical assistant.
Answer ONLY using the knowledge below.
Do not use outside knowledge.
If the answer is not present, reply exactly:
I don't know based on the provided knowledge.

=== KNOWLEDGE ===
Disease: Hartnup Disease
Treatment: Nicotinamide Supplementation
Accumulated Metabolite: Tryptophan
Deficient Enzyme: Neutral Amino Acid Transporter B(0)AT1
Symptoms: Cerebellar Ataxia, Pellagra-Like Rash
Inheritance Pattern: Autosomal Recessive
Causative Gene: SLC6A19

=== QUESTION ===
Which metabolite accumulates in Hartnup Disease?

=== ANSWER ===
","The answer based on the given knowledge is ""Tryptophan""."
60,tinyllama,Hartnup Disease,hasCausativeGene,Which gene causes Hartnup Disease?,SLC6A19,"You are a biomedical assistant.
Answer ONLY using the knowledge below.
Do not use outside knowledge.
If the answer is not present, reply exactly:
I don't know based on the provided knowledge.

=== KNOWLEDGE ===
Disease: Hartnup Disease
Treatment: Nicotinamide Supplementation
Accumulated Metabolite: Tryptophan
Deficient Enzyme: Neutral Amino Acid Transporter B(0)AT1
Symptoms: Cerebellar Ataxia, Pellagra-Like Rash
Inheritance Pattern: Autosomal Recessive
Causative Gene: SLC6A19

=== QUESTION ===
Which gene causes Hartnup Disease?

=== ANSWER ===
","Based on the provided knowledge, the gene causing Hartnup Disease is not mentioned in the given text. Therefore, the answer cannot be stated using this information alone."
61,tinyllama,Propionic Acidemia,hasInheritancePattern,What is the inheritance pattern of Propionic Acidemia?,Autosomal Recessive,"You are a biomedical assistant.
Answer ONLY using the knowledge below.
Do not use outside knowledge.
If the answer is not present, reply exactly:
I don't know based on the provided knowledge.

=== KNOWLEDGE ===
Disease: Propionic Acidemia
Treatment: Protein-Restricted Diet with Biotin
Accumulated Metabolite: Propionic Acid
Deficient Enzyme: Propionyl-CoA Carboxylase
Symptoms: Hyperammonemia, Lethargy
Inheritance Pattern: Autosomal Recessive
Causative Gene: PCCA

=== QUESTION ===
What is the inheritance pattern of Propionic Acidemia?

=== ANSWER ===
",The inheritance pattern for Propionic Acidemias is Auto-Somatic Receiverless.
62,tinyllama,Propionic Acidemia,treatedWith,How is Propionic Acidemia treated?,Protein-Restricted Diet with Biotin,"You are a biomedical assistant.
Answer ONLY using the knowledge below.
Do not use outside knowledge.
If the answer is not present, reply exactly:
I don't know based on the provided knowledge.

=== KNOWLEDGE ===
Disease: Propionic Acidemia
Treatment: Protein-Restricted Diet with Biotin
Accumulated Metabolite: Propionic Acid
Deficient Enzyme: Propionyl-CoA Carboxylase
Symptoms: Hyperammonemia, Lethargy
Inheritance Pattern: Autosomal Recessive
Causative Gene: PCCA

=== QUESTION ===
How is Propionic Acidemia treated?

=== ANSWER ===
","Based on the provided knowledge, I do not have an answer for this question. It is based solely on a lack of knowledge and information available to me at this time."
63,tinyllama,Propionic Acidemia,hasDeficientEnzyme,Which enzyme is deficient in Propionic Acidemia?,Propionyl-CoA Carboxylase,"You are a biomedical assistant.
Answer ONLY using the knowledge below.
Do not use outside knowledge.
If the answer is not present, reply exactly:
I don't know based on the provided knowledge.

=== KNOWLEDGE ===
Disease: Propionic Acidemia
Treatment: Protein-Restricted Diet with Biotin
Accumulated Metabolite: Propionic Acid
Deficient Enzyme: Propionyl-CoA Carboxylase
Symptoms: Hyperammonemia, Lethargy
Inheritance Pattern: Autosomal Recessive
Causative Gene: PCCA

=== QUESTION ===
Which enzyme is deficient in Propionic Acidemia?

=== ANSWER ===
","The answer to the question ""Which enzyme is deficient in Propionic Acidemia?"" is: Propionylyl-CoA Carboxylase (PCCA)."
64,tinyllama,Propionic Acidemia,hasSymptom,What symptoms are associated with Propionic Acidemia?,Hyperammonemia; Lethargy,"You are a biomedical assistant.
Answer ONLY using the knowledge below.
Do not use outside knowledge.
If the answer is not present, reply exactly:
I don't know based on the provided knowledge.

=== KNOWLEDGE ===
Disease: Propionic Acidemia
Treatment: Protein-Restricted Diet with Biotin
Accumulated Metabolite: Propionic Acid
Deficient Enzyme: Propionyl-CoA Carboxylase
Symptoms: Hyperammonemia, Lethargy
Inheritance Pattern: Autosomal Recessive
Causative Gene: PCCA

=== QUESTION ===
What symptoms are associated with Propionic Acidemia?

=== ANSWER ===
","The provided knowledge is insufficient to answer the question ""What symptoms are associated with Propionic Acidemi?"" as it only mentions the symptoms, such as hyperammonemias and Lethargy, but does not provide any information on the specific diseases or conditions associated with Propionic Acid. You will need to consult a medical professional to obtain accurate information regarding the symptoms, diagnosis, and treatment of this condition."
65,tinyllama,Propionic Acidemia,accumulatesMetabolite,Which metabolite accumulates in Propionic Acidemia?,Propionic Acid,"You are a biomedical assistant.
Answer ONLY using the knowledge below.
Do not use outside knowledge.
If the answer is not present, reply exactly:
I don't know based on the provided knowledge.

=== KNOWLEDGE ===
Disease: Propionic Acidemia
Treatment: Protein-Restricted Diet with Biotin
Accumulated Metabolite: Propionic Acid
Deficient Enzyme: Propionyl-CoA Carboxylase
Symptoms: Hyperammonemia, Lethargy
Inheritance Pattern: Autosomal Recessive
Causative Gene: PCCA

=== QUESTION ===
Which metabolite accumulates in Propionic Acidemia?

=== ANSWER ===
","According to the provided knowledge, the metabolite that accumulates in Propionic Acidemias is a deficient enzyme called propionyyl-CoA carboxylase."
66,tinyllama,Propionic Acidemia,hasCausativeGene,Which gene causes Propionic Acidemia?,PCCA,"You are a biomedical assistant.
Answer ONLY using the knowledge below.
Do not use outside knowledge.
If the answer is not present, reply exactly:
I don't know based on the provided knowledge.

=== KNOWLEDGE ===
Disease: Propionic Acidemia
Treatment: Protein-Restricted Diet with Biotin
Accumulated Metabolite: Propionic Acid
Deficient Enzyme: Propionyl-CoA Carboxylase
Symptoms: Hyperammonemia, Lethargy
Inheritance Pattern: Autosomal Recessive
Causative Gene: PCCA

=== QUESTION ===
Which gene causes Propionic Acidemia?

=== ANSWER ===
","Based on the provided knowledge, the gene causing Propionic Acidemia is not mentioned in the given material."
67,tinyllama,Methylmalonic Acidemia,hasInheritancePattern,What is the inheritance pattern of Methylmalonic Acidemia?,Autosomal Recessive,"You are a biomedical assistant.
Answer ONLY using the knowledge below.
Do not use outside knowledge.
If the answer is not present, reply exactly:
I don't know based on the provided knowledge.

=== KNOWLEDGE ===
Disease: Methylmalonic Acidemia
Treatment: Vitamin B12 Supplementation
Accumulated Metabolite: Methylmalonic Acid
Deficient Enzyme: Methylmalonyl-CoA Mutase
Symptoms: Failure to Thrive, Metabolic Acidosis
Inheritance Pattern: Autosomal Recessive
Causative Gene: MUT

=== QUESTION ===
What is the inheritance pattern of Methylmalonic Acidemia?

=== ANSWER ===
","The inherited pattern for Methylmaloonic Acidism is auto-somal transmitter, which means that the mutation or defect occurs in both copies of the gene. This means that the condition can be transmitted from parent to child through inheritance via the X chromosome."
68,tinyllama,Methylmalonic Acidemia,treatedWith,How is Methylmalonic Acidemia treated?,Vitamin B12 Supplementation,"You are a biomedical assistant.
Answer ONLY using the knowledge below.
Do not use outside knowledge.
If the answer is not present, reply exactly:
I don't know based on the provided knowledge.

=== KNOWLEDGE ===
Disease: Methylmalonic Acidemia
Treatment: Vitamin B12 Supplementation
Accumulated Metabolite: Methylmalonic Acid
Deficient Enzyme: Methylmalonyl-CoA Mutase
Symptoms: Failure to Thrive, Metabolic Acidosis
Inheritance Pattern: Autosomal Recessive
Causative Gene: MUT

=== QUESTION ===
How is Methylmalonic Acidemia treated?

=== ANSWER ===
","Based on the provided knowledge, the answer to the question ""How is Methylmalonic Acidemia treated?"" is: Vitamin B12 Supplementation."
69,tinyllama,Methylmalonic Acidemia,hasDeficientEnzyme,Which enzyme is deficient in Methylmalonic Acidemia?,Methylmalonyl-CoA Mutase,"You are a biomedical assistant.
Answer ONLY using the knowledge below.
Do not use outside knowledge.
If the answer is not present, reply exactly:
I don't know based on the provided knowledge.

=== KNOWLEDGE ===
Disease: Methylmalonic Acidemia
Treatment: Vitamin B12 Supplementation
Accumulated Metabolite: Methylmalonic Acid
Deficient Enzyme: Methylmalonyl-CoA Mutase
Symptoms: Failure to Thrive, Metabolic Acidosis
Inheritance Pattern: Autosomal Recessive
Causative Gene: MUT

=== QUESTION ===
Which enzyme is deficient in Methylmalonic Acidemia?

=== ANSWER ===
","I do not have access to the specific knowledge that could provide an answer based on the given information. However, if you are referring to a biochemical process, the enzyme involved in methylmaloic acid degradation would be involved in the accumulation of this molecule."
70,tinyllama,Methylmalonic Acidemia,hasSymptom,What symptoms are associated with Methylmalonic Acidemia?,Failure to Thrive; Metabolic Acidosis,"You are a biomedical assistant.
Answer ONLY using the knowledge below.
Do not use outside knowledge.
If the answer is not present, reply exactly:
I don't know based on the provided knowledge.

=== KNOWLEDGE ===
Disease: Methylmalonic Acidemia
Treatment: Vitamin B12 Supplementation
Accumulated Metabolite: Methylmalonic Acid
Deficient Enzyme: Methylmalonyl-CoA Mutase
Symptoms: Failure to Thrive, Metabolic Acidosis
Inheritance Pattern: Autosomal Recessive
Causative Gene: MUT

=== QUESTION ===
What symptoms are associated with Methylmalonic Acidemia?

=== ANSWER ===
","The provided knowledge includes the following facts and assumptions regarding Methylmalonic Acidemias:

1. Methylmaloic acid is an acetal form of the amino acid L-tyrosine, which is synthesized from L-phenylalanine in the metabolism of tryptophan (or B-amino acid) via a series of enzymatic reactions.

2. Methylmalonyl-CoA mutase, also known as MMT1 or EC 2.7.6.1, is an enzyme that catalyzes the final step in the biosynthesis of Methylmalonyl CoA (MMA). Mutations in this gene result in deficiency in MMT1 activity leading to Methylmalonic Acidemia or Methylmaloic Acidosis.

3. Vitamin B12 is a crucial nutrient for the synthesis of homocysteine, an amino acid that has been implicated in a range of diseases such as Methylmalonyl-CoA mutase deficiency. Vitamin B12 supplementation can reduce the risk of developing MMA or Methylmaloic Acidemia.

4. Deficiencies in enzymes involved in amino acid metabolism, such as MMT1 and vitamin B12, can lead to abnormalities in cellular metabolism and ultimately result in a range of diseases such as Methylmalonyl-CoA mutase deficiency or Methylmaloic Acidemia."
71,tinyllama,Methylmalonic Acidemia,accumulatesMetabolite,Which metabolite accumulates in Methylmalonic Acidemia?,Methylmalonic Acid,"You are a biomedical assistant.
Answer ONLY using the knowledge below.
Do not use outside knowledge.
If the answer is not present, reply exactly:
I don't know based on the provided knowledge.

=== KNOWLEDGE ===
Disease: Methylmalonic Acidemia
Treatment: Vitamin B12 Supplementation
Accumulated Metabolite: Methylmalonic Acid
Deficient Enzyme: Methylmalonyl-CoA Mutase
Symptoms: Failure to Thrive, Metabolic Acidosis
Inheritance Pattern: Autosomal Recessive
Causative Gene: MUT

=== QUESTION ===
Which metabolite accumulates in Methylmalonic Acidemia?

=== ANSWER ===
",No outside knowledge is required to answer this question based on the provided knowledge.
72,tinyllama,Methylmalonic Acidemia,hasCausativeGene,Which gene causes Methylmalonic Acidemia?,MUT,"You are a biomedical assistant.
Answer ONLY using the knowledge below.
Do not use outside knowledge.
If the answer is not present, reply exactly:
I don't know based on the provided knowledge.

=== KNOWLEDGE ===
Disease: Methylmalonic Acidemia
Treatment: Vitamin B12 Supplementation
Accumulated Metabolite: Methylmalonic Acid
Deficient Enzyme: Methylmalonyl-CoA Mutase
Symptoms: Failure to Thrive, Metabolic Acidosis
Inheritance Pattern: Autosomal Recessive
Causative Gene: MUT

=== QUESTION ===
Which gene causes Methylmalonic Acidemia?

=== ANSWER ===
",The gene causing Methylmalonic Acidemias is not provided in the given knowledge. The correct answer is MUT.
73,tinyllama,Isovaleric Acidemia,hasInheritancePattern,What is the inheritance pattern of Isovaleric Acidemia?,Autosomal Recessive,"You are a biomedical assistant.
Answer ONLY using the knowledge below.
Do not use outside knowledge.
If the answer is not present, reply exactly:
I don't know based on the provided knowledge.

=== KNOWLEDGE ===
Disease: Isovaleric Acidemia
Treatment: Leucine-Restricted Diet with Glycine
Accumulated Metabolite: Isovaleric Acid
Deficient Enzyme: Isovaleryl-CoA Dehydrogenase
Symptoms: Sweaty Feet Odor, Vomiting
Inheritance Pattern: Autosomal Recessive
Causative Gene: IVD

=== QUESTION ===
What is the inheritance pattern of Isovaleric Acidemia?

=== ANSWER ===
","The Inheritance Pattern of Isovaleriic Acidemia is Auto-Somatic Receiving, meaning that the gene (IVD) for this disorder is inherited in an autosomal recessive manner. This means that to inherit the disorder, both parents must carry the IVD gene on their respective autosomes."
74,tinyllama,Isovaleric Acidemia,treatedWith,How is Isovaleric Acidemia treated?,Leucine-Restricted Diet with Glycine,"You are a biomedical assistant.
Answer ONLY using the knowledge below.
Do not use outside knowledge.
If the answer is not present, reply exactly:
I don't know based on the provided knowledge.

=== KNOWLEDGE ===
Disease: Isovaleric Acidemia
Treatment: Leucine-Restricted Diet with Glycine
Accumulated Metabolite: Isovaleric Acid
Deficient Enzyme: Isovaleryl-CoA Dehydrogenase
Symptoms: Sweaty Feet Odor, Vomiting
Inheritance Pattern: Autosomal Recessive
Causative Gene: IVD

=== QUESTION ===
How is Isovaleric Acidemia treated?

=== ANSWER ===
","Based on the provided knowledge, it can be inferred that the treatment for Isovaleriic Acidemia involves a diet restricted with Leucine and Glucine. The accumulated enzyme, Isovaleryl-CoA Dehydogenase (ICD), is not mentioned in the context of treatment."
75,tinyllama,Isovaleric Acidemia,hasDeficientEnzyme,Which enzyme is deficient in Isovaleric Acidemia?,Isovaleryl-CoA Dehydrogenase,"You are a biomedical assistant.
Answer ONLY using the knowledge below.
Do not use outside knowledge.
If the answer is not present, reply exactly:
I don't know based on the provided knowledge.

=== KNOWLEDGE ===
Disease: Isovaleric Acidemia
Treatment: Leucine-Restricted Diet with Glycine
Accumulated Metabolite: Isovaleric Acid
Deficient Enzyme: Isovaleryl-CoA Dehydrogenase
Symptoms: Sweaty Feet Odor, Vomiting
Inheritance Pattern: Autosomal Recessive
Causative Gene: IVD

=== QUESTION ===
Which enzyme is deficient in Isovaleric Acidemia?

=== ANSWER ===
","The enzyme responsible for deficiency in Isovaleriic Acidemia is Isovaleryl-CoA Dehydrogenase (IVD), which is a genetic mutation that affects the body's ability to produce this molecule."
76,tinyllama,Isovaleric Acidemia,hasSymptom,What symptoms are associated with Isovaleric Acidemia?,Sweaty Feet Odor; Vomiting,"You are a biomedical assistant.
Answer ONLY using the knowledge below.
Do not use outside knowledge.
If the answer is not present, reply exactly:
I don't know based on the provided knowledge.

=== KNOWLEDGE ===
Disease: Isovaleric Acidemia
Treatment: Leucine-Restricted Diet with Glycine
Accumulated Metabolite: Isovaleric Acid
Deficient Enzyme: Isovaleryl-CoA Dehydrogenase
Symptoms: Sweaty Feet Odor, Vomiting
Inheritance Pattern: Autosomal Recessive
Causative Gene: IVD

=== QUESTION ===
What symptoms are associated with Isovaleric Acidemia?

=== ANSWER ===
",I don't have access to the full knowledge of medical or biochemical terms. Please refer to the provided knowledge for accurate answers based on the given question.
77,tinyllama,Isovaleric Acidemia,accumulatesMetabolite,Which metabolite accumulates in Isovaleric Acidemia?,Isovaleric Acid,"You are a biomedical assistant.
Answer ONLY using the knowledge below.
Do not use outside knowledge.
If the answer is not present, reply exactly:
I don't know based on the provided knowledge.

=== KNOWLEDGE ===
Disease: Isovaleric Acidemia
Treatment: Leucine-Restricted Diet with Glycine
Accumulated Metabolite: Isovaleric Acid
Deficient Enzyme: Isovaleryl-CoA Dehydrogenase
Symptoms: Sweaty Feet Odor, Vomiting
Inheritance Pattern: Autosomal Recessive
Causative Gene: IVD

=== QUESTION ===
Which metabolite accumulates in Isovaleric Acidemia?

=== ANSWER ===
","The correct answer is ""Inhibited Metabolism""."
78,tinyllama,Isovaleric Acidemia,hasCausativeGene,Which gene causes Isovaleric Acidemia?,IVD,"You are a biomedical assistant.
Answer ONLY using the knowledge below.
Do not use outside knowledge.
If the answer is not present, reply exactly:
I don't know based on the provided knowledge.

=== KNOWLEDGE ===
Disease: Isovaleric Acidemia
Treatment: Leucine-Restricted Diet with Glycine
Accumulated Metabolite: Isovaleric Acid
Deficient Enzyme: Isovaleryl-CoA Dehydrogenase
Symptoms: Sweaty Feet Odor, Vomiting
Inheritance Pattern: Autosomal Recessive
Causative Gene: IVD

=== QUESTION ===
Which gene causes Isovaleric Acidemia?

=== ANSWER ===
","The correct answer is ""IVD"" (Inheritance Pattern: Autoosomal Recessive)."
79,tinyllama,Glutaric Acidemia Type I,hasInheritancePattern,What is the inheritance pattern of Glutaric Acidemia Type I?,Autosomal Recessive,"You are a biomedical assistant.
Answer ONLY using the knowledge below.
Do not use outside knowledge.
If the answer is not present, reply exactly:
I don't know based on the provided knowledge.

=== KNOWLEDGE ===
Disease: Glutaric Acidemia Type I
Treatment: Carnitine Supplementation with Lysine Restriction
Accumulated Metabolite: Glutaric Acid
Deficient Enzyme: Glutaryl-CoA Dehydrogenase
Symptoms: Dystonic Movement Disorder, Macrocephaly
Inheritance Pattern: Autosomal Recessive
Causative Gene: GCDH

=== QUESTION ===
What is the inheritance pattern of Glutaric Acidemia Type I?

=== ANSWER ===
",The inheritance pattern of Glutaric Acidemia Type I is Autosomal Recessive.
80,tinyllama,Glutaric Acidemia Type I,treatedWith,How is Glutaric Acidemia Type I treated?,Carnitine Supplementation with Lysine Restriction,"You are a biomedical assistant.
Answer ONLY using the knowledge below.
Do not use outside knowledge.
If the answer is not present, reply exactly:
I don't know based on the provided knowledge.

=== KNOWLEDGE ===
Disease: Glutaric Acidemia Type I
Treatment: Carnitine Supplementation with Lysine Restriction
Accumulated Metabolite: Glutaric Acid
Deficient Enzyme: Glutaryl-CoA Dehydrogenase
Symptoms: Dystonic Movement Disorder, Macrocephaly
Inheritance Pattern: Autosomal Recessive
Causative Gene: GCDH

=== QUESTION ===
How is Glutaric Acidemia Type I treated?

=== ANSWER ===
","Based on the provided knowledge, Glutaric Acidemia Type I is not treated with carnitine supplementation or lyse restoration. The disease is described as a deficient enzyme, glutaeryl-CoA dehydegenase, which can result in dystonic move and macrocephaly (long neck). Inheritance pattern: Autosomal recessive."
81,tinyllama,Glutaric Acidemia Type I,hasDeficientEnzyme,Which enzyme is deficient in Glutaric Acidemia Type I?,Glutaryl-CoA Dehydrogenase,"You are a biomedical assistant.
Answer ONLY using the knowledge below.
Do not use outside knowledge.
If the answer is not present, reply exactly:
I don't know based on the provided knowledge.

=== KNOWLEDGE ===
Disease: Glutaric Acidemia Type I
Treatment: Carnitine Supplementation with Lysine Restriction
Accumulated Metabolite: Glutaric Acid
Deficient Enzyme: Glutaryl-CoA Dehydrogenase
Symptoms: Dystonic Movement Disorder, Macrocephaly
Inheritance Pattern: Autosomal Recessive
Causative Gene: GCDH

=== QUESTION ===
Which enzyme is deficient in Glutaric Acidemia Type I?

=== ANSWER ===
","I do not have access to current knowledge. However, based on the provided knowledge, the deficiency of a particular enzyme in glutaric acidemia type i would be glutaoryl-coenzyme dehydogenase (gcdh)."
82,tinyllama,Glutaric Acidemia Type I,hasSymptom,What symptoms are associated with Glutaric Acidemia Type I?,Dystonic Movement Disorder; Macrocephaly,"You are a biomedical assistant.
Answer ONLY using the knowledge below.
Do not use outside knowledge.
If the answer is not present, reply exactly:
I don't know based on the provided knowledge.

=== KNOWLEDGE ===
Disease: Glutaric Acidemia Type I
Treatment: Carnitine Supplementation with Lysine Restriction
Accumulated Metabolite: Glutaric Acid
Deficient Enzyme: Glutaryl-CoA Dehydrogenase
Symptoms: Dystonic Movement Disorder, Macrocephaly
Inheritance Pattern: Autosomal Recessive
Causative Gene: GCDH

=== QUESTION ===
What symptoms are associated with Glutaric Acidemia Type I?

=== ANSWER ===
","The given knowledge is incomplete or does not include the answer to the question. To determine which answer is correct, please provide additional information based on the provided knowledge."
83,tinyllama,Glutaric Acidemia Type I,accumulatesMetabolite,Which metabolite accumulates in Glutaric Acidemia Type I?,Glutaric Acid,"You are a biomedical assistant.
Answer ONLY using the knowledge below.
Do not use outside knowledge.
If the answer is not present, reply exactly:
I don't know based on the provided knowledge.

=== KNOWLEDGE ===
Disease: Glutaric Acidemia Type I
Treatment: Carnitine Supplementation with Lysine Restriction
Accumulated Metabolite: Glutaric Acid
Deficient Enzyme: Glutaryl-CoA Dehydrogenase
Symptoms: Dystonic Movement Disorder, Macrocephaly
Inheritance Pattern: Autosomal Recessive
Causative Gene: GCDH

=== QUESTION ===
Which metabolite accumulates in Glutaric Acidemia Type I?

=== ANSWER ===
",The metabolite accumulated in Glutaic Acidemia Type I is Gluta-coA Dehydogenase.
84,tinyllama,Glutaric Acidemia Type I,hasCausativeGene,Which gene causes Glutaric Acidemia Type I?,GCDH,"You are a biomedical assistant.
Answer ONLY using the knowledge below.
Do not use outside knowledge.
If the answer is not present, reply exactly:
I don't know based on the provided knowledge.

=== KNOWLEDGE ===
Disease: Glutaric Acidemia Type I
Treatment: Carnitine Supplementation with Lysine Restriction
Accumulated Metabolite: Glutaric Acid
Deficient Enzyme: Glutaryl-CoA Dehydrogenase
Symptoms: Dystonic Movement Disorder, Macrocephaly
Inheritance Pattern: Autosomal Recessive
Causative Gene: GCDH

=== QUESTION ===
Which gene causes Glutaric Acidemia Type I?

=== ANSWER ===
","No external knowledge is present to answer this question. The given knowledge provides information about the various conditions and diseases caused by Glutaic Acidemia Type I, such as diseases with symptoms like dystonic move-ment disorder and macrocchelation. However, no specific gene is identified, and so it cannot be answered based on external knowledge alone. The given knowledge only provides information about the underlying mechanisms and potential treatments for Glutaic Acidemia Type I."
85,tinyllama,3-Methylcrotonyl-CoA Carboxylase Deficiency,hasInheritancePattern,What is the inheritance pattern of 3-Methylcrotonyl-CoA Carboxylase Deficiency?,Autosomal Recessive,"You are a biomedical assistant.
Answer ONLY using the knowledge below.
Do not use outside knowledge.
If the answer is not present, reply exactly:
I don't know based on the provided knowledge.

=== KNOWLEDGE ===
Disease: 3-Methylcrotonyl-CoA Carboxylase Deficiency
Treatment: Carnitine Supplementation
Accumulated Metabolite: 3-Methylcrotonylglycine
Deficient Enzyme: 3-Methylcrotonyl-CoA Carboxylase
Symptoms: Mild Hypotonia
Inheritance Pattern: Autosomal Recessive
Causative Gene: MCCC1

=== QUESTION ===
What is the inheritance pattern of 3-Methylcrotonyl-CoA Carboxylase Deficiency?

=== ANSWER ===
","Based on the provided knowledge, the inheritance pattern of 3-Methylcrotonyl-CoA Carboxylase Deficiency is Auto Somal Receessive."
86,tinyllama,3-Methylcrotonyl-CoA Carboxylase Deficiency,treatedWith,How is 3-Methylcrotonyl-CoA Carboxylase Deficiency treated?,Carnitine Supplementation,"You are a biomedical assistant.
Answer ONLY using the knowledge below.
Do not use outside knowledge.
If the answer is not present, reply exactly:
I don't know based on the provided knowledge.

=== KNOWLEDGE ===
Disease: 3-Methylcrotonyl-CoA Carboxylase Deficiency
Treatment: Carnitine Supplementation
Accumulated Metabolite: 3-Methylcrotonylglycine
Deficient Enzyme: 3-Methylcrotonyl-CoA Carboxylase
Symptoms: Mild Hypotonia
Inheritance Pattern: Autosomal Recessive
Causative Gene: MCCC1

=== QUESTION ===
How is 3-Methylcrotonyl-CoA Carboxylase Deficiency treated?

=== ANSWER ===
","Based on the provided knowledge, the treatment for 3-Methylcrotonyl-CoA Carboxylase Deficiency is carnitine supplementation."
87,tinyllama,3-Methylcrotonyl-CoA Carboxylase Deficiency,hasDeficientEnzyme,Which enzyme is deficient in 3-Methylcrotonyl-CoA Carboxylase Deficiency?,3-Methylcrotonyl-CoA Carboxylase,"You are a biomedical assistant.
Answer ONLY using the knowledge below.
Do not use outside knowledge.
If the answer is not present, reply exactly:
I don't know based on the provided knowledge.

=== KNOWLEDGE ===
Disease: 3-Methylcrotonyl-CoA Carboxylase Deficiency
Treatment: Carnitine Supplementation
Accumulated Metabolite: 3-Methylcrotonylglycine
Deficient Enzyme: 3-Methylcrotonyl-CoA Carboxylase
Symptoms: Mild Hypotonia
Inheritance Pattern: Autosomal Recessive
Causative Gene: MCCC1

=== QUESTION ===
Which enzyme is deficient in 3-Methylcrotonyl-CoA Carboxylase Deficiency?

=== ANSWER ===
","The question is about a specific enzyme, which is 3-Methylcrotonyl-CoA Carboxylase Deficiency. The correct answer according to provided knowledge is MCCC1."
88,tinyllama,3-Methylcrotonyl-CoA Carboxylase Deficiency,hasSymptom,What symptoms are associated with 3-Methylcrotonyl-CoA Carboxylase Deficiency?,Mild Hypotonia,"You are a biomedical assistant.
Answer ONLY using the knowledge below.
Do not use outside knowledge.
If the answer is not present, reply exactly:
I don't know based on the provided knowledge.

=== KNOWLEDGE ===
Disease: 3-Methylcrotonyl-CoA Carboxylase Deficiency
Treatment: Carnitine Supplementation
Accumulated Metabolite: 3-Methylcrotonylglycine
Deficient Enzyme: 3-Methylcrotonyl-CoA Carboxylase
Symptoms: Mild Hypotonia
Inheritance Pattern: Autosomal Recessive
Causative Gene: MCCC1

=== QUESTION ===
What symptoms are associated with 3-Methylcrotonyl-CoA Carboxylase Deficiency?

=== ANSWER ===
","Based on the knowledge provided, the question ""What symptoms are associated with 3-Methylcrotonyl-CoA Carboxylase Deficiency?"" has no answer because there is no specific known disease or disorder that can only be caused by a lack of 3-Methylcrotonylglycinine."
89,tinyllama,3-Methylcrotonyl-CoA Carboxylase Deficiency,accumulatesMetabolite,Which metabolite accumulates in 3-Methylcrotonyl-CoA Carboxylase Deficiency?,3-Methylcrotonylglycine,"You are a biomedical assistant.
Answer ONLY using the knowledge below.
Do not use outside knowledge.
If the answer is not present, reply exactly:
I don't know based on the provided knowledge.

=== KNOWLEDGE ===
Disease: 3-Methylcrotonyl-CoA Carboxylase Deficiency
Treatment: Carnitine Supplementation
Accumulated Metabolite: 3-Methylcrotonylglycine
Deficient Enzyme: 3-Methylcrotonyl-CoA Carboxylase
Symptoms: Mild Hypotonia
Inheritance Pattern: Autosomal Recessive
Causative Gene: MCCC1

=== QUESTION ===
Which metabolite accumulates in 3-Methylcrotonyl-CoA Carboxylase Deficiency?

=== ANSWER ===
","The metabolite accumulated by 3-Methylcrotonyl-CoA Carboxylase Deficiency is carnitine, based on the provided knowledge."
90,tinyllama,3-Methylcrotonyl-CoA Carboxylase Deficiency,hasCausativeGene,Which gene causes 3-Methylcrotonyl-CoA Carboxylase Deficiency?,MCCC1,"You are a biomedical assistant.
Answer ONLY using the knowledge below.
Do not use outside knowledge.
If the answer is not present, reply exactly:
I don't know based on the provided knowledge.

=== KNOWLEDGE ===
Disease: 3-Methylcrotonyl-CoA Carboxylase Deficiency
Treatment: Carnitine Supplementation
Accumulated Metabolite: 3-Methylcrotonylglycine
Deficient Enzyme: 3-Methylcrotonyl-CoA Carboxylase
Symptoms: Mild Hypotonia
Inheritance Pattern: Autosomal Recessive
Causative Gene: MCCC1

=== QUESTION ===
Which gene causes 3-Methylcrotonyl-CoA Carboxylase Deficiency?

=== ANSWER ===
","Based on the provided knowledge, the gene causing 3-Methylcrotonyl-CoA Carboxylase Deficiency is MCCC1."
91,tinyllama,Beta-Ketothiolase Deficiency,hasInheritancePattern,What is the inheritance pattern of Beta-Ketothiolase Deficiency?,Autosomal Recessive,"You are a biomedical assistant.
Answer ONLY using the knowledge below.
Do not use outside knowledge.
If the answer is not present, reply exactly:
I don't know based on the provided knowledge.

=== KNOWLEDGE ===
Disease: Beta-Ketothiolase Deficiency
Treatment: Protein-Restricted Diet
Accumulated Metabolite: 2-Methyl-3-Hydroxybutyric Acid
Deficient Enzyme: Beta-Ketothiolase
Symptoms: Episodic Ketoacidosis
Inheritance Pattern: Autosomal Recessive
Causative Gene: ACAT1

=== QUESTION ===
What is the inheritance pattern of Beta-Ketothiolase Deficiency?

=== ANSWER ===
","Based on the provided knowledge, the inheritance pattern of Betta-Keotticase Deficience is auto-somal receissive."
92,tinyllama,Beta-Ketothiolase Deficiency,treatedWith,How is Beta-Ketothiolase Deficiency treated?,Protein-Restricted Diet,"You are a biomedical assistant.
Answer ONLY using the knowledge below.
Do not use outside knowledge.
If the answer is not present, reply exactly:
I don't know based on the provided knowledge.

=== KNOWLEDGE ===
Disease: Beta-Ketothiolase Deficiency
Treatment: Protein-Restricted Diet
Accumulated Metabolite: 2-Methyl-3-Hydroxybutyric Acid
Deficient Enzyme: Beta-Ketothiolase
Symptoms: Episodic Ketoacidosis
Inheritance Pattern: Autosomal Recessive
Causative Gene: ACAT1

=== QUESTION ===
How is Beta-Ketothiolase Deficiency treated?

=== ANSWER ===
","Based on the knowledge provided, the correct answer to the question ""How is Betta-Keotothiolase Deficiency treated?"" is Protein-Restricted Diet. In case you need more information on this topic, please refer to the available sources below:

1. Centers for Disease Control and Prevention (CDC). 2020. Betta-Keotothiolasis. Available at https://www.cdc.gov/fisheries/health/fishery_resources/pdfs/betta-keotothiolasis.pdf

2. National Institutes of Health (NIH). 2019. Betta Keotothiolase Deficiency Treatment and Management. Available at https://www.niaids.gov/about-niams/nih-science-briefs/science-brief-october-2018/betta-keotothiolase-deficiency-treatment-and-management

3. National Library of Medicine (NLM). 2019. Betta Keotothiolase Deficiency (BKD) Treatment and Management. Available at https://medlineplus.gov/ency/article/007451.htm"
93,tinyllama,Beta-Ketothiolase Deficiency,hasDeficientEnzyme,Which enzyme is deficient in Beta-Ketothiolase Deficiency?,Beta-Ketothiolase,"You are a biomedical assistant.
Answer ONLY using the knowledge below.
Do not use outside knowledge.
If the answer is not present, reply exactly:
I don't know based on the provided knowledge.

=== KNOWLEDGE ===
Disease: Beta-Ketothiolase Deficiency
Treatment: Protein-Restricted Diet
Accumulated Metabolite: 2-Methyl-3-Hydroxybutyric Acid
Deficient Enzyme: Beta-Ketothiolase
Symptoms: Episodic Ketoacidosis
Inheritance Pattern: Autosomal Recessive
Causative Gene: ACAT1

=== QUESTION ===
Which enzyme is deficient in Beta-Ketothiolase Deficiency?

=== ANSWER ===
","Yes, the enzyme responsible for deficiency in Betta-Keothtiolase Deficiency is Protein-Restricted Diet."
94,tinyllama,Beta-Ketothiolase Deficiency,hasSymptom,What symptoms are associated with Beta-Ketothiolase Deficiency?,Episodic Ketoacidosis,"You are a biomedical assistant.
Answer ONLY using the knowledge below.
Do not use outside knowledge.
If the answer is not present, reply exactly:
I don't know based on the provided knowledge.

=== KNOWLEDGE ===
Disease: Beta-Ketothiolase Deficiency
Treatment: Protein-Restricted Diet
Accumulated Metabolite: 2-Methyl-3-Hydroxybutyric Acid
Deficient Enzyme: Beta-Ketothiolase
Symptoms: Episodic Ketoacidosis
Inheritance Pattern: Autosomal Recessive
Causative Gene: ACAT1

=== QUESTION ===
What symptoms are associated with Beta-Ketothiolase Deficiency?

=== ANSWER ===
","The given knowledge is not sufficient to answer the question. You will need to provide specific information about the disease, its symptoms, and its treatment. Please provide more detailed information based on the provided knowledge."
95,tinyllama,Beta-Ketothiolase Deficiency,accumulatesMetabolite,Which metabolite accumulates in Beta-Ketothiolase Deficiency?,2-Methyl-3-Hydroxybutyric Acid,"You are a biomedical assistant.
Answer ONLY using the knowledge below.
Do not use outside knowledge.
If the answer is not present, reply exactly:
I don't know based on the provided knowledge.

=== KNOWLEDGE ===
Disease: Beta-Ketothiolase Deficiency
Treatment: Protein-Restricted Diet
Accumulated Metabolite: 2-Methyl-3-Hydroxybutyric Acid
Deficient Enzyme: Beta-Ketothiolase
Symptoms: Episodic Ketoacidosis
Inheritance Pattern: Autosomal Recessive
Causative Gene: ACAT1

=== QUESTION ===
Which metabolite accumulates in Beta-Ketothiolase Deficiency?

=== ANSWER ===
","Based on the provided knowledge, the question is asking about a type of accumulated metabolite that is found in Betta-Keothtiolase Deficiency. The answer is beta-ketoaciduria, which is an accumulation of beta-hydroxybutyrate (HBOC) or 2-hydroxyacetoacetate (HAO)."
96,tinyllama,Beta-Ketothiolase Deficiency,hasCausativeGene,Which gene causes Beta-Ketothiolase Deficiency?,ACAT1,"You are a biomedical assistant.
Answer ONLY using the knowledge below.
Do not use outside knowledge.
If the answer is not present, reply exactly:
I don't know based on the provided knowledge.

=== KNOWLEDGE ===
Disease: Beta-Ketothiolase Deficiency
Treatment: Protein-Restricted Diet
Accumulated Metabolite: 2-Methyl-3-Hydroxybutyric Acid
Deficient Enzyme: Beta-Ketothiolase
Symptoms: Episodic Ketoacidosis
Inheritance Pattern: Autosomal Recessive
Causative Gene: ACAT1

=== QUESTION ===
Which gene causes Beta-Ketothiolase Deficiency?

=== ANSWER ===
","Based on the provided knowledge, the gene causing Betta-Keothtiolase Deficiency is not mentioned. Therefore, the correct answer is ""No."""
97,tinyllama,Malonic Aciduria,hasInheritancePattern,What is the inheritance pattern of Malonic Aciduria?,Autosomal Recessive,"You are a biomedical assistant.
Answer ONLY using the knowledge below.
Do not use outside knowledge.
If the answer is not present, reply exactly:
I don't know based on the provided knowledge.

=== KNOWLEDGE ===
Disease: Malonic Aciduria
Treatment: Low-Fat Diet
Accumulated Metabolite: Malonic Acid
Deficient Enzyme: Malonyl-CoA Decarboxylase
Symptoms: Cardiomyopathy, Developmental Delay
Inheritance Pattern: Autosomal Recessive
Causative Gene: MLYCD

=== QUESTION ===
What is the inheritance pattern of Malonic Aciduria?

=== ANSWER ===
",The inheritance pattern of Malonic Aciduria is autosomal receessive. This means that a gene responsible for malonic aciduria can pass from parents to children.
98,tinyllama,Malonic Aciduria,treatedWith,How is Malonic Aciduria treated?,Low-Fat Diet,"You are a biomedical assistant.
Answer ONLY using the knowledge below.
Do not use outside knowledge.
If the answer is not present, reply exactly:
I don't know based on the provided knowledge.

=== KNOWLEDGE ===
Disease: Malonic Aciduria
Treatment: Low-Fat Diet
Accumulated Metabolite: Malonic Acid
Deficient Enzyme: Malonyl-CoA Decarboxylase
Symptoms: Cardiomyopathy, Developmental Delay
Inheritance Pattern: Autosomal Recessive
Causative Gene: MLYCD

=== QUESTION ===
How is Malonic Aciduria treated?

=== ANSWER ===
","No external knowledge or definition is given for the answer to this question. It is based on the provided knowledge and the given answer only uses the knowledge available in the text. The correct answer is ""Disease: Malonic Aciduria"" as it corresponds with the given knowledge of low-fat diets, accumulated metabolite, deficient enzyme, symptomology, inheritance pattern, and causative gene for malonic aciduria."
99,tinyllama,Malonic Aciduria,hasDeficientEnzyme,Which enzyme is deficient in Malonic Aciduria?,Malonyl-CoA Decarboxylase,"You are a biomedical assistant.
Answer ONLY using the knowledge below.
Do not use outside knowledge.
If the answer is not present, reply exactly:
I don't know based on the provided knowledge.

=== KNOWLEDGE ===
Disease: Malonic Aciduria
Treatment: Low-Fat Diet
Accumulated Metabolite: Malonic Acid
Deficient Enzyme: Malonyl-CoA Decarboxylase
Symptoms: Cardiomyopathy, Developmental Delay
Inheritance Pattern: Autosomal Recessive
Causative Gene: MLYCD

=== QUESTION ===
Which enzyme is deficient in Malonic Aciduria?

=== ANSWER ===
","The enzyme responsible for accumulating malonal-CoA decarboxylase (MLYCD) in Malonic Aciduria is not provided in the given knowledge. Therefore, based on the given material, ""Malonic Aciduria"" refers to a disease caused by an imbalance between the two types of fatty acids present in the bloodstream, with a deficiency in the accumulation of malonal-CoA decarboxylase (MLYCD)."
100,tinyllama,Malonic Aciduria,hasSymptom,What symptoms are associated with Malonic Aciduria?,Cardiomyopathy; Developmental Delay,"You are a biomedical assistant.
Answer ONLY using the knowledge below.
Do not use outside knowledge.
If the answer is not present, reply exactly:
I don't know based on the provided knowledge.

=== KNOWLEDGE ===
Disease: Malonic Aciduria
Treatment: Low-Fat Diet
Accumulated Metabolite: Malonic Acid
Deficient Enzyme: Malonyl-CoA Decarboxylase
Symptoms: Cardiomyopathy, Developmental Delay
Inheritance Pattern: Autosomal Recessive
Causative Gene: MLYCD

=== QUESTION ===
What symptoms are associated with Malonic Aciduria?

=== ANSWER ===
","The provided knowledge is insufficient to answer the question. The correct answer needs to provide specific details regarding the symptoms associated with Malonic Aciduria, which include cardiomyopathy (developmental delay of heart tissue) and developmental delay."
101,tinyllama,Malonic Aciduria,accumulatesMetabolite,Which metabolite accumulates in Malonic Aciduria?,Malonic Acid,"You are a biomedical assistant.
Answer ONLY using the knowledge below.
Do not use outside knowledge.
If the answer is not present, reply exactly:
I don't know based on the provided knowledge.

=== KNOWLEDGE ===
Disease: Malonic Aciduria
Treatment: Low-Fat Diet
Accumulated Metabolite: Malonic Acid
Deficient Enzyme: Malonyl-CoA Decarboxylase
Symptoms: Cardiomyopathy, Developmental Delay
Inheritance Pattern: Autosomal Recessive
Causative Gene: MLYCD

=== QUESTION ===
Which metabolite accumulates in Malonic Aciduria?

=== ANSWER ===
","The correct answer is Low-Faat Diet. The main source of Malonic Acid accumulation can be found in the term ""low-faat diet"" which refers to a specific type of low-fat, high-carbohydrate diet, as mentioned in the provided knowledge above."
102,tinyllama,Malonic Aciduria,hasCausativeGene,Which gene causes Malonic Aciduria?,MLYCD,"You are a biomedical assistant.
Answer ONLY using the knowledge below.
Do not use outside knowledge.
If the answer is not present, reply exactly:
I don't know based on the provided knowledge.

=== KNOWLEDGE ===
Disease: Malonic Aciduria
Treatment: Low-Fat Diet
Accumulated Metabolite: Malonic Acid
Deficient Enzyme: Malonyl-CoA Decarboxylase
Symptoms: Cardiomyopathy, Developmental Delay
Inheritance Pattern: Autosomal Recessive
Causative Gene: MLYCD

=== QUESTION ===
Which gene causes Malonic Aciduria?

=== ANSWER ===
",No external knowledge is present to answer the question based on the provided knowledge.
103,tinyllama,Ornithine Transcarbamylase Deficiency,hasInheritancePattern,What is the inheritance pattern of Ornithine Transcarbamylase Deficiency?,X-Linked,"You are a biomedical assistant.
Answer ONLY using the knowledge below.
Do not use outside knowledge.
If the answer is not present, reply exactly:
I don't know based on the provided knowledge.

=== KNOWLEDGE ===
Disease: Ornithine Transcarbamylase Deficiency
Treatment: Protein-Restricted Diet
Accumulated Metabolite: Orotic Acid
Deficient Enzyme: Ornithine Transcarbamylase
Symptoms: Hyperammonemia, Vomiting
Inheritance Pattern: X-Linked
Causative Gene: OTC

=== QUESTION ===
What is the inheritance pattern of Ornithine Transcarbamylase Deficiency?

=== ANSWER ===
","Based on the provided knowledge, the inheritance pattern for Ornithinne Transcarbaemyla Deficience is X-Linked."
104,tinyllama,Ornithine Transcarbamylase Deficiency,treatedWith,How is Ornithine Transcarbamylase Deficiency treated?,Protein-Restricted Diet,"You are a biomedical assistant.
Answer ONLY using the knowledge below.
Do not use outside knowledge.
If the answer is not present, reply exactly:
I don't know based on the provided knowledge.

=== KNOWLEDGE ===
Disease: Ornithine Transcarbamylase Deficiency
Treatment: Protein-Restricted Diet
Accumulated Metabolite: Orotic Acid
Deficient Enzyme: Ornithine Transcarbamylase
Symptoms: Hyperammonemia, Vomiting
Inheritance Pattern: X-Linked
Causative Gene: OTC

=== QUESTION ===
How is Ornithine Transcarbamylase Deficiency treated?

=== ANSWER ===
","Based on the provided knowledge, the answer to the question ""How is Ornithinane Transcarbaymasie Deficiency treated?"" is:

Treatment for Ornithinane Transcarbaamyasie Deficiency typically involves a protein-restricted diet."
105,tinyllama,Ornithine Transcarbamylase Deficiency,hasDeficientEnzyme,Which enzyme is deficient in Ornithine Transcarbamylase Deficiency?,Ornithine Transcarbamylase,"You are a biomedical assistant.
Answer ONLY using the knowledge below.
Do not use outside knowledge.
If the answer is not present, reply exactly:
I don't know based on the provided knowledge.

=== KNOWLEDGE ===
Disease: Ornithine Transcarbamylase Deficiency
Treatment: Protein-Restricted Diet
Accumulated Metabolite: Orotic Acid
Deficient Enzyme: Ornithine Transcarbamylase
Symptoms: Hyperammonemia, Vomiting
Inheritance Pattern: X-Linked
Causative Gene: OTC

=== QUESTION ===
Which enzyme is deficient in Ornithine Transcarbamylase Deficiency?

=== ANSWER ===
","The question does not provide any specific information regarding the answer, so the correct answer is ""Ornithinanase"" (O-NAS). This enzyme is deficient in Ornithinane Transcarbaemylasis."
106,tinyllama,Ornithine Transcarbamylase Deficiency,hasSymptom,What symptoms are associated with Ornithine Transcarbamylase Deficiency?,Hyperammonemia; Vomiting,"You are a biomedical assistant.
Answer ONLY using the knowledge below.
Do not use outside knowledge.
If the answer is not present, reply exactly:
I don't know based on the provided knowledge.

=== KNOWLEDGE ===
Disease: Ornithine Transcarbamylase Deficiency
Treatment: Protein-Restricted Diet
Accumulated Metabolite: Orotic Acid
Deficient Enzyme: Ornithine Transcarbamylase
Symptoms: Hyperammonemia, Vomiting
Inheritance Pattern: X-Linked
Causative Gene: OTC

=== QUESTION ===
What symptoms are associated with Ornithine Transcarbamylase Deficiency?

=== ANSWER ===
","The provided knowledge states that Ornithine Transcarbaemyas Deficiency is a disaise, protein-restricted diet, accumulated metabolite (Otorhinolaryngitis), and X-linked inheritance pattern associated with hyperammonemias, voitings, and X-linked causative genes. These symptoms are not mentioned in the provided answer."
107,tinyllama,Ornithine Transcarbamylase Deficiency,accumulatesMetabolite,Which metabolite accumulates in Ornithine Transcarbamylase Deficiency?,Orotic Acid,"You are a biomedical assistant.
Answer ONLY using the knowledge below.
Do not use outside knowledge.
If the answer is not present, reply exactly:
I don't know based on the provided knowledge.

=== KNOWLEDGE ===
Disease: Ornithine Transcarbamylase Deficiency
Treatment: Protein-Restricted Diet
Accumulated Metabolite: Orotic Acid
Deficient Enzyme: Ornithine Transcarbamylase
Symptoms: Hyperammonemia, Vomiting
Inheritance Pattern: X-Linked
Causative Gene: OTC

=== QUESTION ===
Which metabolite accumulates in Ornithine Transcarbamylase Deficiency?

=== ANSWER ===
",The metabolite accumulating in Ornithino Transcarbaemyla Deficience is Ornicinine.
108,tinyllama,Ornithine Transcarbamylase Deficiency,hasCausativeGene,Which gene causes Ornithine Transcarbamylase Deficiency?,OTC,"You are a biomedical assistant.
Answer ONLY using the knowledge below.
Do not use outside knowledge.
If the answer is not present, reply exactly:
I don't know based on the provided knowledge.

=== KNOWLEDGE ===
Disease: Ornithine Transcarbamylase Deficiency
Treatment: Protein-Restricted Diet
Accumulated Metabolite: Orotic Acid
Deficient Enzyme: Ornithine Transcarbamylase
Symptoms: Hyperammonemia, Vomiting
Inheritance Pattern: X-Linked
Causative Gene: OTC

=== QUESTION ===
Which gene causes Ornithine Transcarbamylase Deficiency?

=== ANSWER ===
","The given knowledge contains a possible answer for the question but not an exact one. The only gene causing Ornithinne Transcarbaemylase Deficiency is OTC, which stands for Ornicatrycinone Transcarbamoylate Dehydrogenase."
109,tinyllama,Carbamoyl Phosphate Synthetase I Deficiency,hasInheritancePattern,What is the inheritance pattern of Carbamoyl Phosphate Synthetase I Deficiency?,Autosomal Recessive,"You are a biomedical assistant.
Answer ONLY using the knowledge below.
Do not use outside knowledge.
If the answer is not present, reply exactly:
I don't know based on the provided knowledge.

=== KNOWLEDGE ===
Disease: Carbamoyl Phosphate Synthetase I Deficiency
Treatment: Protein-Restricted Diet
Accumulated Metabolite: Ammonia
Deficient Enzyme: Carbamoyl Phosphate Synthetase I
Symptoms: Coma, Hyperammonemia
Inheritance Pattern: Autosomal Recessive
Causative Gene: CPS1

=== QUESTION ===
What is the inheritance pattern of Carbamoyl Phosphate Synthetase I Deficiency?

=== ANSWER ===
","The answer to the question ""What is the inheritance pattern of Carbamoyl Phosphate Syntheme Deficiency?"" is Auto-Somatic Receive."
110,tinyllama,Carbamoyl Phosphate Synthetase I Deficiency,treatedWith,How is Carbamoyl Phosphate Synthetase I Deficiency treated?,Protein-Restricted Diet,"You are a biomedical assistant.
Answer ONLY using the knowledge below.
Do not use outside knowledge.
If the answer is not present, reply exactly:
I don't know based on the provided knowledge.

=== KNOWLEDGE ===
Disease: Carbamoyl Phosphate Synthetase I Deficiency
Treatment: Protein-Restricted Diet
Accumulated Metabolite: Ammonia
Deficient Enzyme: Carbamoyl Phosphate Synthetase I
Symptoms: Coma, Hyperammonemia
Inheritance Pattern: Autosomal Recessive
Causative Gene: CPS1

=== QUESTION ===
How is Carbamoyl Phosphate Synthetase I Deficiency treated?

=== ANSWER ===
","Based on the provided knowledge, Carbamoyl Phosphate Synthesis is a deficiency caused by lack of the protein-restricted diet. Protein-Restricted Diet is a treatment for carbaamoyl Phosphate Synthesis Deficiency, which is characterized by accumulated metabolite: ammonia and coma due to hyperammonemias. The gene involved in the causative relationship is CPS1."
111,tinyllama,Carbamoyl Phosphate Synthetase I Deficiency,hasDeficientEnzyme,Which enzyme is deficient in Carbamoyl Phosphate Synthetase I Deficiency?,Carbamoyl Phosphate Synthetase I,"You are a biomedical assistant.
Answer ONLY using the knowledge below.
Do not use outside knowledge.
If the answer is not present, reply exactly:
I don't know based on the provided knowledge.

=== KNOWLEDGE ===
Disease: Carbamoyl Phosphate Synthetase I Deficiency
Treatment: Protein-Restricted Diet
Accumulated Metabolite: Ammonia
Deficient Enzyme: Carbamoyl Phosphate Synthetase I
Symptoms: Coma, Hyperammonemia
Inheritance Pattern: Autosomal Recessive
Causative Gene: CPS1

=== QUESTION ===
Which enzyme is deficient in Carbamoyl Phosphate Synthetase I Deficiency?

=== ANSWER ===
",The answer to the question is Accumulated Metabolite: Ammonia.
112,tinyllama,Carbamoyl Phosphate Synthetase I Deficiency,hasSymptom,What symptoms are associated with Carbamoyl Phosphate Synthetase I Deficiency?,Coma; Hyperammonemia,"You are a biomedical assistant.
Answer ONLY using the knowledge below.
Do not use outside knowledge.
If the answer is not present, reply exactly:
I don't know based on the provided knowledge.

=== KNOWLEDGE ===
Disease: Carbamoyl Phosphate Synthetase I Deficiency
Treatment: Protein-Restricted Diet
Accumulated Metabolite: Ammonia
Deficient Enzyme: Carbamoyl Phosphate Synthetase I
Symptoms: Coma, Hyperammonemia
Inheritance Pattern: Autosomal Recessive
Causative Gene: CPS1

=== QUESTION ===
What symptoms are associated with Carbamoyl Phosphate Synthetase I Deficiency?

=== ANSWER ===
","The answer to the question is Coma, Hyperammonemiia."
113,tinyllama,Carbamoyl Phosphate Synthetase I Deficiency,accumulatesMetabolite,Which metabolite accumulates in Carbamoyl Phosphate Synthetase I Deficiency?,Ammonia,"You are a biomedical assistant.
Answer ONLY using the knowledge below.
Do not use outside knowledge.
If the answer is not present, reply exactly:
I don't know based on the provided knowledge.

=== KNOWLEDGE ===
Disease: Carbamoyl Phosphate Synthetase I Deficiency
Treatment: Protein-Restricted Diet
Accumulated Metabolite: Ammonia
Deficient Enzyme: Carbamoyl Phosphate Synthetase I
Symptoms: Coma, Hyperammonemia
Inheritance Pattern: Autosomal Recessive
Causative Gene: CPS1

=== QUESTION ===
Which metabolite accumulates in Carbamoyl Phosphate Synthetase I Deficiency?

=== ANSWER ===
","The answer is Ammonia, based on the knowledge provided."
114,tinyllama,Carbamoyl Phosphate Synthetase I Deficiency,hasCausativeGene,Which gene causes Carbamoyl Phosphate Synthetase I Deficiency?,CPS1,"You are a biomedical assistant.
Answer ONLY using the knowledge below.
Do not use outside knowledge.
If the answer is not present, reply exactly:
I don't know based on the provided knowledge.

=== KNOWLEDGE ===
Disease: Carbamoyl Phosphate Synthetase I Deficiency
Treatment: Protein-Restricted Diet
Accumulated Metabolite: Ammonia
Deficient Enzyme: Carbamoyl Phosphate Synthetase I
Symptoms: Coma, Hyperammonemia
Inheritance Pattern: Autosomal Recessive
Causative Gene: CPS1

=== QUESTION ===
Which gene causes Carbamoyl Phosphate Synthetase I Deficiency?

=== ANSWER ===
","Yes, based on the provided knowledge, the gene causing Carbaamoyl Phosphate Synthetase I Deficiency is CPS1."
115,tinyllama,N-Acetylglutamate Synthase Deficiency,hasInheritancePattern,What is the inheritance pattern of N-Acetylglutamate Synthase Deficiency?,Autosomal Recessive,"You are a biomedical assistant.
Answer ONLY using the knowledge below.
Do not use outside knowledge.
If the answer is not present, reply exactly:
I don't know based on the provided knowledge.

=== KNOWLEDGE ===
Disease: N-Acetylglutamate Synthase Deficiency
Treatment: Carglumic Acid Therapy
Accumulated Metabolite: Ammonia
Deficient Enzyme: N-Acetylglutamate Synthase
Symptoms: Hyperammonemia
Inheritance Pattern: Autosomal Recessive
Causative Gene: NAGS

=== QUESTION ===
What is the inheritance pattern of N-Acetylglutamate Synthase Deficiency?

=== ANSWER ===
","The inheritance pattern of N-Acetylglutamate Synthase Deficiency is Autosomal Receissive. Based on the given knowledge, ""Disease: N-Acetylglutamate Synthase Deficiency"" and ""Treatment: CarglumiC Acid Therapy"", the inheritance pattern of N-Acetylglutamate Synthase Deficiency is Autosomal Receissive."
116,tinyllama,N-Acetylglutamate Synthase Deficiency,treatedWith,How is N-Acetylglutamate Synthase Deficiency treated?,Carglumic Acid Therapy,"You are a biomedical assistant.
Answer ONLY using the knowledge below.
Do not use outside knowledge.
If the answer is not present, reply exactly:
I don't know based on the provided knowledge.

=== KNOWLEDGE ===
Disease: N-Acetylglutamate Synthase Deficiency
Treatment: Carglumic Acid Therapy
Accumulated Metabolite: Ammonia
Deficient Enzyme: N-Acetylglutamate Synthase
Symptoms: Hyperammonemia
Inheritance Pattern: Autosomal Recessive
Causative Gene: NAGS

=== QUESTION ===
How is N-Acetylglutamate Synthase Deficiency treated?

=== ANSWER ===
","The answer to the question ""How is N-Acetylgluta mate Synthase Deficiency treated?"" in this context is not available based on provided knowledge. However, according to the given knowledge, N-Acetylgluataate Synthaase Deficiency refers to a type of diseaise caused by an accumulation of ammonia (NH3) and related metabolites in the body. It is treated through the use of carglumic acid therapy that involves administering ammonia-rich nutrients to combat this condition."
117,tinyllama,N-Acetylglutamate Synthase Deficiency,hasDeficientEnzyme,Which enzyme is deficient in N-Acetylglutamate Synthase Deficiency?,N-Acetylglutamate Synthase,"You are a biomedical assistant.
Answer ONLY using the knowledge below.
Do not use outside knowledge.
If the answer is not present, reply exactly:
I don't know based on the provided knowledge.

=== KNOWLEDGE ===
Disease: N-Acetylglutamate Synthase Deficiency
Treatment: Carglumic Acid Therapy
Accumulated Metabolite: Ammonia
Deficient Enzyme: N-Acetylglutamate Synthase
Symptoms: Hyperammonemia
Inheritance Pattern: Autosomal Recessive
Causative Gene: NAGS

=== QUESTION ===
Which enzyme is deficient in N-Acetylglutamate Synthase Deficiency?

=== ANSWER ===
","The enzyme deficient in N-Acetylglutamate Synthase Deficiency is N-Acetylglutaamase, and the relevant gene is NAGS."
118,tinyllama,N-Acetylglutamate Synthase Deficiency,hasSymptom,What symptoms are associated with N-Acetylglutamate Synthase Deficiency?,Hyperammonemia,"You are a biomedical assistant.
Answer ONLY using the knowledge below.
Do not use outside knowledge.
If the answer is not present, reply exactly:
I don't know based on the provided knowledge.

=== KNOWLEDGE ===
Disease: N-Acetylglutamate Synthase Deficiency
Treatment: Carglumic Acid Therapy
Accumulated Metabolite: Ammonia
Deficient Enzyme: N-Acetylglutamate Synthase
Symptoms: Hyperammonemia
Inheritance Pattern: Autosomal Recessive
Causative Gene: NAGS

=== QUESTION ===
What symptoms are associated with N-Acetylglutamate Synthase Deficiency?

=== ANSWER ===
",The answer is: Hyperammonemias.
119,tinyllama,N-Acetylglutamate Synthase Deficiency,accumulatesMetabolite,Which metabolite accumulates in N-Acetylglutamate Synthase Deficiency?,Ammonia,"You are a biomedical assistant.
Answer ONLY using the knowledge below.
Do not use outside knowledge.
If the answer is not present, reply exactly:
I don't know based on the provided knowledge.

=== KNOWLEDGE ===
Disease: N-Acetylglutamate Synthase Deficiency
Treatment: Carglumic Acid Therapy
Accumulated Metabolite: Ammonia
Deficient Enzyme: N-Acetylglutamate Synthase
Symptoms: Hyperammonemia
Inheritance Pattern: Autosomal Recessive
Causative Gene: NAGS

=== QUESTION ===
Which metabolite accumulates in N-Acetylglutamate Synthase Deficiency?

=== ANSWER ===
","The correct answer is ""Ammonia""."
120,tinyllama,N-Acetylglutamate Synthase Deficiency,hasCausativeGene,Which gene causes N-Acetylglutamate Synthase Deficiency?,NAGS,"You are a biomedical assistant.
Answer ONLY using the knowledge below.
Do not use outside knowledge.
If the answer is not present, reply exactly:
I don't know based on the provided knowledge.

=== KNOWLEDGE ===
Disease: N-Acetylglutamate Synthase Deficiency
Treatment: Carglumic Acid Therapy
Accumulated Metabolite: Ammonia
Deficient Enzyme: N-Acetylglutamate Synthase
Symptoms: Hyperammonemia
Inheritance Pattern: Autosomal Recessive
Causative Gene: NAGS

=== QUESTION ===
Which gene causes N-Acetylglutamate Synthase Deficiency?

=== ANSWER ===
","No, the given knowledge does not provide an answer to the question. The provided answer is based on only a single piece of information and should be used accordingly."
121,tinyllama,Medium-Chain Acyl-CoA Dehydrogenase Deficiency,hasInheritancePattern,What is the inheritance pattern of Medium-Chain Acyl-CoA Dehydrogenase Deficiency?,Autosomal Recessive,"You are a biomedical assistant.
Answer ONLY using the knowledge below.
Do not use outside knowledge.
If the answer is not present, reply exactly:
I don't know based on the provided knowledge.

=== KNOWLEDGE ===
Disease: Medium-Chain Acyl-CoA Dehydrogenase Deficiency
Treatment: Avoidance of Fasting
Accumulated Metabolite: Medium-Chain Fatty Acids
Deficient Enzyme: Medium-Chain Acyl-CoA Dehydrogenase
Symptoms: Hypoketotic Hypoglycemia, Lethargy
Inheritance Pattern: Autosomal Recessive
Causative Gene: ACADM

=== QUESTION ===
What is the inheritance pattern of Medium-Chain Acyl-CoA Dehydrogenase Deficiency?

=== ANSWER ===
","The answer for the question ""What is the inheritance pattern of Medium-Chain Acyl-CoA Dehydrogenase Deficiency?"" based on the given knowledge is Autosomal Receessive."
122,tinyllama,Medium-Chain Acyl-CoA Dehydrogenase Deficiency,treatedWith,How is Medium-Chain Acyl-CoA Dehydrogenase Deficiency treated?,Avoidance of Fasting,"You are a biomedical assistant.
Answer ONLY using the knowledge below.
Do not use outside knowledge.
If the answer is not present, reply exactly:
I don't know based on the provided knowledge.

=== KNOWLEDGE ===
Disease: Medium-Chain Acyl-CoA Dehydrogenase Deficiency
Treatment: Avoidance of Fasting
Accumulated Metabolite: Medium-Chain Fatty Acids
Deficient Enzyme: Medium-Chain Acyl-CoA Dehydrogenase
Symptoms: Hypoketotic Hypoglycemia, Lethargy
Inheritance Pattern: Autosomal Recessive
Causative Gene: ACADM

=== QUESTION ===
How is Medium-Chain Acyl-CoA Dehydrogenase Deficiency treated?

=== ANSWER ===
","Based on the provided knowledge, the treatment for Mediate-Chain Acyl-CoA Dehydoelegance Deficience (Medium-chain Acyl-CoA Dehydrogenase Deficiency) is avoiding fasting."
123,tinyllama,Medium-Chain Acyl-CoA Dehydrogenase Deficiency,hasDeficientEnzyme,Which enzyme is deficient in Medium-Chain Acyl-CoA Dehydrogenase Deficiency?,Medium-Chain Acyl-CoA Dehydrogenase,"You are a biomedical assistant.
Answer ONLY using the knowledge below.
Do not use outside knowledge.
If the answer is not present, reply exactly:
I don't know based on the provided knowledge.

=== KNOWLEDGE ===
Disease: Medium-Chain Acyl-CoA Dehydrogenase Deficiency
Treatment: Avoidance of Fasting
Accumulated Metabolite: Medium-Chain Fatty Acids
Deficient Enzyme: Medium-Chain Acyl-CoA Dehydrogenase
Symptoms: Hypoketotic Hypoglycemia, Lethargy
Inheritance Pattern: Autosomal Recessive
Causative Gene: ACADM

=== QUESTION ===
Which enzyme is deficient in Medium-Chain Acyl-CoA Dehydrogenase Deficiency?

=== ANSWER ===
","Based on the provided knowledge, the enzyme deficient in Medium-Chain Acyl-CoA Dehydrogenase Deficiency is mediated by the ACADM gene. The symptoms of this condition are hypokeptic hypoglycemia and lethargy (autoinherited recessive)."
124,tinyllama,Medium-Chain Acyl-CoA Dehydrogenase Deficiency,hasSymptom,What symptoms are associated with Medium-Chain Acyl-CoA Dehydrogenase Deficiency?,Hypoketotic Hypoglycemia; Lethargy,"You are a biomedical assistant.
Answer ONLY using the knowledge below.
Do not use outside knowledge.
If the answer is not present, reply exactly:
I don't know based on the provided knowledge.

=== KNOWLEDGE ===
Disease: Medium-Chain Acyl-CoA Dehydrogenase Deficiency
Treatment: Avoidance of Fasting
Accumulated Metabolite: Medium-Chain Fatty Acids
Deficient Enzyme: Medium-Chain Acyl-CoA Dehydrogenase
Symptoms: Hypoketotic Hypoglycemia, Lethargy
Inheritance Pattern: Autosomal Recessive
Causative Gene: ACADM

=== QUESTION ===
What symptoms are associated with Medium-Chain Acyl-CoA Dehydrogenase Deficiency?

=== ANSWER ===
","Answer based on provided knowledge only. Based on the given material, I don't have access to outside knowledge."
125,tinyllama,Medium-Chain Acyl-CoA Dehydrogenase Deficiency,accumulatesMetabolite,Which metabolite accumulates in Medium-Chain Acyl-CoA Dehydrogenase Deficiency?,Medium-Chain Fatty Acids,"You are a biomedical assistant.
Answer ONLY using the knowledge below.
Do not use outside knowledge.
If the answer is not present, reply exactly:
I don't know based on the provided knowledge.

=== KNOWLEDGE ===
Disease: Medium-Chain Acyl-CoA Dehydrogenase Deficiency
Treatment: Avoidance of Fasting
Accumulated Metabolite: Medium-Chain Fatty Acids
Deficient Enzyme: Medium-Chain Acyl-CoA Dehydrogenase
Symptoms: Hypoketotic Hypoglycemia, Lethargy
Inheritance Pattern: Autosomal Recessive
Causative Gene: ACADM

=== QUESTION ===
Which metabolite accumulates in Medium-Chain Acyl-CoA Dehydrogenase Deficiency?

=== ANSWER ===
","The question is asking for the accumulation of a metabolite in Medium-Chain Acyl-CoA Dehydoegenase Deficiency, and the provided knowledge only has information about diseases caused by deficiency of this enzyme. Therefore, the answer is ""lethargy"" (meaning ""hypoglycemia due to let's go"") based on the given knowledge."
126,tinyllama,Medium-Chain Acyl-CoA Dehydrogenase Deficiency,hasCausativeGene,Which gene causes Medium-Chain Acyl-CoA Dehydrogenase Deficiency?,ACADM,"You are a biomedical assistant.
Answer ONLY using the knowledge below.
Do not use outside knowledge.
If the answer is not present, reply exactly:
I don't know based on the provided knowledge.

=== KNOWLEDGE ===
Disease: Medium-Chain Acyl-CoA Dehydrogenase Deficiency
Treatment: Avoidance of Fasting
Accumulated Metabolite: Medium-Chain Fatty Acids
Deficient Enzyme: Medium-Chain Acyl-CoA Dehydrogenase
Symptoms: Hypoketotic Hypoglycemia, Lethargy
Inheritance Pattern: Autosomal Recessive
Causative Gene: ACADM

=== QUESTION ===
Which gene causes Medium-Chain Acyl-CoA Dehydrogenase Deficiency?

=== ANSWER ===
","Based on the provided knowledge, the gene responsible for Mediate-Chain Acly-CoA Dehydoelgenase Deficiency is ACADM."
127,tinyllama,Very Long-Chain Acyl-CoA Dehydrogenase Deficiency,hasInheritancePattern,What is the inheritance pattern of Very Long-Chain Acyl-CoA Dehydrogenase Deficiency?,Autosomal Recessive,"You are a biomedical assistant.
Answer ONLY using the knowledge below.
Do not use outside knowledge.
If the answer is not present, reply exactly:
I don't know based on the provided knowledge.

=== KNOWLEDGE ===
Disease: Very Long-Chain Acyl-CoA Dehydrogenase Deficiency
Treatment: MCT Oil Dietary Therapy
Accumulated Metabolite: Long-Chain Fatty Acids
Deficient Enzyme: Very Long-Chain Acyl-CoA Dehydrogenase
Symptoms: Cardiomyopathy, Hypoglycemia
Inheritance Pattern: Autosomal Recessive
Causative Gene: ACADVL

=== QUESTION ===
What is the inheritance pattern of Very Long-Chain Acyl-CoA Dehydrogenase Deficiency?

=== ANSWER ===
","The answer to the question is Autosomal Receissive. This implies that this genetic disorder is inherited through autosomes, meaning that it occurs due to an incomplete copy of a gene on one parent's chromosome and a non-copy gene on another parent's chromosome, resulting in a lack of the affected allele (disease-causing) on all 23 pairs of each chromosome. The inheritance pattern is Autosomal Receissive, meaning that it occurs due to an autosomal dominant or recessive inheritance pattern."
128,tinyllama,Very Long-Chain Acyl-CoA Dehydrogenase Deficiency,treatedWith,How is Very Long-Chain Acyl-CoA Dehydrogenase Deficiency treated?,MCT Oil Dietary Therapy,"You are a biomedical assistant.
Answer ONLY using the knowledge below.
Do not use outside knowledge.
If the answer is not present, reply exactly:
I don't know based on the provided knowledge.

=== KNOWLEDGE ===
Disease: Very Long-Chain Acyl-CoA Dehydrogenase Deficiency
Treatment: MCT Oil Dietary Therapy
Accumulated Metabolite: Long-Chain Fatty Acids
Deficient Enzyme: Very Long-Chain Acyl-CoA Dehydrogenase
Symptoms: Cardiomyopathy, Hypoglycemia
Inheritance Pattern: Autosomal Recessive
Causative Gene: ACADVL

=== QUESTION ===
How is Very Long-Chain Acyl-CoA Dehydrogenase Deficiency treated?

=== ANSWER ===
","Yes, based on the provided knowledge, Very Long-Chain Acyl-CoA Dehydrogenase Deficiency (VLCAD) is treated with MCM oil dietary therapy. The MCM stands for Methyl Coenzyme M and refers to a metabolic process that converts long-chain fatty acids into short-chain fatty acids to produce energy. This approach helps to improve lipid metabolism and reduce accumulated metabolite levels in VLCAD patients. The MCM oil dietary therapy used for this condition is specifically designed to support the body's natural fatty acid metabolic pathways, which can help to alleviate symptoms such as cardiomyopathy, hypoglycemia, and other auto-somal receive deficiency conditions."
129,tinyllama,Very Long-Chain Acyl-CoA Dehydrogenase Deficiency,hasDeficientEnzyme,Which enzyme is deficient in Very Long-Chain Acyl-CoA Dehydrogenase Deficiency?,Very Long-Chain Acyl-CoA Dehydrogenase,"You are a biomedical assistant.
Answer ONLY using the knowledge below.
Do not use outside knowledge.
If the answer is not present, reply exactly:
I don't know based on the provided knowledge.

=== KNOWLEDGE ===
Disease: Very Long-Chain Acyl-CoA Dehydrogenase Deficiency
Treatment: MCT Oil Dietary Therapy
Accumulated Metabolite: Long-Chain Fatty Acids
Deficient Enzyme: Very Long-Chain Acyl-CoA Dehydrogenase
Symptoms: Cardiomyopathy, Hypoglycemia
Inheritance Pattern: Autosomal Recessive
Causative Gene: ACADVL

=== QUESTION ===
Which enzyme is deficient in Very Long-Chain Acyl-CoA Dehydrogenase Deficiency?

=== ANSWER ===
",The enzyme responsible for deficiency in the disease known as Very Long-Chain Acyl-CoA Dehydrogenase Deficience (VLCD) is Long-Chain Fatty Acids.
130,tinyllama,Very Long-Chain Acyl-CoA Dehydrogenase Deficiency,hasSymptom,What symptoms are associated with Very Long-Chain Acyl-CoA Dehydrogenase Deficiency?,Cardiomyopathy; Hypoglycemia,"You are a biomedical assistant.
Answer ONLY using the knowledge below.
Do not use outside knowledge.
If the answer is not present, reply exactly:
I don't know based on the provided knowledge.

=== KNOWLEDGE ===
Disease: Very Long-Chain Acyl-CoA Dehydrogenase Deficiency
Treatment: MCT Oil Dietary Therapy
Accumulated Metabolite: Long-Chain Fatty Acids
Deficient Enzyme: Very Long-Chain Acyl-CoA Dehydrogenase
Symptoms: Cardiomyopathy, Hypoglycemia
Inheritance Pattern: Autosomal Recessive
Causative Gene: ACADVL

=== QUESTION ===
What symptoms are associated with Very Long-Chain Acyl-CoA Dehydrogenase Deficiency?

=== ANSWER ===
","Based on the knowledge provided, the answer to the question is: Symptoms associated with Very Long-Chain Acyl-CoA Dehydrogenase Deficiency include cardiomyoopathy (hypoglycemia) due to accumulated metabolites."
131,tinyllama,Very Long-Chain Acyl-CoA Dehydrogenase Deficiency,accumulatesMetabolite,Which metabolite accumulates in Very Long-Chain Acyl-CoA Dehydrogenase Deficiency?,Long-Chain Fatty Acids,"You are a biomedical assistant.
Answer ONLY using the knowledge below.
Do not use outside knowledge.
If the answer is not present, reply exactly:
I don't know based on the provided knowledge.

=== KNOWLEDGE ===
Disease: Very Long-Chain Acyl-CoA Dehydrogenase Deficiency
Treatment: MCT Oil Dietary Therapy
Accumulated Metabolite: Long-Chain Fatty Acids
Deficient Enzyme: Very Long-Chain Acyl-CoA Dehydrogenase
Symptoms: Cardiomyopathy, Hypoglycemia
Inheritance Pattern: Autosomal Recessive
Causative Gene: ACADVL

=== QUESTION ===
Which metabolite accumulates in Very Long-Chain Acyl-CoA Dehydrogenase Deficiency?

=== ANSWER ===
","The answer to the question is ""MCT Oil Dietary Therapy""."
132,tinyllama,Very Long-Chain Acyl-CoA Dehydrogenase Deficiency,hasCausativeGene,Which gene causes Very Long-Chain Acyl-CoA Dehydrogenase Deficiency?,ACADVL,"You are a biomedical assistant.
Answer ONLY using the knowledge below.
Do not use outside knowledge.
If the answer is not present, reply exactly:
I don't know based on the provided knowledge.

=== KNOWLEDGE ===
Disease: Very Long-Chain Acyl-CoA Dehydrogenase Deficiency
Treatment: MCT Oil Dietary Therapy
Accumulated Metabolite: Long-Chain Fatty Acids
Deficient Enzyme: Very Long-Chain Acyl-CoA Dehydrogenase
Symptoms: Cardiomyopathy, Hypoglycemia
Inheritance Pattern: Autosomal Recessive
Causative Gene: ACADVL

=== QUESTION ===
Which gene causes Very Long-Chain Acyl-CoA Dehydrogenase Deficiency?

=== ANSWER ===
","The answer to the question is ""No Knowledge Given."" The given knowledge does not provide any information about which gene causes Very Long-Chain Acyl-CoA Dehydrogenase Deficiency."
133,tinyllama,Long-Chain 3-Hydroxyacyl-CoA Dehydrogenase Deficiency,hasInheritancePattern,What is the inheritance pattern of Long-Chain 3-Hydroxyacyl-CoA Dehydrogenase Deficiency?,Autosomal Recessive,"You are a biomedical assistant.
Answer ONLY using the knowledge below.
Do not use outside knowledge.
If the answer is not present, reply exactly:
I don't know based on the provided knowledge.

=== KNOWLEDGE ===
Disease: Long-Chain 3-Hydroxyacyl-CoA Dehydrogenase Deficiency
Treatment: MCT Oil Dietary Therapy
Accumulated Metabolite: 3-Hydroxy Fatty Acids
Deficient Enzyme: Long-Chain 3-Hydroxyacyl-CoA Dehydrogenase
Symptoms: Peripheral Neuropathy, Retinopathy
Inheritance Pattern: Autosomal Recessive
Causative Gene: HADHA

=== QUESTION ===
What is the inheritance pattern of Long-Chain 3-Hydroxyacyl-CoA Dehydrogenase Deficiency?

=== ANSWER ===
","The answer to the question ""What is the inheritance pattern of Long-Chain 3-Hydroxyacyl-CoA Dehydogenase Deficiency?"" is Auto somal Receissive."
134,tinyllama,Long-Chain 3-Hydroxyacyl-CoA Dehydrogenase Deficiency,treatedWith,How is Long-Chain 3-Hydroxyacyl-CoA Dehydrogenase Deficiency treated?,MCT Oil Dietary Therapy,"You are a biomedical assistant.
Answer ONLY using the knowledge below.
Do not use outside knowledge.
If the answer is not present, reply exactly:
I don't know based on the provided knowledge.

=== KNOWLEDGE ===
Disease: Long-Chain 3-Hydroxyacyl-CoA Dehydrogenase Deficiency
Treatment: MCT Oil Dietary Therapy
Accumulated Metabolite: 3-Hydroxy Fatty Acids
Deficient Enzyme: Long-Chain 3-Hydroxyacyl-CoA Dehydrogenase
Symptoms: Peripheral Neuropathy, Retinopathy
Inheritance Pattern: Autosomal Recessive
Causative Gene: HADHA

=== QUESTION ===
How is Long-Chain 3-Hydroxyacyl-CoA Dehydrogenase Deficiency treated?

=== ANSWER ===
","Based on the provided knowledge, Long-Chain 3-Hyydroxyacyl-CoA Dehydrogenase Deficiency is treated with a dietary therapy called MC Texas oil. This therapy involves feeding cows high amounts of omega-3 fatty acids, which are known to increase the levels of long-chain 3-hydroxyacyl-CoAs (HCACs) in their bodies. The Cows fed with this diet experience reduced accumulation of HCACs and exhibit fewer symptoms, indicating that it is a treatment for Long-Chain 3-Hydroxyacyl-CoA Dehydogenase Deficiency."
135,tinyllama,Long-Chain 3-Hydroxyacyl-CoA Dehydrogenase Deficiency,hasDeficientEnzyme,Which enzyme is deficient in Long-Chain 3-Hydroxyacyl-CoA Dehydrogenase Deficiency?,Long-Chain 3-Hydroxyacyl-CoA Dehydrogenase,"You are a biomedical assistant.
Answer ONLY using the knowledge below.
Do not use outside knowledge.
If the answer is not present, reply exactly:
I don't know based on the provided knowledge.

=== KNOWLEDGE ===
Disease: Long-Chain 3-Hydroxyacyl-CoA Dehydrogenase Deficiency
Treatment: MCT Oil Dietary Therapy
Accumulated Metabolite: 3-Hydroxy Fatty Acids
Deficient Enzyme: Long-Chain 3-Hydroxyacyl-CoA Dehydrogenase
Symptoms: Peripheral Neuropathy, Retinopathy
Inheritance Pattern: Autosomal Recessive
Causative Gene: HADHA

=== QUESTION ===
Which enzyme is deficient in Long-Chain 3-Hydroxyacyl-CoA Dehydrogenase Deficiency?

=== ANSWER ===
","Based on the provided knowledge, the question does not require a specific answer because it only asks about an enzyme that is deficient in Long-Chain 3-Hydroxyacyl-CoA Dehydoenase Deficiency. Therefore, based on this information alone, the correct answer is ""no enzyme is deficient in Long-Chain 3-Hyydroxyacyl-CoA Dehydoenase."""
136,tinyllama,Long-Chain 3-Hydroxyacyl-CoA Dehydrogenase Deficiency,hasSymptom,What symptoms are associated with Long-Chain 3-Hydroxyacyl-CoA Dehydrogenase Deficiency?,Peripheral Neuropathy; Retinopathy,"You are a biomedical assistant.
Answer ONLY using the knowledge below.
Do not use outside knowledge.
If the answer is not present, reply exactly:
I don't know based on the provided knowledge.

=== KNOWLEDGE ===
Disease: Long-Chain 3-Hydroxyacyl-CoA Dehydrogenase Deficiency
Treatment: MCT Oil Dietary Therapy
Accumulated Metabolite: 3-Hydroxy Fatty Acids
Deficient Enzyme: Long-Chain 3-Hydroxyacyl-CoA Dehydrogenase
Symptoms: Peripheral Neuropathy, Retinopathy
Inheritance Pattern: Autosomal Recessive
Causative Gene: HADHA

=== QUESTION ===
What symptoms are associated with Long-Chain 3-Hydroxyacyl-CoA Dehydrogenase Deficiency?

=== ANSWER ===
","The given knowledge provides that Long-Chain 3-Hydroxyacyl-CoA Dehyandrogenase Deficiency (LCHAD) is a disease with symptoms such as peripheral neuropathy and retinopathy. The causative gene responsible for this genetic disorder is HADHA, which affects the long-chain 3-hydroxyacyl-CoA dehydrogenase enzyme."
137,tinyllama,Long-Chain 3-Hydroxyacyl-CoA Dehydrogenase Deficiency,accumulatesMetabolite,Which metabolite accumulates in Long-Chain 3-Hydroxyacyl-CoA Dehydrogenase Deficiency?,3-Hydroxy Fatty Acids,"You are a biomedical assistant.
Answer ONLY using the knowledge below.
Do not use outside knowledge.
If the answer is not present, reply exactly:
I don't know based on the provided knowledge.

=== KNOWLEDGE ===
Disease: Long-Chain 3-Hydroxyacyl-CoA Dehydrogenase Deficiency
Treatment: MCT Oil Dietary Therapy
Accumulated Metabolite: 3-Hydroxy Fatty Acids
Deficient Enzyme: Long-Chain 3-Hydroxyacyl-CoA Dehydrogenase
Symptoms: Peripheral Neuropathy, Retinopathy
Inheritance Pattern: Autosomal Recessive
Causative Gene: HADHA

=== QUESTION ===
Which metabolite accumulates in Long-Chain 3-Hydroxyacyl-CoA Dehydrogenase Deficiency?

=== ANSWER ===
",The metabolite that accumulates in Long-Chain 3-Hyydroxyacyl-CoA Dehydohgene Deficiency is 3-Hydroxy Acetyl Coenzyme A (3-HAC).
138,tinyllama,Long-Chain 3-Hydroxyacyl-CoA Dehydrogenase Deficiency,hasCausativeGene,Which gene causes Long-Chain 3-Hydroxyacyl-CoA Dehydrogenase Deficiency?,HADHA,"You are a biomedical assistant.
Answer ONLY using the knowledge below.
Do not use outside knowledge.
If the answer is not present, reply exactly:
I don't know based on the provided knowledge.

=== KNOWLEDGE ===
Disease: Long-Chain 3-Hydroxyacyl-CoA Dehydrogenase Deficiency
Treatment: MCT Oil Dietary Therapy
Accumulated Metabolite: 3-Hydroxy Fatty Acids
Deficient Enzyme: Long-Chain 3-Hydroxyacyl-CoA Dehydrogenase
Symptoms: Peripheral Neuropathy, Retinopathy
Inheritance Pattern: Autosomal Recessive
Causative Gene: HADHA

=== QUESTION ===
Which gene causes Long-Chain 3-Hydroxyacyl-CoA Dehydrogenase Deficiency?

=== ANSWER ===
","Yes, based on the given knowledge, the gene causing Long-Chain 3-Hydroxyacyl-CoA Dehydrogenase Deficiency is HADHA."
139,tinyllama,Carnitine Palmitoyltransferase II Deficiency,hasInheritancePattern,What is the inheritance pattern of Carnitine Palmitoyltransferase II Deficiency?,Autosomal Recessive,"You are a biomedical assistant.
Answer ONLY using the knowledge below.
Do not use outside knowledge.
If the answer is not present, reply exactly:
I don't know based on the provided knowledge.

=== KNOWLEDGE ===
Disease: Carnitine Palmitoyltransferase II Deficiency
Treatment: Low-Fat High-Carbohydrate Diet
Accumulated Metabolite: Long-Chain Acylcarnitines
Deficient Enzyme: Carnitine Palmitoyltransferase II
Symptoms: Exercise-Induced Myalgia, Rhabdomyolysis
Inheritance Pattern: Autosomal Recessive
Causative Gene: CPT2

=== QUESTION ===
What is the inheritance pattern of Carnitine Palmitoyltransferase II Deficiency?

=== ANSWER ===
","Based on the provided knowledge, Carnitine Palmitoyltransferase II Deficiency has an autosomal recessive inheritance pattern."
140,tinyllama,Carnitine Palmitoyltransferase II Deficiency,treatedWith,How is Carnitine Palmitoyltransferase II Deficiency treated?,Low-Fat High-Carbohydrate Diet,"You are a biomedical assistant.
Answer ONLY using the knowledge below.
Do not use outside knowledge.
If the answer is not present, reply exactly:
I don't know based on the provided knowledge.

=== KNOWLEDGE ===
Disease: Carnitine Palmitoyltransferase II Deficiency
Treatment: Low-Fat High-Carbohydrate Diet
Accumulated Metabolite: Long-Chain Acylcarnitines
Deficient Enzyme: Carnitine Palmitoyltransferase II
Symptoms: Exercise-Induced Myalgia, Rhabdomyolysis
Inheritance Pattern: Autosomal Recessive
Causative Gene: CPT2

=== QUESTION ===
How is Carnitine Palmitoyltransferase II Deficiency treated?

=== ANSWER ===
","Based on the provided knowledge, the treatment for Carnitine Palmitoyltransferase II Deficiency (CPT2) is a low-fat high-carbohydrate diet. The disease is classified as a disaise because it is a deficiency in the enzyme that converts fatty acids into long-chain acidyl-coenzyme A carnitine. The treatments for CPT2 include avoiding excessive fat intake and focusing on high-carbohydrate diets."
141,tinyllama,Carnitine Palmitoyltransferase II Deficiency,hasDeficientEnzyme,Which enzyme is deficient in Carnitine Palmitoyltransferase II Deficiency?,Carnitine Palmitoyltransferase II,"You are a biomedical assistant.
Answer ONLY using the knowledge below.
Do not use outside knowledge.
If the answer is not present, reply exactly:
I don't know based on the provided knowledge.

=== KNOWLEDGE ===
Disease: Carnitine Palmitoyltransferase II Deficiency
Treatment: Low-Fat High-Carbohydrate Diet
Accumulated Metabolite: Long-Chain Acylcarnitines
Deficient Enzyme: Carnitine Palmitoyltransferase II
Symptoms: Exercise-Induced Myalgia, Rhabdomyolysis
Inheritance Pattern: Autosomal Recessive
Causative Gene: CPT2

=== QUESTION ===
Which enzyme is deficient in Carnitine Palmitoyltransferase II Deficiency?

=== ANSWER ===
",No external knowledge is necessary for this answer. The given information is the knowledge available to the biochemical assistant based on provided knowledge.
142,tinyllama,Carnitine Palmitoyltransferase II Deficiency,hasSymptom,What symptoms are associated with Carnitine Palmitoyltransferase II Deficiency?,Exercise-Induced Myalgia; Rhabdomyolysis,"You are a biomedical assistant.
Answer ONLY using the knowledge below.
Do not use outside knowledge.
If the answer is not present, reply exactly:
I don't know based on the provided knowledge.

=== KNOWLEDGE ===
Disease: Carnitine Palmitoyltransferase II Deficiency
Treatment: Low-Fat High-Carbohydrate Diet
Accumulated Metabolite: Long-Chain Acylcarnitines
Deficient Enzyme: Carnitine Palmitoyltransferase II
Symptoms: Exercise-Induced Myalgia, Rhabdomyolysis
Inheritance Pattern: Autosomal Recessive
Causative Gene: CPT2

=== QUESTION ===
What symptoms are associated with Carnitine Palmitoyltransferase II Deficiency?

=== ANSWER ===
","According to the provided knowledge, Carnitine Palmitoyltransferase II Deficiency is associated with exacerbated symptoms such as exercise-induced myalgia and rhombotomy. The specific auto-somal inherited genes involved are not mentioned."
143,tinyllama,Carnitine Palmitoyltransferase II Deficiency,accumulatesMetabolite,Which metabolite accumulates in Carnitine Palmitoyltransferase II Deficiency?,Long-Chain Acylcarnitines,"You are a biomedical assistant.
Answer ONLY using the knowledge below.
Do not use outside knowledge.
If the answer is not present, reply exactly:
I don't know based on the provided knowledge.

=== KNOWLEDGE ===
Disease: Carnitine Palmitoyltransferase II Deficiency
Treatment: Low-Fat High-Carbohydrate Diet
Accumulated Metabolite: Long-Chain Acylcarnitines
Deficient Enzyme: Carnitine Palmitoyltransferase II
Symptoms: Exercise-Induced Myalgia, Rhabdomyolysis
Inheritance Pattern: Autosomal Recessive
Causative Gene: CPT2

=== QUESTION ===
Which metabolite accumulates in Carnitine Palmitoyltransferase II Deficiency?

=== ANSWER ===
",The metabolite that accumulates in Carnitine Palmitoyltransferase II Deficiency is Long-Chain Acylcarnitines.
144,tinyllama,Carnitine Palmitoyltransferase II Deficiency,hasCausativeGene,Which gene causes Carnitine Palmitoyltransferase II Deficiency?,CPT2,"You are a biomedical assistant.
Answer ONLY using the knowledge below.
Do not use outside knowledge.
If the answer is not present, reply exactly:
I don't know based on the provided knowledge.

=== KNOWLEDGE ===
Disease: Carnitine Palmitoyltransferase II Deficiency
Treatment: Low-Fat High-Carbohydrate Diet
Accumulated Metabolite: Long-Chain Acylcarnitines
Deficient Enzyme: Carnitine Palmitoyltransferase II
Symptoms: Exercise-Induced Myalgia, Rhabdomyolysis
Inheritance Pattern: Autosomal Recessive
Causative Gene: CPT2

=== QUESTION ===
Which gene causes Carnitine Palmitoyltransferase II Deficiency?

=== ANSWER ===
","No external knowledge is required to answer this question. The gene causing Carnitine Palmitoyltransferase II Deficiency (CPT2) is the CP1 gene, which has been shown in previous studies to be a causative gene for this condition."
145,tinyllama,Primary Carnitine Deficiency,hasInheritancePattern,What is the inheritance pattern of Primary Carnitine Deficiency?,Autosomal Recessive,"You are a biomedical assistant.
Answer ONLY using the knowledge below.
Do not use outside knowledge.
If the answer is not present, reply exactly:
I don't know based on the provided knowledge.

=== KNOWLEDGE ===
Disease: Primary Carnitine Deficiency
Treatment: Carnitine Supplementation
Accumulated Metabolite: Free Carnitine (Deficient)
Deficient Enzyme: OCTN2 Carnitine Transporter
Symptoms: Cardiomyopathy, Muscle Weakness
Inheritance Pattern: Autosomal Recessive
Causative Gene: SLC22A5

=== QUESTION ===
What is the inheritance pattern of Primary Carnitine Deficiency?

=== ANSWER ===
","The inheritance pattern of Primary Carnitine Deficiency is Autosomal Recessive. Based on provided knowledge, it does not have a specific genetic cause or mutation, and the condition is inherited in an autosomal recessive pattern."
146,tinyllama,Primary Carnitine Deficiency,treatedWith,How is Primary Carnitine Deficiency treated?,Carnitine Supplementation,"You are a biomedical assistant.
Answer ONLY using the knowledge below.
Do not use outside knowledge.
If the answer is not present, reply exactly:
I don't know based on the provided knowledge.

=== KNOWLEDGE ===
Disease: Primary Carnitine Deficiency
Treatment: Carnitine Supplementation
Accumulated Metabolite: Free Carnitine (Deficient)
Deficient Enzyme: OCTN2 Carnitine Transporter
Symptoms: Cardiomyopathy, Muscle Weakness
Inheritance Pattern: Autosomal Recessive
Causative Gene: SLC22A5

=== QUESTION ===
How is Primary Carnitine Deficiency treated?

=== ANSWER ===
","Based on the provided knowledge, the answer to the question ""How is Primary Carnitine Deficiency treated?"" is that it is typically treated with carnitine supplementation. This is because deficiencies in carnitine can lead to various symptoms such as cardiomyoopathy, muscle weakness, and accumulated metabolite. Additionally, genetic inheritance pattern of autosomal receissive suggests that this condition may be triggered by certain genes related to the SLCA22A5 gene. However, specific treatment options for Primary Carnitine Deficiency may vary based on individual factors such as age, medical history, and lifestyle habits."
147,tinyllama,Primary Carnitine Deficiency,hasDeficientEnzyme,Which enzyme is deficient in Primary Carnitine Deficiency?,OCTN2 Carnitine Transporter,"You are a biomedical assistant.
Answer ONLY using the knowledge below.
Do not use outside knowledge.
If the answer is not present, reply exactly:
I don't know based on the provided knowledge.

=== KNOWLEDGE ===
Disease: Primary Carnitine Deficiency
Treatment: Carnitine Supplementation
Accumulated Metabolite: Free Carnitine (Deficient)
Deficient Enzyme: OCTN2 Carnitine Transporter
Symptoms: Cardiomyopathy, Muscle Weakness
Inheritance Pattern: Autosomal Recessive
Causative Gene: SLC22A5

=== QUESTION ===
Which enzyme is deficient in Primary Carnitine Deficiency?

=== ANSWER ===
","Based on the provided knowledge, the enzyme that is deficient in Primary Carnitine Deficiency is OCTN2."
148,tinyllama,Primary Carnitine Deficiency,hasSymptom,What symptoms are associated with Primary Carnitine Deficiency?,Cardiomyopathy; Muscle Weakness,"You are a biomedical assistant.
Answer ONLY using the knowledge below.
Do not use outside knowledge.
If the answer is not present, reply exactly:
I don't know based on the provided knowledge.

=== KNOWLEDGE ===
Disease: Primary Carnitine Deficiency
Treatment: Carnitine Supplementation
Accumulated Metabolite: Free Carnitine (Deficient)
Deficient Enzyme: OCTN2 Carnitine Transporter
Symptoms: Cardiomyopathy, Muscle Weakness
Inheritance Pattern: Autosomal Recessive
Causative Gene: SLC22A5

=== QUESTION ===
What symptoms are associated with Primary Carnitine Deficiency?

=== ANSWER ===
","The answer to the question ""What symptoms are associated with Primary Carnitine Deficiency?"" is Cardiomyoathy and Muscle weakness."
149,tinyllama,Primary Carnitine Deficiency,accumulatesMetabolite,Which metabolite accumulates in Primary Carnitine Deficiency?,Free Carnitine (Deficient),"You are a biomedical assistant.
Answer ONLY using the knowledge below.
Do not use outside knowledge.
If the answer is not present, reply exactly:
I don't know based on the provided knowledge.

=== KNOWLEDGE ===
Disease: Primary Carnitine Deficiency
Treatment: Carnitine Supplementation
Accumulated Metabolite: Free Carnitine (Deficient)
Deficient Enzyme: OCTN2 Carnitine Transporter
Symptoms: Cardiomyopathy, Muscle Weakness
Inheritance Pattern: Autosomal Recessive
Causative Gene: SLC22A5

=== QUESTION ===
Which metabolite accumulates in Primary Carnitine Deficiency?

=== ANSWER ===
","Answer based on provided knowledge, the question requires you to answer the question based on the given knowledge of biochemistry. The metabolite that accumulates in Primary Carnitine Deficiency is OCTN2 Carnitine Transporter (autosomal recessive)."
150,tinyllama,Primary Carnitine Deficiency,hasCausativeGene,Which gene causes Primary Carnitine Deficiency?,SLC22A5,"You are a biomedical assistant.
Answer ONLY using the knowledge below.
Do not use outside knowledge.
If the answer is not present, reply exactly:
I don't know based on the provided knowledge.

=== KNOWLEDGE ===
Disease: Primary Carnitine Deficiency
Treatment: Carnitine Supplementation
Accumulated Metabolite: Free Carnitine (Deficient)
Deficient Enzyme: OCTN2 Carnitine Transporter
Symptoms: Cardiomyopathy, Muscle Weakness
Inheritance Pattern: Autosomal Recessive
Causative Gene: SLC22A5

=== QUESTION ===
Which gene causes Primary Carnitine Deficiency?

=== ANSWER ===
","Based on the provided knowledge, the gene causing Primary Carnitine Deficiency is the SLCA3 gene."
151,tinyllama,Fabry Disease,hasInheritancePattern,What is the inheritance pattern of Fabry Disease?,X-Linked,"You are a biomedical assistant.
Answer ONLY using the knowledge below.
Do not use outside knowledge.
If the answer is not present, reply exactly:
I don't know based on the provided knowledge.

=== KNOWLEDGE ===
Disease: Fabry Disease
Treatment: Enzyme Replacement Therapy
Accumulated Metabolite: Globotriaosylceramide
Deficient Enzyme: Alpha-Galactosidase A
Symptoms: Angiokeratoma, Neuropathic Pain, Renal Failure
Inheritance Pattern: X-Linked
Causative Gene: GLA

=== QUESTION ===
What is the inheritance pattern of Fabry Disease?

=== ANSWER ===
",The inheritance pattern of Fabry Disease is X-linked.
152,tinyllama,Fabry Disease,treatedWith,How is Fabry Disease treated?,Enzyme Replacement Therapy,"You are a biomedical assistant.
Answer ONLY using the knowledge below.
Do not use outside knowledge.
If the answer is not present, reply exactly:
I don't know based on the provided knowledge.

=== KNOWLEDGE ===
Disease: Fabry Disease
Treatment: Enzyme Replacement Therapy
Accumulated Metabolite: Globotriaosylceramide
Deficient Enzyme: Alpha-Galactosidase A
Symptoms: Angiokeratoma, Neuropathic Pain, Renal Failure
Inheritance Pattern: X-Linked
Causative Gene: GLA

=== QUESTION ===
How is Fabry Disease treated?

=== ANSWER ===
","Based on the provided knowledge, Fabry Disease is treated with enzyme replacement therapy (ERT), which uses a patient's own cells to produce a specialized enzyme that can replace the missing one. The treatment can help reduce symptoms such as angiokeratoma and neuropathic pain. Inheritance pattern: X-Linked"
153,tinyllama,Fabry Disease,hasDeficientEnzyme,Which enzyme is deficient in Fabry Disease?,Alpha-Galactosidase A,"You are a biomedical assistant.
Answer ONLY using the knowledge below.
Do not use outside knowledge.
If the answer is not present, reply exactly:
I don't know based on the provided knowledge.

=== KNOWLEDGE ===
Disease: Fabry Disease
Treatment: Enzyme Replacement Therapy
Accumulated Metabolite: Globotriaosylceramide
Deficient Enzyme: Alpha-Galactosidase A
Symptoms: Angiokeratoma, Neuropathic Pain, Renal Failure
Inheritance Pattern: X-Linked
Causative Gene: GLA

=== QUESTION ===
Which enzyme is deficient in Fabry Disease?

=== ANSWER ===
","The answer to the question is ""Alpha-Galaactosiadesis A"" in the provided knowledge."
154,tinyllama,Fabry Disease,hasSymptom,What symptoms are associated with Fabry Disease?,Angiokeratoma; Neuropathic Pain; Renal Failure,"You are a biomedical assistant.
Answer ONLY using the knowledge below.
Do not use outside knowledge.
If the answer is not present, reply exactly:
I don't know based on the provided knowledge.

=== KNOWLEDGE ===
Disease: Fabry Disease
Treatment: Enzyme Replacement Therapy
Accumulated Metabolite: Globotriaosylceramide
Deficient Enzyme: Alpha-Galactosidase A
Symptoms: Angiokeratoma, Neuropathic Pain, Renal Failure
Inheritance Pattern: X-Linked
Causative Gene: GLA

=== QUESTION ===
What symptoms are associated with Fabry Disease?

=== ANSWER ===
","Based on the provided knowledge, the answer to the question is: Symptoms of Fabry Disease include Angiokeratoma, Neuropathic Pain, and RenaL Failure."
155,tinyllama,Fabry Disease,accumulatesMetabolite,Which metabolite accumulates in Fabry Disease?,Globotriaosylceramide,"You are a biomedical assistant.
Answer ONLY using the knowledge below.
Do not use outside knowledge.
If the answer is not present, reply exactly:
I don't know based on the provided knowledge.

=== KNOWLEDGE ===
Disease: Fabry Disease
Treatment: Enzyme Replacement Therapy
Accumulated Metabolite: Globotriaosylceramide
Deficient Enzyme: Alpha-Galactosidase A
Symptoms: Angiokeratoma, Neuropathic Pain, Renal Failure
Inheritance Pattern: X-Linked
Causative Gene: GLA

=== QUESTION ===
Which metabolite accumulates in Fabry Disease?

=== ANSWER ===
","Based on the provided knowledge, the answer is ""Galactose"" (accumulated metabolite)."
156,tinyllama,Fabry Disease,hasCausativeGene,Which gene causes Fabry Disease?,GLA,"You are a biomedical assistant.
Answer ONLY using the knowledge below.
Do not use outside knowledge.
If the answer is not present, reply exactly:
I don't know based on the provided knowledge.

=== KNOWLEDGE ===
Disease: Fabry Disease
Treatment: Enzyme Replacement Therapy
Accumulated Metabolite: Globotriaosylceramide
Deficient Enzyme: Alpha-Galactosidase A
Symptoms: Angiokeratoma, Neuropathic Pain, Renal Failure
Inheritance Pattern: X-Linked
Causative Gene: GLA

=== QUESTION ===
Which gene causes Fabry Disease?

=== ANSWER ===
","No external knowledge was provided to answer this question. The knowledge available only covers the provided list of diseases, disorders, symptoms, and inherited genes that may cause Fabry Disease or any other diseases with similar characteristics."
157,tinyllama,Gaucher Disease,hasInheritancePattern,What is the inheritance pattern of Gaucher Disease?,Autosomal Recessive,"You are a biomedical assistant.
Answer ONLY using the knowledge below.
Do not use outside knowledge.
If the answer is not present, reply exactly:
I don't know based on the provided knowledge.

=== KNOWLEDGE ===
Disease: Gaucher Disease
Treatment: Enzyme Replacement Therapy
Accumulated Metabolite: Glucocerebroside
Deficient Enzyme: Beta-Glucocerebrosidase
Symptoms: Bone Crises, Hepatosplenomegaly
Inheritance Pattern: Autosomal Recessive
Causative Gene: GBA

=== QUESTION ===
What is the inheritance pattern of Gaucher Disease?

=== ANSWER ===
",The inheritance pattern for Gaucher Disease is Autosomal Recessive.
158,tinyllama,Gaucher Disease,treatedWith,How is Gaucher Disease treated?,Enzyme Replacement Therapy,"You are a biomedical assistant.
Answer ONLY using the knowledge below.
Do not use outside knowledge.
If the answer is not present, reply exactly:
I don't know based on the provided knowledge.

=== KNOWLEDGE ===
Disease: Gaucher Disease
Treatment: Enzyme Replacement Therapy
Accumulated Metabolite: Glucocerebroside
Deficient Enzyme: Beta-Glucocerebrosidase
Symptoms: Bone Crises, Hepatosplenomegaly
Inheritance Pattern: Autosomal Recessive
Causative Gene: GBA

=== QUESTION ===
How is Gaucher Disease treated?

=== ANSWER ===
","Based on the provided knowledge, Gaucher Disease treatment may involve replacing enzymes in the body using enzyme replacement therapy (ERT). Enzyme replacement therapy is a type of biotherapeutic medicine that involves introducing copies of a particular enzyme into the patient's cells to replace an original deficient or damaged enzyme. This allows for normal biochemical function to be restored, thereby mitigating symptoms associated with Gaucher Disease."
159,tinyllama,Gaucher Disease,hasDeficientEnzyme,Which enzyme is deficient in Gaucher Disease?,Beta-Glucocerebrosidase,"You are a biomedical assistant.
Answer ONLY using the knowledge below.
Do not use outside knowledge.
If the answer is not present, reply exactly:
I don't know based on the provided knowledge.

=== KNOWLEDGE ===
Disease: Gaucher Disease
Treatment: Enzyme Replacement Therapy
Accumulated Metabolite: Glucocerebroside
Deficient Enzyme: Beta-Glucocerebrosidase
Symptoms: Bone Crises, Hepatosplenomegaly
Inheritance Pattern: Autosomal Recessive
Causative Gene: GBA

=== QUESTION ===
Which enzyme is deficient in Gaucher Disease?

=== ANSWER ===
","Based on the given knowledge, the answer to the question is Betahydroxyacid (BHA), which is a deficient enzyme in Gaucheir Disease."
160,tinyllama,Gaucher Disease,hasSymptom,What symptoms are associated with Gaucher Disease?,Bone Crises; Hepatosplenomegaly,"You are a biomedical assistant.
Answer ONLY using the knowledge below.
Do not use outside knowledge.
If the answer is not present, reply exactly:
I don't know based on the provided knowledge.

=== KNOWLEDGE ===
Disease: Gaucher Disease
Treatment: Enzyme Replacement Therapy
Accumulated Metabolite: Glucocerebroside
Deficient Enzyme: Beta-Glucocerebrosidase
Symptoms: Bone Crises, Hepatosplenomegaly
Inheritance Pattern: Autosomal Recessive
Causative Gene: GBA

=== QUESTION ===
What symptoms are associated with Gaucher Disease?

=== ANSWER ===
","Based on the provided knowledge, the answer to the question is that Gaucher Disease often causes bone pain and fatigue, which can result in Boné Crises."
161,tinyllama,Gaucher Disease,accumulatesMetabolite,Which metabolite accumulates in Gaucher Disease?,Glucocerebroside,"You are a biomedical assistant.
Answer ONLY using the knowledge below.
Do not use outside knowledge.
If the answer is not present, reply exactly:
I don't know based on the provided knowledge.

=== KNOWLEDGE ===
Disease: Gaucher Disease
Treatment: Enzyme Replacement Therapy
Accumulated Metabolite: Glucocerebroside
Deficient Enzyme: Beta-Glucocerebrosidase
Symptoms: Bone Crises, Hepatosplenomegaly
Inheritance Pattern: Autosomal Recessive
Causative Gene: GBA

=== QUESTION ===
Which metabolite accumulates in Gaucher Disease?

=== ANSWER ===
","The answer to the question is ""Beta-Glucocerebroside"" based on the provided knowledge."
162,tinyllama,Gaucher Disease,hasCausativeGene,Which gene causes Gaucher Disease?,GBA,"You are a biomedical assistant.
Answer ONLY using the knowledge below.
Do not use outside knowledge.
If the answer is not present, reply exactly:
I don't know based on the provided knowledge.

=== KNOWLEDGE ===
Disease: Gaucher Disease
Treatment: Enzyme Replacement Therapy
Accumulated Metabolite: Glucocerebroside
Deficient Enzyme: Beta-Glucocerebrosidase
Symptoms: Bone Crises, Hepatosplenomegaly
Inheritance Pattern: Autosomal Recessive
Causative Gene: GBA

=== QUESTION ===
Which gene causes Gaucher Disease?

=== ANSWER ===
","Based on the provided knowledge, there is no specific gene that causes Gaucher Disease."
163,tinyllama,Pompe Disease,hasInheritancePattern,What is the inheritance pattern of Pompe Disease?,Autosomal Recessive,"You are a biomedical assistant.
Answer ONLY using the knowledge below.
Do not use outside knowledge.
If the answer is not present, reply exactly:
I don't know based on the provided knowledge.

=== KNOWLEDGE ===
Disease: Pompe Disease
Treatment: Enzyme Replacement Therapy
Accumulated Metabolite: Glycogen
Deficient Enzyme: Acid Alpha-Glucosidase
Symptoms: Cardiomyopathy, Muscle Weakness
Inheritance Pattern: Autosomal Recessive
Causative Gene: GAA

=== QUESTION ===
What is the inheritance pattern of Pompe Disease?

=== ANSWER ===
","Based on the given knowledge, the inheritance pattern for Pompe Disease is Autosomal Receessive."
164,tinyllama,Pompe Disease,treatedWith,How is Pompe Disease treated?,Enzyme Replacement Therapy,"You are a biomedical assistant.
Answer ONLY using the knowledge below.
Do not use outside knowledge.
If the answer is not present, reply exactly:
I don't know based on the provided knowledge.

=== KNOWLEDGE ===
Disease: Pompe Disease
Treatment: Enzyme Replacement Therapy
Accumulated Metabolite: Glycogen
Deficient Enzyme: Acid Alpha-Glucosidase
Symptoms: Cardiomyopathy, Muscle Weakness
Inheritance Pattern: Autosomal Recessive
Causative Gene: GAA

=== QUESTION ===
How is Pompe Disease treated?

=== ANSWER ===
","Based on the provided knowledge, Pompe Disease is treated with enzyme replacement therapy."
165,tinyllama,Pompe Disease,hasDeficientEnzyme,Which enzyme is deficient in Pompe Disease?,Acid Alpha-Glucosidase,"You are a biomedical assistant.
Answer ONLY using the knowledge below.
Do not use outside knowledge.
If the answer is not present, reply exactly:
I don't know based on the provided knowledge.

=== KNOWLEDGE ===
Disease: Pompe Disease
Treatment: Enzyme Replacement Therapy
Accumulated Metabolite: Glycogen
Deficient Enzyme: Acid Alpha-Glucosidase
Symptoms: Cardiomyopathy, Muscle Weakness
Inheritance Pattern: Autosomal Recessive
Causative Gene: GAA

=== QUESTION ===
Which enzyme is deficient in Pompe Disease?

=== ANSWER ===
","The question does not provide enough context to answer based on the provided knowledge. Therefore, the answer is ""Unkown""."
166,tinyllama,Pompe Disease,hasSymptom,What symptoms are associated with Pompe Disease?,Cardiomyopathy; Muscle Weakness,"You are a biomedical assistant.
Answer ONLY using the knowledge below.
Do not use outside knowledge.
If the answer is not present, reply exactly:
I don't know based on the provided knowledge.

=== KNOWLEDGE ===
Disease: Pompe Disease
Treatment: Enzyme Replacement Therapy
Accumulated Metabolite: Glycogen
Deficient Enzyme: Acid Alpha-Glucosidase
Symptoms: Cardiomyopathy, Muscle Weakness
Inheritance Pattern: Autosomal Recessive
Causative Gene: GAA

=== QUESTION ===
What symptoms are associated with Pompe Disease?

=== ANSWER ===
",No external knowledge is present to provide the correct answer. It is only based on provided knowledge from the given text material.
167,tinyllama,Pompe Disease,accumulatesMetabolite,Which metabolite accumulates in Pompe Disease?,Glycogen,"You are a biomedical assistant.
Answer ONLY using the knowledge below.
Do not use outside knowledge.
If the answer is not present, reply exactly:
I don't know based on the provided knowledge.

=== KNOWLEDGE ===
Disease: Pompe Disease
Treatment: Enzyme Replacement Therapy
Accumulated Metabolite: Glycogen
Deficient Enzyme: Acid Alpha-Glucosidase
Symptoms: Cardiomyopathy, Muscle Weakness
Inheritance Pattern: Autosomal Recessive
Causative Gene: GAA

=== QUESTION ===
Which metabolite accumulates in Pompe Disease?

=== ANSWER ===
","The answer to the question ""Which metabolite accumulates in Pompe Disease?"" is not present in the provided knowledge."
168,tinyllama,Pompe Disease,hasCausativeGene,Which gene causes Pompe Disease?,GAA,"You are a biomedical assistant.
Answer ONLY using the knowledge below.
Do not use outside knowledge.
If the answer is not present, reply exactly:
I don't know based on the provided knowledge.

=== KNOWLEDGE ===
Disease: Pompe Disease
Treatment: Enzyme Replacement Therapy
Accumulated Metabolite: Glycogen
Deficient Enzyme: Acid Alpha-Glucosidase
Symptoms: Cardiomyopathy, Muscle Weakness
Inheritance Pattern: Autosomal Recessive
Causative Gene: GAA

=== QUESTION ===
Which gene causes Pompe Disease?

=== ANSWER ===
","No external knowledge was used to provide the answer. The provided knowledge is based on biomedical text and references, which can be accessed using relevant search terms."
169,tinyllama,Niemann-Pick Disease Type A,hasInheritancePattern,What is the inheritance pattern of Niemann-Pick Disease Type A?,Autosomal Recessive,"You are a biomedical assistant.
Answer ONLY using the knowledge below.
Do not use outside knowledge.
If the answer is not present, reply exactly:
I don't know based on the provided knowledge.

=== KNOWLEDGE ===
Disease: Niemann-Pick Disease Type A
Treatment: Supportive Care
Accumulated Metabolite: Sphingomyelin
Deficient Enzyme: Acid Sphingomyelinase
Symptoms: Hepatosplenomegaly, Progressive Neurodegeneration
Inheritance Pattern: Autosomal Recessive
Causative Gene: SMPD1

=== QUESTION ===
What is the inheritance pattern of Niemann-Pick Disease Type A?

=== ANSWER ===
","Based on the provided knowledge, Niemann-Pike Disasafe Type A is inherited through an autosomal recessive gene, and the inheritance pattern is XY in males and XX in females."
170,tinyllama,Niemann-Pick Disease Type A,treatedWith,How is Niemann-Pick Disease Type A treated?,Supportive Care,"You are a biomedical assistant.
Answer ONLY using the knowledge below.
Do not use outside knowledge.
If the answer is not present, reply exactly:
I don't know based on the provided knowledge.

=== KNOWLEDGE ===
Disease: Niemann-Pick Disease Type A
Treatment: Supportive Care
Accumulated Metabolite: Sphingomyelin
Deficient Enzyme: Acid Sphingomyelinase
Symptoms: Hepatosplenomegaly, Progressive Neurodegeneration
Inheritance Pattern: Autosomal Recessive
Causative Gene: SMPD1

=== QUESTION ===
How is Niemann-Pick Disease Type A treated?

=== ANSWER ===
",The answer provided is based on the knowledge mentioned above.
171,tinyllama,Niemann-Pick Disease Type A,hasDeficientEnzyme,Which enzyme is deficient in Niemann-Pick Disease Type A?,Acid Sphingomyelinase,"You are a biomedical assistant.
Answer ONLY using the knowledge below.
Do not use outside knowledge.
If the answer is not present, reply exactly:
I don't know based on the provided knowledge.

=== KNOWLEDGE ===
Disease: Niemann-Pick Disease Type A
Treatment: Supportive Care
Accumulated Metabolite: Sphingomyelin
Deficient Enzyme: Acid Sphingomyelinase
Symptoms: Hepatosplenomegaly, Progressive Neurodegeneration
Inheritance Pattern: Autosomal Recessive
Causative Gene: SMPD1

=== QUESTION ===
Which enzyme is deficient in Niemann-Pick Disease Type A?

=== ANSWER ===
","The enzyme supporting care for Niemann-Pike Disease Type A is not mentioned in the provided knowledge, and therefore, it cannot be answered using the given information."
172,tinyllama,Niemann-Pick Disease Type A,hasSymptom,What symptoms are associated with Niemann-Pick Disease Type A?,Hepatosplenomegaly; Progressive Neurodegeneration,"You are a biomedical assistant.
Answer ONLY using the knowledge below.
Do not use outside knowledge.
If the answer is not present, reply exactly:
I don't know based on the provided knowledge.

=== KNOWLEDGE ===
Disease: Niemann-Pick Disease Type A
Treatment: Supportive Care
Accumulated Metabolite: Sphingomyelin
Deficient Enzyme: Acid Sphingomyelinase
Symptoms: Hepatosplenomegaly, Progressive Neurodegeneration
Inheritance Pattern: Autosomal Recessive
Causative Gene: SMPD1

=== QUESTION ===
What symptoms are associated with Niemann-Pick Disease Type A?

=== ANSWER ===
","Based on the provided knowledge, ""Symptooms: Hepatosplenomegaly, Progressive Neurodegeneration"" is an unspecified symptom associated with Niemann-Pick Disease Type A. The answer is not based on external knowledge."
173,tinyllama,Niemann-Pick Disease Type A,accumulatesMetabolite,Which metabolite accumulates in Niemann-Pick Disease Type A?,Sphingomyelin,"You are a biomedical assistant.
Answer ONLY using the knowledge below.
Do not use outside knowledge.
If the answer is not present, reply exactly:
I don't know based on the provided knowledge.

=== KNOWLEDGE ===
Disease: Niemann-Pick Disease Type A
Treatment: Supportive Care
Accumulated Metabolite: Sphingomyelin
Deficient Enzyme: Acid Sphingomyelinase
Symptoms: Hepatosplenomegaly, Progressive Neurodegeneration
Inheritance Pattern: Autosomal Recessive
Causative Gene: SMPD1

=== QUESTION ===
Which metabolite accumulates in Niemann-Pick Disease Type A?

=== ANSWER ===
","Answer: Niemann-Piick Disease Type A is characterized by accumulation of supportive care (accumulated metabolite) that triggers the development of chronic liver disease. The accumulation occurs due to a deficiency in an enzyme, Acid Sphingomyelinase, which leads to the accumulation and subsequent toxic effects of a specific type of lipoprotein known as spongiformeum lipids. This combination of causes is responsible for Niemann-Piick Disease Type A."
174,tinyllama,Niemann-Pick Disease Type A,hasCausativeGene,Which gene causes Niemann-Pick Disease Type A?,SMPD1,"You are a biomedical assistant.
Answer ONLY using the knowledge below.
Do not use outside knowledge.
If the answer is not present, reply exactly:
I don't know based on the provided knowledge.

=== KNOWLEDGE ===
Disease: Niemann-Pick Disease Type A
Treatment: Supportive Care
Accumulated Metabolite: Sphingomyelin
Deficient Enzyme: Acid Sphingomyelinase
Symptoms: Hepatosplenomegaly, Progressive Neurodegeneration
Inheritance Pattern: Autosomal Recessive
Causative Gene: SMPD1

=== QUESTION ===
Which gene causes Niemann-Pick Disease Type A?

=== ANSWER ===
","The gene causing Niemann-Pick Disease Type A is not mentioned in the provided knowledge. The answer must be based solely on the given material without external knowledge. Therefore, we can only assume that the gene for Niemann-Piick Diseaase Type A does not exist or cannot be identified at this time."
175,tinyllama,Tay-Sachs Disease,hasInheritancePattern,What is the inheritance pattern of Tay-Sachs Disease?,Autosomal Recessive,"You are a biomedical assistant.
Answer ONLY using the knowledge below.
Do not use outside knowledge.
If the answer is not present, reply exactly:
I don't know based on the provided knowledge.

=== KNOWLEDGE ===
Disease: Tay-Sachs Disease
Treatment: Supportive Care
Accumulated Metabolite: GM2 Ganglioside
Deficient Enzyme: Hexosaminidase A
Symptoms: Cherry-Red Spot, Progressive Neurodegeneration
Inheritance Pattern: Autosomal Recessive
Causative Gene: HEXA

=== QUESTION ===
What is the inheritance pattern of Tay-Sachs Disease?

=== ANSWER ===
","Based on the provided knowledge, the inheritance pattern for Tay-Sachs Disease is Autosomal Recessive."
176,tinyllama,Tay-Sachs Disease,treatedWith,How is Tay-Sachs Disease treated?,Supportive Care,"You are a biomedical assistant.
Answer ONLY using the knowledge below.
Do not use outside knowledge.
If the answer is not present, reply exactly:
I don't know based on the provided knowledge.

=== KNOWLEDGE ===
Disease: Tay-Sachs Disease
Treatment: Supportive Care
Accumulated Metabolite: GM2 Ganglioside
Deficient Enzyme: Hexosaminidase A
Symptoms: Cherry-Red Spot, Progressive Neurodegeneration
Inheritance Pattern: Autosomal Recessive
Causative Gene: HEXA

=== QUESTION ===
How is Tay-Sachs Disease treated?

=== ANSWER ===
","Based on the provided knowledge, the answer to the question ""How is Taay-Sachs Disease treated?"" is not present. Therefore, the correct answer is:

I don't know based on the provided knowledge."
177,tinyllama,Tay-Sachs Disease,hasDeficientEnzyme,Which enzyme is deficient in Tay-Sachs Disease?,Hexosaminidase A,"You are a biomedical assistant.
Answer ONLY using the knowledge below.
Do not use outside knowledge.
If the answer is not present, reply exactly:
I don't know based on the provided knowledge.

=== KNOWLEDGE ===
Disease: Tay-Sachs Disease
Treatment: Supportive Care
Accumulated Metabolite: GM2 Ganglioside
Deficient Enzyme: Hexosaminidase A
Symptoms: Cherry-Red Spot, Progressive Neurodegeneration
Inheritance Pattern: Autosomal Recessive
Causative Gene: HEXA

=== QUESTION ===
Which enzyme is deficient in Tay-Sachs Disease?

=== ANSWER ===
","Yes, based on the provided knowledge above, the question refers to identifying which enzyme is deficient in Tay-Sachs Disease. The answer is Supportive Care, as mentioned in the provided knowledge."
178,tinyllama,Tay-Sachs Disease,hasSymptom,What symptoms are associated with Tay-Sachs Disease?,Cherry-Red Spot; Progressive Neurodegeneration,"You are a biomedical assistant.
Answer ONLY using the knowledge below.
Do not use outside knowledge.
If the answer is not present, reply exactly:
I don't know based on the provided knowledge.

=== KNOWLEDGE ===
Disease: Tay-Sachs Disease
Treatment: Supportive Care
Accumulated Metabolite: GM2 Ganglioside
Deficient Enzyme: Hexosaminidase A
Symptoms: Cherry-Red Spot, Progressive Neurodegeneration
Inheritance Pattern: Autosomal Recessive
Causative Gene: HEXA

=== QUESTION ===
What symptoms are associated with Tay-Sachs Disease?

=== ANSWER ===
",The provided knowledge above does not contain the answer to the question. Please provide the knowledge that can answer the question.
179,tinyllama,Tay-Sachs Disease,accumulatesMetabolite,Which metabolite accumulates in Tay-Sachs Disease?,GM2 Ganglioside,"You are a biomedical assistant.
Answer ONLY using the knowledge below.
Do not use outside knowledge.
If the answer is not present, reply exactly:
I don't know based on the provided knowledge.

=== KNOWLEDGE ===
Disease: Tay-Sachs Disease
Treatment: Supportive Care
Accumulated Metabolite: GM2 Ganglioside
Deficient Enzyme: Hexosaminidase A
Symptoms: Cherry-Red Spot, Progressive Neurodegeneration
Inheritance Pattern: Autosomal Recessive
Causative Gene: HEXA

=== QUESTION ===
Which metabolite accumulates in Tay-Sachs Disease?

=== ANSWER ===
","Based on the given knowledge, the answer to the question is ""Supportive Care""."
180,tinyllama,Tay-Sachs Disease,hasCausativeGene,Which gene causes Tay-Sachs Disease?,HEXA,"You are a biomedical assistant.
Answer ONLY using the knowledge below.
Do not use outside knowledge.
If the answer is not present, reply exactly:
I don't know based on the provided knowledge.

=== KNOWLEDGE ===
Disease: Tay-Sachs Disease
Treatment: Supportive Care
Accumulated Metabolite: GM2 Ganglioside
Deficient Enzyme: Hexosaminidase A
Symptoms: Cherry-Red Spot, Progressive Neurodegeneration
Inheritance Pattern: Autosomal Recessive
Causative Gene: HEXA

=== QUESTION ===
Which gene causes Tay-Sachs Disease?

=== ANSWER ===
","The correct answer is ""Heparanase 1."""
181,tinyllama,Krabbe Disease,hasInheritancePattern,What is the inheritance pattern of Krabbe Disease?,Autosomal Recessive,"You are a biomedical assistant.
Answer ONLY using the knowledge below.
Do not use outside knowledge.
If the answer is not present, reply exactly:
I don't know based on the provided knowledge.

=== KNOWLEDGE ===
Disease: Krabbe Disease
Treatment: Hematopoietic Stem Cell Transplant
Accumulated Metabolite: Psychosine
Deficient Enzyme: Galactocerebrosidase
Symptoms: Demyelination, Irritability
Inheritance Pattern: Autosomal Recessive
Causative Gene: GALC

=== QUESTION ===
What is the inheritance pattern of Krabbe Disease?

=== ANSWER ===
",The inheritance pattern of Krabbe Disease is Auto-somsal Receissive.
182,tinyllama,Krabbe Disease,treatedWith,How is Krabbe Disease treated?,Hematopoietic Stem Cell Transplant,"You are a biomedical assistant.
Answer ONLY using the knowledge below.
Do not use outside knowledge.
If the answer is not present, reply exactly:
I don't know based on the provided knowledge.

=== KNOWLEDGE ===
Disease: Krabbe Disease
Treatment: Hematopoietic Stem Cell Transplant
Accumulated Metabolite: Psychosine
Deficient Enzyme: Galactocerebrosidase
Symptoms: Demyelination, Irritability
Inheritance Pattern: Autosomal Recessive
Causative Gene: GALC

=== QUESTION ===
How is Krabbe Disease treated?

=== ANSWER ===
","Based on the given knowledge, ""Disease"" refers to a type of bacterial infection caused by Streptococcus pneumoniae. Treatment for this disorder typically involves antibiotics such as Penicillin or Amoxycillin. Krabbe Disease can be managed with medical intervention, such as rest and pain management, combined with appropriate medications."
183,tinyllama,Krabbe Disease,hasDeficientEnzyme,Which enzyme is deficient in Krabbe Disease?,Galactocerebrosidase,"You are a biomedical assistant.
Answer ONLY using the knowledge below.
Do not use outside knowledge.
If the answer is not present, reply exactly:
I don't know based on the provided knowledge.

=== KNOWLEDGE ===
Disease: Krabbe Disease
Treatment: Hematopoietic Stem Cell Transplant
Accumulated Metabolite: Psychosine
Deficient Enzyme: Galactocerebrosidase
Symptoms: Demyelination, Irritability
Inheritance Pattern: Autosomal Recessive
Causative Gene: GALC

=== QUESTION ===
Which enzyme is deficient in Krabbe Disease?

=== ANSWER ===
","The correct answer to the question ""What enzyme is deficient in Krabbe Disease?"" is Galactocerabrosidasa."
184,tinyllama,Krabbe Disease,hasSymptom,What symptoms are associated with Krabbe Disease?,Demyelination; Irritability,"You are a biomedical assistant.
Answer ONLY using the knowledge below.
Do not use outside knowledge.
If the answer is not present, reply exactly:
I don't know based on the provided knowledge.

=== KNOWLEDGE ===
Disease: Krabbe Disease
Treatment: Hematopoietic Stem Cell Transplant
Accumulated Metabolite: Psychosine
Deficient Enzyme: Galactocerebrosidase
Symptoms: Demyelination, Irritability
Inheritance Pattern: Autosomal Recessive
Causative Gene: GALC

=== QUESTION ===
What symptoms are associated with Krabbe Disease?

=== ANSWER ===
",No answer is present in the given knowledge.
185,tinyllama,Krabbe Disease,accumulatesMetabolite,Which metabolite accumulates in Krabbe Disease?,Psychosine,"You are a biomedical assistant.
Answer ONLY using the knowledge below.
Do not use outside knowledge.
If the answer is not present, reply exactly:
I don't know based on the provided knowledge.

=== KNOWLEDGE ===
Disease: Krabbe Disease
Treatment: Hematopoietic Stem Cell Transplant
Accumulated Metabolite: Psychosine
Deficient Enzyme: Galactocerebrosidase
Symptoms: Demyelination, Irritability
Inheritance Pattern: Autosomal Recessive
Causative Gene: GALC

=== QUESTION ===
Which metabolite accumulates in Krabbe Disease?

=== ANSWER ===
",I do not have access to external knowledge. Please provide the correct answer based on provided knowledge.
186,tinyllama,Krabbe Disease,hasCausativeGene,Which gene causes Krabbe Disease?,GALC,"You are a biomedical assistant.
Answer ONLY using the knowledge below.
Do not use outside knowledge.
If the answer is not present, reply exactly:
I don't know based on the provided knowledge.

=== KNOWLEDGE ===
Disease: Krabbe Disease
Treatment: Hematopoietic Stem Cell Transplant
Accumulated Metabolite: Psychosine
Deficient Enzyme: Galactocerebrosidase
Symptoms: Demyelination, Irritability
Inheritance Pattern: Autosomal Recessive
Causative Gene: GALC

=== QUESTION ===
Which gene causes Krabbe Disease?

=== ANSWER ===
",I do not have access to outside knowledge or the latest information on diseases and medical conditions. The given knowledge is based solely on the provided text.
187,tinyllama,Metachromatic Leukodystrophy,hasInheritancePattern,What is the inheritance pattern of Metachromatic Leukodystrophy?,Autosomal Recessive,"You are a biomedical assistant.
Answer ONLY using the knowledge below.
Do not use outside knowledge.
If the answer is not present, reply exactly:
I don't know based on the provided knowledge.

=== KNOWLEDGE ===
Disease: Metachromatic Leukodystrophy
Treatment: Hematopoietic Stem Cell Transplant
Accumulated Metabolite: Sulfatide
Deficient Enzyme: Arylsulfatase A
Symptoms: Demyelination, Gait Disturbance
Inheritance Pattern: Autosomal Recessive
Causative Gene: ARSA

=== QUESTION ===
What is the inheritance pattern of Metachromatic Leukodystrophy?

=== ANSWER ===
","Based on the given knowledge, the answer to the question ""What is the inheritance pattern of Metachromatic Leukodystrophy?"" is Auto-somal Receive."
188,tinyllama,Metachromatic Leukodystrophy,treatedWith,How is Metachromatic Leukodystrophy treated?,Hematopoietic Stem Cell Transplant,"You are a biomedical assistant.
Answer ONLY using the knowledge below.
Do not use outside knowledge.
If the answer is not present, reply exactly:
I don't know based on the provided knowledge.

=== KNOWLEDGE ===
Disease: Metachromatic Leukodystrophy
Treatment: Hematopoietic Stem Cell Transplant
Accumulated Metabolite: Sulfatide
Deficient Enzyme: Arylsulfatase A
Symptoms: Demyelination, Gait Disturbance
Inheritance Pattern: Autosomal Recessive
Causative Gene: ARSA

=== QUESTION ===
How is Metachromatic Leukodystrophy treated?

=== ANSWER ===
","Based on the provided knowledge, the answer to the question is ""Do not use outside knowledge."" As there are no external sources available for this question."
189,tinyllama,Metachromatic Leukodystrophy,hasDeficientEnzyme,Which enzyme is deficient in Metachromatic Leukodystrophy?,Arylsulfatase A,"You are a biomedical assistant.
Answer ONLY using the knowledge below.
Do not use outside knowledge.
If the answer is not present, reply exactly:
I don't know based on the provided knowledge.

=== KNOWLEDGE ===
Disease: Metachromatic Leukodystrophy
Treatment: Hematopoietic Stem Cell Transplant
Accumulated Metabolite: Sulfatide
Deficient Enzyme: Arylsulfatase A
Symptoms: Demyelination, Gait Disturbance
Inheritance Pattern: Autosomal Recessive
Causative Gene: ARSA

=== QUESTION ===
Which enzyme is deficient in Metachromatic Leukodystrophy?

=== ANSWER ===
",The answer to the question is ArylsulfaTASE A.
190,tinyllama,Metachromatic Leukodystrophy,hasSymptom,What symptoms are associated with Metachromatic Leukodystrophy?,Demyelination; Gait Disturbance,"You are a biomedical assistant.
Answer ONLY using the knowledge below.
Do not use outside knowledge.
If the answer is not present, reply exactly:
I don't know based on the provided knowledge.

=== KNOWLEDGE ===
Disease: Metachromatic Leukodystrophy
Treatment: Hematopoietic Stem Cell Transplant
Accumulated Metabolite: Sulfatide
Deficient Enzyme: Arylsulfatase A
Symptoms: Demyelination, Gait Disturbance
Inheritance Pattern: Autosomal Recessive
Causative Gene: ARSA

=== QUESTION ===
What symptoms are associated with Metachromatic Leukodystrophy?

=== ANSWER ===
","The provided knowledge mentions that the disease or condition caused by the biochemical disorder described in the passage is ""Metachromatic Leukodystrophy"", which causes symptoms such as demyelination and Gait Disturbance. However, this information is not included in the question prompted in the passage."
191,tinyllama,Metachromatic Leukodystrophy,accumulatesMetabolite,Which metabolite accumulates in Metachromatic Leukodystrophy?,Sulfatide,"You are a biomedical assistant.
Answer ONLY using the knowledge below.
Do not use outside knowledge.
If the answer is not present, reply exactly:
I don't know based on the provided knowledge.

=== KNOWLEDGE ===
Disease: Metachromatic Leukodystrophy
Treatment: Hematopoietic Stem Cell Transplant
Accumulated Metabolite: Sulfatide
Deficient Enzyme: Arylsulfatase A
Symptoms: Demyelination, Gait Disturbance
Inheritance Pattern: Autosomal Recessive
Causative Gene: ARSA

=== QUESTION ===
Which metabolite accumulates in Metachromatic Leukodystrophy?

=== ANSWER ===
","The correct answer to the question ""Which metabolite accumulates in Metachromatic Leukodystrophy?"" is ArylsulfaTASEA. Based on the provided knowledge, this answer is specific and only applicable for using the given biochemical explanation."
192,tinyllama,Metachromatic Leukodystrophy,hasCausativeGene,Which gene causes Metachromatic Leukodystrophy?,ARSA,"You are a biomedical assistant.
Answer ONLY using the knowledge below.
Do not use outside knowledge.
If the answer is not present, reply exactly:
I don't know based on the provided knowledge.

=== KNOWLEDGE ===
Disease: Metachromatic Leukodystrophy
Treatment: Hematopoietic Stem Cell Transplant
Accumulated Metabolite: Sulfatide
Deficient Enzyme: Arylsulfatase A
Symptoms: Demyelination, Gait Disturbance
Inheritance Pattern: Autosomal Recessive
Causative Gene: ARSA

=== QUESTION ===
Which gene causes Metachromatic Leukodystrophy?

=== ANSWER ===
",No external knowledge is available to answer this question. The provided knowledge is solely based on the given text and does not include any outside information.
193,tinyllama,Mucopolysaccharidosis Type I (Hurler Syndrome),hasInheritancePattern,What is the inheritance pattern of Mucopolysaccharidosis Type I (Hurler Syndrome)?,Autosomal Recessive,"You are a biomedical assistant.
Answer ONLY using the knowledge below.
Do not use outside knowledge.
If the answer is not present, reply exactly:
I don't know based on the provided knowledge.

=== KNOWLEDGE ===
Disease: Mucopolysaccharidosis Type I (Hurler Syndrome)
Treatment: Enzyme Replacement Therapy
Accumulated Metabolite: Dermatan Sulfate
Deficient Enzyme: Alpha-L-Iduronidase
Symptoms: Coarse Facial Features, Hepatosplenomegaly
Inheritance Pattern: Autosomal Recessive
Causative Gene: IDUA

=== QUESTION ===
What is the inheritance pattern of Mucopolysaccharidosis Type I (Hurler Syndrome)?

=== ANSWER ===
",The inherited pattern of Mucopolysaccharidosis Type I (Hurler Syndrome) is Auto-somal Receessive.
194,tinyllama,Mucopolysaccharidosis Type I (Hurler Syndrome),treatedWith,How is Mucopolysaccharidosis Type I (Hurler Syndrome) treated?,Enzyme Replacement Therapy,"You are a biomedical assistant.
Answer ONLY using the knowledge below.
Do not use outside knowledge.
If the answer is not present, reply exactly:
I don't know based on the provided knowledge.

=== KNOWLEDGE ===
Disease: Mucopolysaccharidosis Type I (Hurler Syndrome)
Treatment: Enzyme Replacement Therapy
Accumulated Metabolite: Dermatan Sulfate
Deficient Enzyme: Alpha-L-Iduronidase
Symptoms: Coarse Facial Features, Hepatosplenomegaly
Inheritance Pattern: Autosomal Recessive
Causative Gene: IDUA

=== QUESTION ===
How is Mucopolysaccharidosis Type I (Hurler Syndrome) treated?

=== ANSWER ===
","Based on the provided knowledge, the answer to the question is ""Enzyme Replacement Therapy""."
195,tinyllama,Mucopolysaccharidosis Type I (Hurler Syndrome),hasDeficientEnzyme,Which enzyme is deficient in Mucopolysaccharidosis Type I (Hurler Syndrome)?,Alpha-L-Iduronidase,"You are a biomedical assistant.
Answer ONLY using the knowledge below.
Do not use outside knowledge.
If the answer is not present, reply exactly:
I don't know based on the provided knowledge.

=== KNOWLEDGE ===
Disease: Mucopolysaccharidosis Type I (Hurler Syndrome)
Treatment: Enzyme Replacement Therapy
Accumulated Metabolite: Dermatan Sulfate
Deficient Enzyme: Alpha-L-Iduronidase
Symptoms: Coarse Facial Features, Hepatosplenomegaly
Inheritance Pattern: Autosomal Recessive
Causative Gene: IDUA

=== QUESTION ===
Which enzyme is deficient in Mucopolysaccharidosis Type I (Hurler Syndrome)?

=== ANSWER ===
",The given knowledge suggests that the deficiant enzyme in Mucopolysaccharidosis Type I (Hurler Syndrome) is Alpha-L-Iduronidas.
196,tinyllama,Mucopolysaccharidosis Type I (Hurler Syndrome),hasSymptom,What symptoms are associated with Mucopolysaccharidosis Type I (Hurler Syndrome)?,Coarse Facial Features; Hepatosplenomegaly,"You are a biomedical assistant.
Answer ONLY using the knowledge below.
Do not use outside knowledge.
If the answer is not present, reply exactly:
I don't know based on the provided knowledge.

=== KNOWLEDGE ===
Disease: Mucopolysaccharidosis Type I (Hurler Syndrome)
Treatment: Enzyme Replacement Therapy
Accumulated Metabolite: Dermatan Sulfate
Deficient Enzyme: Alpha-L-Iduronidase
Symptoms: Coarse Facial Features, Hepatosplenomegaly
Inheritance Pattern: Autosomal Recessive
Causative Gene: IDUA

=== QUESTION ===
What symptoms are associated with Mucopolysaccharidosis Type I (Hurler Syndrome)?

=== ANSWER ===
","Based on the provided knowledge, mucopolysaaccharosis type I (hurlers syndrome) is characterized by severe facial features, including coarse facial features and hepatoplanemal features, as well as inheriting an auto-somal recessive pattern and being caused by a mutation in the IDUA gene."
197,tinyllama,Mucopolysaccharidosis Type I (Hurler Syndrome),accumulatesMetabolite,Which metabolite accumulates in Mucopolysaccharidosis Type I (Hurler Syndrome)?,Dermatan Sulfate,"You are a biomedical assistant.
Answer ONLY using the knowledge below.
Do not use outside knowledge.
If the answer is not present, reply exactly:
I don't know based on the provided knowledge.

=== KNOWLEDGE ===
Disease: Mucopolysaccharidosis Type I (Hurler Syndrome)
Treatment: Enzyme Replacement Therapy
Accumulated Metabolite: Dermatan Sulfate
Deficient Enzyme: Alpha-L-Iduronidase
Symptoms: Coarse Facial Features, Hepatosplenomegaly
Inheritance Pattern: Autosomal Recessive
Causative Gene: IDUA

=== QUESTION ===
Which metabolite accumulates in Mucopolysaccharidosis Type I (Hurler Syndrome)?

=== ANSWER ===
","The answer to the question is ""Dermatan Sulfaate""."
198,tinyllama,Mucopolysaccharidosis Type I (Hurler Syndrome),hasCausativeGene,Which gene causes Mucopolysaccharidosis Type I (Hurler Syndrome)?,IDUA,"You are a biomedical assistant.
Answer ONLY using the knowledge below.
Do not use outside knowledge.
If the answer is not present, reply exactly:
I don't know based on the provided knowledge.

=== KNOWLEDGE ===
Disease: Mucopolysaccharidosis Type I (Hurler Syndrome)
Treatment: Enzyme Replacement Therapy
Accumulated Metabolite: Dermatan Sulfate
Deficient Enzyme: Alpha-L-Iduronidase
Symptoms: Coarse Facial Features, Hepatosplenomegaly
Inheritance Pattern: Autosomal Recessive
Causative Gene: IDUA

=== QUESTION ===
Which gene causes Mucopolysaccharidosis Type I (Hurler Syndrome)?

=== ANSWER ===
","The answer is ""Enzyme Replacement Therapy"" since the given knowledge does not provide any other possible options."
199,tinyllama,Mucopolysaccharidosis Type II (Hunter Syndrome),hasInheritancePattern,What is the inheritance pattern of Mucopolysaccharidosis Type II (Hunter Syndrome)?,X-Linked,"You are a biomedical assistant.
Answer ONLY using the knowledge below.
Do not use outside knowledge.
If the answer is not present, reply exactly:
I don't know based on the provided knowledge.

=== KNOWLEDGE ===
Disease: Mucopolysaccharidosis Type II (Hunter Syndrome)
Treatment: Enzyme Replacement Therapy
Accumulated Metabolite: Heparan Sulfate
Deficient Enzyme: Iduronate-2-Sulfatase
Symptoms: Coarse Facial Features, Joint Stiffness
Inheritance Pattern: X-Linked
Causative Gene: IDS

=== QUESTION ===
What is the inheritance pattern of Mucopolysaccharidosis Type II (Hunter Syndrome)?

=== ANSWER ===
",The inheritance pattern of Mucopolysaccharidosis Type II (Hunter Syndrome) is X-Linked.
200,tinyllama,Mucopolysaccharidosis Type II (Hunter Syndrome),treatedWith,How is Mucopolysaccharidosis Type II (Hunter Syndrome) treated?,Enzyme Replacement Therapy,"You are a biomedical assistant.
Answer ONLY using the knowledge below.
Do not use outside knowledge.
If the answer is not present, reply exactly:
I don't know based on the provided knowledge.

=== KNOWLEDGE ===
Disease: Mucopolysaccharidosis Type II (Hunter Syndrome)
Treatment: Enzyme Replacement Therapy
Accumulated Metabolite: Heparan Sulfate
Deficient Enzyme: Iduronate-2-Sulfatase
Symptoms: Coarse Facial Features, Joint Stiffness
Inheritance Pattern: X-Linked
Causative Gene: IDS

=== QUESTION ===
How is Mucopolysaccharidosis Type II (Hunter Syndrome) treated?

=== ANSWER ===
","Based on the provided knowledge, the treatment for Mucopolysaccharidosis Type II (Hunter Syndrome) involves enzyme replacement therapy using enzymes such as Iduronatet-2-SuLfatase. This therapy aims to correct deficiencies in specific enzyme pathways that contribute to the disorder's symptoms, specifically those related to facial features and joint stiffness. The treatment is administered under medical supervision and is not accessible to individuals without access to medical care."
201,tinyllama,Mucopolysaccharidosis Type II (Hunter Syndrome),hasDeficientEnzyme,Which enzyme is deficient in Mucopolysaccharidosis Type II (Hunter Syndrome)?,Iduronate-2-Sulfatase,"You are a biomedical assistant.
Answer ONLY using the knowledge below.
Do not use outside knowledge.
If the answer is not present, reply exactly:
I don't know based on the provided knowledge.

=== KNOWLEDGE ===
Disease: Mucopolysaccharidosis Type II (Hunter Syndrome)
Treatment: Enzyme Replacement Therapy
Accumulated Metabolite: Heparan Sulfate
Deficient Enzyme: Iduronate-2-Sulfatase
Symptoms: Coarse Facial Features, Joint Stiffness
Inheritance Pattern: X-Linked
Causative Gene: IDS

=== QUESTION ===
Which enzyme is deficient in Mucopolysaccharidosis Type II (Hunter Syndrome)?

=== ANSWER ===
","Based on the provided knowledge, the enzyme that is deficient in Mucopolysaccharidosis Type II (Hunter Syndrome) is Iduronate-2-SuLfaTAse."
202,tinyllama,Mucopolysaccharidosis Type II (Hunter Syndrome),hasSymptom,What symptoms are associated with Mucopolysaccharidosis Type II (Hunter Syndrome)?,Coarse Facial Features; Joint Stiffness,"You are a biomedical assistant.
Answer ONLY using the knowledge below.
Do not use outside knowledge.
If the answer is not present, reply exactly:
I don't know based on the provided knowledge.

=== KNOWLEDGE ===
Disease: Mucopolysaccharidosis Type II (Hunter Syndrome)
Treatment: Enzyme Replacement Therapy
Accumulated Metabolite: Heparan Sulfate
Deficient Enzyme: Iduronate-2-Sulfatase
Symptoms: Coarse Facial Features, Joint Stiffness
Inheritance Pattern: X-Linked
Causative Gene: IDS

=== QUESTION ===
What symptoms are associated with Mucopolysaccharidosis Type II (Hunter Syndrome)?

=== ANSWER ===
","Yes, based on the provided knowledge, ""Disease: Mucopeopolysaccharidosis Type II (Hunter Syndrome)"" is a severe disease caused by Hunter Syndrome. The specific symptoms associated with this condition include coarse facial features, joint stiffness, and fine-faced features."
203,tinyllama,Mucopolysaccharidosis Type II (Hunter Syndrome),accumulatesMetabolite,Which metabolite accumulates in Mucopolysaccharidosis Type II (Hunter Syndrome)?,Heparan Sulfate,"You are a biomedical assistant.
Answer ONLY using the knowledge below.
Do not use outside knowledge.
If the answer is not present, reply exactly:
I don't know based on the provided knowledge.

=== KNOWLEDGE ===
Disease: Mucopolysaccharidosis Type II (Hunter Syndrome)
Treatment: Enzyme Replacement Therapy
Accumulated Metabolite: Heparan Sulfate
Deficient Enzyme: Iduronate-2-Sulfatase
Symptoms: Coarse Facial Features, Joint Stiffness
Inheritance Pattern: X-Linked
Causative Gene: IDS

=== QUESTION ===
Which metabolite accumulates in Mucopolysaccharidosis Type II (Hunter Syndrome)?

=== ANSWER ===
","Based on the given knowledge, the question is asking about a metabolite that accumulates in Mucopolysaccharidosis Type II (Hunter Syndrome). Based solely on this information, the answer is Enzyme Replacement Therapy (ERT)."
204,tinyllama,Mucopolysaccharidosis Type II (Hunter Syndrome),hasCausativeGene,Which gene causes Mucopolysaccharidosis Type II (Hunter Syndrome)?,IDS,"You are a biomedical assistant.
Answer ONLY using the knowledge below.
Do not use outside knowledge.
If the answer is not present, reply exactly:
I don't know based on the provided knowledge.

=== KNOWLEDGE ===
Disease: Mucopolysaccharidosis Type II (Hunter Syndrome)
Treatment: Enzyme Replacement Therapy
Accumulated Metabolite: Heparan Sulfate
Deficient Enzyme: Iduronate-2-Sulfatase
Symptoms: Coarse Facial Features, Joint Stiffness
Inheritance Pattern: X-Linked
Causative Gene: IDS

=== QUESTION ===
Which gene causes Mucopolysaccharidosis Type II (Hunter Syndrome)?

=== ANSWER ===
","No external knowledge was used to answer the provided question. The given knowledge is based solely on the information provided in the provided material, which only includes biochemical and genetic information related to this specific disease."
205,tinyllama,Fucosidosis,hasInheritancePattern,What is the inheritance pattern of Fucosidosis?,Autosomal Recessive,"You are a biomedical assistant.
Answer ONLY using the knowledge below.
Do not use outside knowledge.
If the answer is not present, reply exactly:
I don't know based on the provided knowledge.

=== KNOWLEDGE ===
Disease: Fucosidosis
Treatment: Supportive Care
Accumulated Metabolite: Fucose-Containing Glycolipids
Deficient Enzyme: Alpha-L-Fucosidase
Symptoms: Angiokeratoma, Coarse Facial Features
Inheritance Pattern: Autosomal Recessive
Causative Gene: FUCA1

=== QUESTION ===
What is the inheritance pattern of Fucosidosis?

=== ANSWER ===
",The inheritance pattern of Fucosidosis is auto-somal reciprocal.
206,tinyllama,Fucosidosis,treatedWith,How is Fucosidosis treated?,Supportive Care,"You are a biomedical assistant.
Answer ONLY using the knowledge below.
Do not use outside knowledge.
If the answer is not present, reply exactly:
I don't know based on the provided knowledge.

=== KNOWLEDGE ===
Disease: Fucosidosis
Treatment: Supportive Care
Accumulated Metabolite: Fucose-Containing Glycolipids
Deficient Enzyme: Alpha-L-Fucosidase
Symptoms: Angiokeratoma, Coarse Facial Features
Inheritance Pattern: Autosomal Recessive
Causative Gene: FUCA1

=== QUESTION ===
How is Fucosidosis treated?

=== ANSWER ===
","Based on the provided knowledge, the treatment for Fucosidosis (disease, accumulated metabolite, deficient enzyme, symptom patterns, inheritance pattern) is Supportive Care (feda-containing glycolipid, angiokeratoma, coarse facial features)."
207,tinyllama,Fucosidosis,hasDeficientEnzyme,Which enzyme is deficient in Fucosidosis?,Alpha-L-Fucosidase,"You are a biomedical assistant.
Answer ONLY using the knowledge below.
Do not use outside knowledge.
If the answer is not present, reply exactly:
I don't know based on the provided knowledge.

=== KNOWLEDGE ===
Disease: Fucosidosis
Treatment: Supportive Care
Accumulated Metabolite: Fucose-Containing Glycolipids
Deficient Enzyme: Alpha-L-Fucosidase
Symptoms: Angiokeratoma, Coarse Facial Features
Inheritance Pattern: Autosomal Recessive
Causative Gene: FUCA1

=== QUESTION ===
Which enzyme is deficient in Fucosidosis?

=== ANSWER ===
","The answer is Alpha-L-Fucosidasis, the enzyme that is deficient in Fucosidosis."
208,tinyllama,Fucosidosis,hasSymptom,What symptoms are associated with Fucosidosis?,Angiokeratoma; Coarse Facial Features,"You are a biomedical assistant.
Answer ONLY using the knowledge below.
Do not use outside knowledge.
If the answer is not present, reply exactly:
I don't know based on the provided knowledge.

=== KNOWLEDGE ===
Disease: Fucosidosis
Treatment: Supportive Care
Accumulated Metabolite: Fucose-Containing Glycolipids
Deficient Enzyme: Alpha-L-Fucosidase
Symptoms: Angiokeratoma, Coarse Facial Features
Inheritance Pattern: Autosomal Recessive
Causative Gene: FUCA1

=== QUESTION ===
What symptoms are associated with Fucosidosis?

=== ANSWER ===
","The symptoms associated with Fucosidosis include:
- Angiokeratoma, coarse facial features
- Alpha-L-Fucosiidasa, accumulated metabolite, supportive care, and deffcient enzyme
- Angiokeratoma, Coarse Facial Features
- Auto-somal reciprocal Receissive
- FUC1, Caustie Gene"
209,tinyllama,Fucosidosis,accumulatesMetabolite,Which metabolite accumulates in Fucosidosis?,Fucose-Containing Glycolipids,"You are a biomedical assistant.
Answer ONLY using the knowledge below.
Do not use outside knowledge.
If the answer is not present, reply exactly:
I don't know based on the provided knowledge.

=== KNOWLEDGE ===
Disease: Fucosidosis
Treatment: Supportive Care
Accumulated Metabolite: Fucose-Containing Glycolipids
Deficient Enzyme: Alpha-L-Fucosidase
Symptoms: Angiokeratoma, Coarse Facial Features
Inheritance Pattern: Autosomal Recessive
Causative Gene: FUCA1

=== QUESTION ===
Which metabolite accumulates in Fucosidosis?

=== ANSWER ===
","The metabolite that accumulates in Fucosidosis is not specified in the given knowledge. Based on the provided knowledge, it can only be inferred that the accumulation of certain types of metabolites may occur."
210,tinyllama,Fucosidosis,hasCausativeGene,Which gene causes Fucosidosis?,FUCA1,"You are a biomedical assistant.
Answer ONLY using the knowledge below.
Do not use outside knowledge.
If the answer is not present, reply exactly:
I don't know based on the provided knowledge.

=== KNOWLEDGE ===
Disease: Fucosidosis
Treatment: Supportive Care
Accumulated Metabolite: Fucose-Containing Glycolipids
Deficient Enzyme: Alpha-L-Fucosidase
Symptoms: Angiokeratoma, Coarse Facial Features
Inheritance Pattern: Autosomal Recessive
Causative Gene: FUCA1

=== QUESTION ===
Which gene causes Fucosidosis?

=== ANSWER ===
","The gene causing Fucosidosis is not provided in the knowledge base. The only available information is that it is autoosomal recessive and caused by a mutation in the FUC1 gene. The question is asking about the gene associated with Fucosidosis, but no specific gene has been mentioned."
211,tinyllama,Glycogen Storage Disease Type I (Von Gierke Disease),hasInheritancePattern,What is the inheritance pattern of Glycogen Storage Disease Type I (Von Gierke Disease)?,Autosomal Recessive,"You are a biomedical assistant.
Answer ONLY using the knowledge below.
Do not use outside knowledge.
If the answer is not present, reply exactly:
I don't know based on the provided knowledge.

=== KNOWLEDGE ===
Disease: Glycogen Storage Disease Type I (Von Gierke Disease)
Treatment: Uncooked Cornstarch Therapy
Accumulated Metabolite: Glycogen
Deficient Enzyme: Glucose-6-Phosphatase
Symptoms: Hepatomegaly, Hypoglycemia
Inheritance Pattern: Autosomal Recessive
Causative Gene: G6PC

=== QUESTION ===
What is the inheritance pattern of Glycogen Storage Disease Type I (Von Gierke Disease)?

=== ANSWER ===
",The inheritance pattern for Glucose-6-Phosphatase (G6PC) mutations associated with Von Hippel Lindsley disease is autosomal recessive.
212,tinyllama,Glycogen Storage Disease Type I (Von Gierke Disease),treatedWith,How is Glycogen Storage Disease Type I (Von Gierke Disease) treated?,Uncooked Cornstarch Therapy,"You are a biomedical assistant.
Answer ONLY using the knowledge below.
Do not use outside knowledge.
If the answer is not present, reply exactly:
I don't know based on the provided knowledge.

=== KNOWLEDGE ===
Disease: Glycogen Storage Disease Type I (Von Gierke Disease)
Treatment: Uncooked Cornstarch Therapy
Accumulated Metabolite: Glycogen
Deficient Enzyme: Glucose-6-Phosphatase
Symptoms: Hepatomegaly, Hypoglycemia
Inheritance Pattern: Autosomal Recessive
Causative Gene: G6PC

=== QUESTION ===
How is Glycogen Storage Disease Type I (Von Gierke Disease) treated?

=== ANSWER ===
",No outside knowledge based on the provided knowledge.
213,tinyllama,Glycogen Storage Disease Type I (Von Gierke Disease),hasDeficientEnzyme,Which enzyme is deficient in Glycogen Storage Disease Type I (Von Gierke Disease)?,Glucose-6-Phosphatase,"You are a biomedical assistant.
Answer ONLY using the knowledge below.
Do not use outside knowledge.
If the answer is not present, reply exactly:
I don't know based on the provided knowledge.

=== KNOWLEDGE ===
Disease: Glycogen Storage Disease Type I (Von Gierke Disease)
Treatment: Uncooked Cornstarch Therapy
Accumulated Metabolite: Glycogen
Deficient Enzyme: Glucose-6-Phosphatase
Symptoms: Hepatomegaly, Hypoglycemia
Inheritance Pattern: Autosomal Recessive
Causative Gene: G6PC

=== QUESTION ===
Which enzyme is deficient in Glycogen Storage Disease Type I (Von Gierke Disease)?

=== ANSWER ===
",No external knowledge was used to provide the answer for this question.
214,tinyllama,Glycogen Storage Disease Type I (Von Gierke Disease),hasSymptom,What symptoms are associated with Glycogen Storage Disease Type I (Von Gierke Disease)?,Hepatomegaly; Hypoglycemia,"You are a biomedical assistant.
Answer ONLY using the knowledge below.
Do not use outside knowledge.
If the answer is not present, reply exactly:
I don't know based on the provided knowledge.

=== KNOWLEDGE ===
Disease: Glycogen Storage Disease Type I (Von Gierke Disease)
Treatment: Uncooked Cornstarch Therapy
Accumulated Metabolite: Glycogen
Deficient Enzyme: Glucose-6-Phosphatase
Symptoms: Hepatomegaly, Hypoglycemia
Inheritance Pattern: Autosomal Recessive
Causative Gene: G6PC

=== QUESTION ===
What symptoms are associated with Glycogen Storage Disease Type I (Von Gierke Disease)?

=== ANSWER ===
","Based on the provided knowledge, the answer to the question is: Hepatomegaly hypoglycemia, Hypoglycemia."
215,tinyllama,Glycogen Storage Disease Type I (Von Gierke Disease),accumulatesMetabolite,Which metabolite accumulates in Glycogen Storage Disease Type I (Von Gierke Disease)?,Glycogen,"You are a biomedical assistant.
Answer ONLY using the knowledge below.
Do not use outside knowledge.
If the answer is not present, reply exactly:
I don't know based on the provided knowledge.

=== KNOWLEDGE ===
Disease: Glycogen Storage Disease Type I (Von Gierke Disease)
Treatment: Uncooked Cornstarch Therapy
Accumulated Metabolite: Glycogen
Deficient Enzyme: Glucose-6-Phosphatase
Symptoms: Hepatomegaly, Hypoglycemia
Inheritance Pattern: Autosomal Recessive
Causative Gene: G6PC

=== QUESTION ===
Which metabolite accumulates in Glycogen Storage Disease Type I (Von Gierke Disease)?

=== ANSWER ===
",No outside knowledge is required to answer the question based on the provided knowledge. The metaabolite that accumulates in Glucose-6-Phosphate Catactive Sytem (Von Gierk Disease) is Glucose-6-Phosphataase.
216,tinyllama,Glycogen Storage Disease Type I (Von Gierke Disease),hasCausativeGene,Which gene causes Glycogen Storage Disease Type I (Von Gierke Disease)?,G6PC,"You are a biomedical assistant.
Answer ONLY using the knowledge below.
Do not use outside knowledge.
If the answer is not present, reply exactly:
I don't know based on the provided knowledge.

=== KNOWLEDGE ===
Disease: Glycogen Storage Disease Type I (Von Gierke Disease)
Treatment: Uncooked Cornstarch Therapy
Accumulated Metabolite: Glycogen
Deficient Enzyme: Glucose-6-Phosphatase
Symptoms: Hepatomegaly, Hypoglycemia
Inheritance Pattern: Autosomal Recessive
Causative Gene: G6PC

=== QUESTION ===
Which gene causes Glycogen Storage Disease Type I (Von Gierke Disease)?

=== ANSWER ===
","Based on the given knowledge, the gene causing Glucose-6-Phosphatase (G6PC) deficiency and von hippelliemi disaese type I (von Gierk type i) is G6PC."
217,tinyllama,Glycogen Storage Disease Type III (Cori Disease),hasInheritancePattern,What is the inheritance pattern of Glycogen Storage Disease Type III (Cori Disease)?,Autosomal Recessive,"You are a biomedical assistant.
Answer ONLY using the knowledge below.
Do not use outside knowledge.
If the answer is not present, reply exactly:
I don't know based on the provided knowledge.

=== KNOWLEDGE ===
Disease: Glycogen Storage Disease Type III (Cori Disease)
Treatment: High-Protein Diet
Accumulated Metabolite: Limit Dextrin
Deficient Enzyme: Glycogen Debranching Enzyme
Symptoms: Hepatomegaly, Hypoglycemia
Inheritance Pattern: Autosomal Recessive
Causative Gene: AGL

=== QUESTION ===
What is the inheritance pattern of Glycogen Storage Disease Type III (Cori Disease)?

=== ANSWER ===
","Based on the provided knowledge, Glucose storage disease type III (Coric disaeis) inherits through autosomal recessive mode of inheritance. The inheritance pattern for this condition is also referred to as Cori Disaeis Type III, Glucose Storage Disease Type III or Corionic Disease Type III, which means that it's a rare genetic disorder characterized by abnormalities in glucosuria."
218,tinyllama,Glycogen Storage Disease Type III (Cori Disease),treatedWith,How is Glycogen Storage Disease Type III (Cori Disease) treated?,High-Protein Diet,"You are a biomedical assistant.
Answer ONLY using the knowledge below.
Do not use outside knowledge.
If the answer is not present, reply exactly:
I don't know based on the provided knowledge.

=== KNOWLEDGE ===
Disease: Glycogen Storage Disease Type III (Cori Disease)
Treatment: High-Protein Diet
Accumulated Metabolite: Limit Dextrin
Deficient Enzyme: Glycogen Debranching Enzyme
Symptoms: Hepatomegaly, Hypoglycemia
Inheritance Pattern: Autosomal Recessive
Causative Gene: AGL

=== QUESTION ===
How is Glycogen Storage Disease Type III (Cori Disease) treated?

=== ANSWER ===
","No external knowledge is required to answer this question based on the provided knowledge. The treatment for Glucose Storage Disorder Type III (Corin Disorder) in AI Assistants is through a high-protein diet. This includes ensuring that adequate levels of glucose are met by consuming foods rich in carbohydrates, such as whole grains and legumes. Additionally, regular exercise or physical activity may help to prevent or alleviate symptoms associated with the disorder."
219,tinyllama,Glycogen Storage Disease Type III (Cori Disease),hasDeficientEnzyme,Which enzyme is deficient in Glycogen Storage Disease Type III (Cori Disease)?,Glycogen Debranching Enzyme,"You are a biomedical assistant.
Answer ONLY using the knowledge below.
Do not use outside knowledge.
If the answer is not present, reply exactly:
I don't know based on the provided knowledge.

=== KNOWLEDGE ===
Disease: Glycogen Storage Disease Type III (Cori Disease)
Treatment: High-Protein Diet
Accumulated Metabolite: Limit Dextrin
Deficient Enzyme: Glycogen Debranching Enzyme
Symptoms: Hepatomegaly, Hypoglycemia
Inheritance Pattern: Autosomal Recessive
Causative Gene: AGL

=== QUESTION ===
Which enzyme is deficient in Glycogen Storage Disease Type III (Cori Disease)?

=== ANSWER ===
","Based on the provided knowledge, the enzyme involved in glucogen storage disorders associated with Cori Disease is the glucogen debranching enzyme."
220,tinyllama,Glycogen Storage Disease Type III (Cori Disease),hasSymptom,What symptoms are associated with Glycogen Storage Disease Type III (Cori Disease)?,Hepatomegaly; Hypoglycemia,"You are a biomedical assistant.
Answer ONLY using the knowledge below.
Do not use outside knowledge.
If the answer is not present, reply exactly:
I don't know based on the provided knowledge.

=== KNOWLEDGE ===
Disease: Glycogen Storage Disease Type III (Cori Disease)
Treatment: High-Protein Diet
Accumulated Metabolite: Limit Dextrin
Deficient Enzyme: Glycogen Debranching Enzyme
Symptoms: Hepatomegaly, Hypoglycemia
Inheritance Pattern: Autosomal Recessive
Causative Gene: AGL

=== QUESTION ===
What symptoms are associated with Glycogen Storage Disease Type III (Cori Disease)?

=== ANSWER ===
","The given knowledge does not present a detailed description of the symptoms associated with Glucogen Storage Disemae Type III (Cori Disemae). Therefore, the question is not applicable and can be answered using outside knowledge or a general answer."
221,tinyllama,Glycogen Storage Disease Type III (Cori Disease),accumulatesMetabolite,Which metabolite accumulates in Glycogen Storage Disease Type III (Cori Disease)?,Limit Dextrin,"You are a biomedical assistant.
Answer ONLY using the knowledge below.
Do not use outside knowledge.
If the answer is not present, reply exactly:
I don't know based on the provided knowledge.

=== KNOWLEDGE ===
Disease: Glycogen Storage Disease Type III (Cori Disease)
Treatment: High-Protein Diet
Accumulated Metabolite: Limit Dextrin
Deficient Enzyme: Glycogen Debranching Enzyme
Symptoms: Hepatomegaly, Hypoglycemia
Inheritance Pattern: Autosomal Recessive
Causative Gene: AGL

=== QUESTION ===
Which metabolite accumulates in Glycogen Storage Disease Type III (Cori Disease)?

=== ANSWER ===
",The question is not present. The given knowledge is sufficient for answering the question based on the biochemical condition known as Cori Diseaise (Glucogen Storage Disorder).
222,tinyllama,Glycogen Storage Disease Type III (Cori Disease),hasCausativeGene,Which gene causes Glycogen Storage Disease Type III (Cori Disease)?,AGL,"You are a biomedical assistant.
Answer ONLY using the knowledge below.
Do not use outside knowledge.
If the answer is not present, reply exactly:
I don't know based on the provided knowledge.

=== KNOWLEDGE ===
Disease: Glycogen Storage Disease Type III (Cori Disease)
Treatment: High-Protein Diet
Accumulated Metabolite: Limit Dextrin
Deficient Enzyme: Glycogen Debranching Enzyme
Symptoms: Hepatomegaly, Hypoglycemia
Inheritance Pattern: Autosomal Recessive
Causative Gene: AGL

=== QUESTION ===
Which gene causes Glycogen Storage Disease Type III (Cori Disease)?

=== ANSWER ===
","The correct answer is: ""No external knowledge provided"" based on the given knowledge above. The question is not about specific genes or diseases, but rather about the causative gene for Glucosamine Storage Disorder Type III (Corin Disease)."
223,tinyllama,Glycogen Storage Disease Type V (McArdle Disease),hasInheritancePattern,What is the inheritance pattern of Glycogen Storage Disease Type V (McArdle Disease)?,Autosomal Recessive,"You are a biomedical assistant.
Answer ONLY using the knowledge below.
Do not use outside knowledge.
If the answer is not present, reply exactly:
I don't know based on the provided knowledge.

=== KNOWLEDGE ===
Disease: Glycogen Storage Disease Type V (McArdle Disease)
Treatment: Avoidance of Strenuous Exercise
Accumulated Metabolite: Glycogen
Deficient Enzyme: Myophosphorylase
Symptoms: Exercise Intolerance, Myalgia
Inheritance Pattern: Autosomal Recessive
Causative Gene: PYGM

=== QUESTION ===
What is the inheritance pattern of Glycogen Storage Disease Type V (McArdle Disease)?

=== ANSWER ===
","Based on the provided knowledge, Glucogang Storage Disaease Type V (McArdlle Disease) is inherited autosomal recessively."
224,tinyllama,Glycogen Storage Disease Type V (McArdle Disease),treatedWith,How is Glycogen Storage Disease Type V (McArdle Disease) treated?,Avoidance of Strenuous Exercise,"You are a biomedical assistant.
Answer ONLY using the knowledge below.
Do not use outside knowledge.
If the answer is not present, reply exactly:
I don't know based on the provided knowledge.

=== KNOWLEDGE ===
Disease: Glycogen Storage Disease Type V (McArdle Disease)
Treatment: Avoidance of Strenuous Exercise
Accumulated Metabolite: Glycogen
Deficient Enzyme: Myophosphorylase
Symptoms: Exercise Intolerance, Myalgia
Inheritance Pattern: Autosomal Recessive
Causative Gene: PYGM

=== QUESTION ===
How is Glycogen Storage Disease Type V (McArdle Disease) treated?

=== ANSWER ===
","Based on the provided knowledge, the treatment for Glucose Storage Disease Type V (McArdle Disease) is avoidance of Streinuous Exercise, as this can cause accumulated metabolite (glucogen)."
225,tinyllama,Glycogen Storage Disease Type V (McArdle Disease),hasDeficientEnzyme,Which enzyme is deficient in Glycogen Storage Disease Type V (McArdle Disease)?,Myophosphorylase,"You are a biomedical assistant.
Answer ONLY using the knowledge below.
Do not use outside knowledge.
If the answer is not present, reply exactly:
I don't know based on the provided knowledge.

=== KNOWLEDGE ===
Disease: Glycogen Storage Disease Type V (McArdle Disease)
Treatment: Avoidance of Strenuous Exercise
Accumulated Metabolite: Glycogen
Deficient Enzyme: Myophosphorylase
Symptoms: Exercise Intolerance, Myalgia
Inheritance Pattern: Autosomal Recessive
Causative Gene: PYGM

=== QUESTION ===
Which enzyme is deficient in Glycogen Storage Disease Type V (McArdle Disease)?

=== ANSWER ===
","Based on the given knowledge, the enzyme responsible for deficiency in Glucogen Storage Disema Type V (McArdlle Disema) is Myophosphorylase."
226,tinyllama,Glycogen Storage Disease Type V (McArdle Disease),hasSymptom,What symptoms are associated with Glycogen Storage Disease Type V (McArdle Disease)?,Exercise Intolerance; Myalgia,"You are a biomedical assistant.
Answer ONLY using the knowledge below.
Do not use outside knowledge.
If the answer is not present, reply exactly:
I don't know based on the provided knowledge.

=== KNOWLEDGE ===
Disease: Glycogen Storage Disease Type V (McArdle Disease)
Treatment: Avoidance of Strenuous Exercise
Accumulated Metabolite: Glycogen
Deficient Enzyme: Myophosphorylase
Symptoms: Exercise Intolerance, Myalgia
Inheritance Pattern: Autosomal Recessive
Causative Gene: PYGM

=== QUESTION ===
What symptoms are associated with Glycogen Storage Disease Type V (McArdle Disease)?

=== ANSWER ===
","Based on the provided knowledge, the answer to the question is: Exercise intolerance, myalgia, auto-somal reciprocal, PYGM gene cause Glucogon Storage Disease Type V (McArdlle Disease)."
227,tinyllama,Glycogen Storage Disease Type V (McArdle Disease),accumulatesMetabolite,Which metabolite accumulates in Glycogen Storage Disease Type V (McArdle Disease)?,Glycogen,"You are a biomedical assistant.
Answer ONLY using the knowledge below.
Do not use outside knowledge.
If the answer is not present, reply exactly:
I don't know based on the provided knowledge.

=== KNOWLEDGE ===
Disease: Glycogen Storage Disease Type V (McArdle Disease)
Treatment: Avoidance of Strenuous Exercise
Accumulated Metabolite: Glycogen
Deficient Enzyme: Myophosphorylase
Symptoms: Exercise Intolerance, Myalgia
Inheritance Pattern: Autosomal Recessive
Causative Gene: PYGM

=== QUESTION ===
Which metabolite accumulates in Glycogen Storage Disease Type V (McArdle Disease)?

=== ANSWER ===
","Based on the provided knowledge, the question is asking which metabolite accumulates in Glucose Phosphate Isomerase-Deficient Erythroid Cells due to the presence of McArdl Disease. Answer based on the given information: Myophylaxis."
228,tinyllama,Glycogen Storage Disease Type V (McArdle Disease),hasCausativeGene,Which gene causes Glycogen Storage Disease Type V (McArdle Disease)?,PYGM,"You are a biomedical assistant.
Answer ONLY using the knowledge below.
Do not use outside knowledge.
If the answer is not present, reply exactly:
I don't know based on the provided knowledge.

=== KNOWLEDGE ===
Disease: Glycogen Storage Disease Type V (McArdle Disease)
Treatment: Avoidance of Strenuous Exercise
Accumulated Metabolite: Glycogen
Deficient Enzyme: Myophosphorylase
Symptoms: Exercise Intolerance, Myalgia
Inheritance Pattern: Autosomal Recessive
Causative Gene: PYGM

=== QUESTION ===
Which gene causes Glycogen Storage Disease Type V (McArdle Disease)?

=== ANSWER ===
","Based on the provided knowledge, the gene causing Glucogn Storage Disemae Type V (McArdle Disemae) is PYGM."
229,tinyllama,Zellweger Syndrome,hasInheritancePattern,What is the inheritance pattern of Zellweger Syndrome?,Autosomal Recessive,"You are a biomedical assistant.
Answer ONLY using the knowledge below.
Do not use outside knowledge.
If the answer is not present, reply exactly:
I don't know based on the provided knowledge.

=== KNOWLEDGE ===
Disease: Zellweger Syndrome
Treatment: Supportive Care
Accumulated Metabolite: Very Long-Chain Fatty Acids
Deficient Enzyme: Peroxin-1
Symptoms: Craniofacial Abnormalities, Hypotonia
Inheritance Pattern: Autosomal Recessive
Causative Gene: PEX1

=== QUESTION ===
What is the inheritance pattern of Zellweger Syndrome?

=== ANSWER ===
","The inheritance pattern of Zellweger Syndrome (aka Zellick's syndrome) is Autosomal Receessive, based on the provided knowledge."
230,tinyllama,Zellweger Syndrome,treatedWith,How is Zellweger Syndrome treated?,Supportive Care,"You are a biomedical assistant.
Answer ONLY using the knowledge below.
Do not use outside knowledge.
If the answer is not present, reply exactly:
I don't know based on the provided knowledge.

=== KNOWLEDGE ===
Disease: Zellweger Syndrome
Treatment: Supportive Care
Accumulated Metabolite: Very Long-Chain Fatty Acids
Deficient Enzyme: Peroxin-1
Symptoms: Craniofacial Abnormalities, Hypotonia
Inheritance Pattern: Autosomal Recessive
Causative Gene: PEX1

=== QUESTION ===
How is Zellweger Syndrome treated?

=== ANSWER ===
","I do not have access to the latest medical research or treatment guidelines, so I can only provide you with information based on the provided knowledge. Based on the given statement, Zellweger syndrome is a type of rare disorder that primarily affects the digestive system and can result in severe symptoms such as craniofacial abnormalities, hypotoia, peroxiin-1, autosomal received inheritance pattern, autoosoal receessive inheritance pattern, and long-chain faety acids accumulation. The specific treatment for Zellweger syndrome depends on the severity of symptoms and individual patient's medical history. However, conventional treatments may include various dietary restrictions, lifestyle changes, medications, and surgical procedures aimed at reducing inflammation in the affected areas or restoring healthy digestive function."
231,tinyllama,Zellweger Syndrome,hasDeficientEnzyme,Which enzyme is deficient in Zellweger Syndrome?,Peroxin-1,"You are a biomedical assistant.
Answer ONLY using the knowledge below.
Do not use outside knowledge.
If the answer is not present, reply exactly:
I don't know based on the provided knowledge.

=== KNOWLEDGE ===
Disease: Zellweger Syndrome
Treatment: Supportive Care
Accumulated Metabolite: Very Long-Chain Fatty Acids
Deficient Enzyme: Peroxin-1
Symptoms: Craniofacial Abnormalities, Hypotonia
Inheritance Pattern: Autosomal Recessive
Causative Gene: PEX1

=== QUESTION ===
Which enzyme is deficient in Zellweger Syndrome?

=== ANSWER ===
",I don't know based on the provided knowledge.
232,tinyllama,Zellweger Syndrome,hasSymptom,What symptoms are associated with Zellweger Syndrome?,Craniofacial Abnormalities; Hypotonia,"You are a biomedical assistant.
Answer ONLY using the knowledge below.
Do not use outside knowledge.
If the answer is not present, reply exactly:
I don't know based on the provided knowledge.

=== KNOWLEDGE ===
Disease: Zellweger Syndrome
Treatment: Supportive Care
Accumulated Metabolite: Very Long-Chain Fatty Acids
Deficient Enzyme: Peroxin-1
Symptoms: Craniofacial Abnormalities, Hypotonia
Inheritance Pattern: Autosomal Recessive
Causative Gene: PEX1

=== QUESTION ===
What symptoms are associated with Zellweger Syndrome?

=== ANSWER ===
","The given knowledge is insufficient for answering the question ""What symptoms are associated with Zellweger Syndrome?"""
233,tinyllama,Zellweger Syndrome,accumulatesMetabolite,Which metabolite accumulates in Zellweger Syndrome?,Very Long-Chain Fatty Acids,"You are a biomedical assistant.
Answer ONLY using the knowledge below.
Do not use outside knowledge.
If the answer is not present, reply exactly:
I don't know based on the provided knowledge.

=== KNOWLEDGE ===
Disease: Zellweger Syndrome
Treatment: Supportive Care
Accumulated Metabolite: Very Long-Chain Fatty Acids
Deficient Enzyme: Peroxin-1
Symptoms: Craniofacial Abnormalities, Hypotonia
Inheritance Pattern: Autosomal Recessive
Causative Gene: PEX1

=== QUESTION ===
Which metabolite accumulates in Zellweger Syndrome?

=== ANSWER ===
",The correct answer is Very Long-Chain Fatty Acids.
234,tinyllama,Zellweger Syndrome,hasCausativeGene,Which gene causes Zellweger Syndrome?,PEX1,"You are a biomedical assistant.
Answer ONLY using the knowledge below.
Do not use outside knowledge.
If the answer is not present, reply exactly:
I don't know based on the provided knowledge.

=== KNOWLEDGE ===
Disease: Zellweger Syndrome
Treatment: Supportive Care
Accumulated Metabolite: Very Long-Chain Fatty Acids
Deficient Enzyme: Peroxin-1
Symptoms: Craniofacial Abnormalities, Hypotonia
Inheritance Pattern: Autosomal Recessive
Causative Gene: PEX1

=== QUESTION ===
Which gene causes Zellweger Syndrome?

=== ANSWER ===
","Based on the given knowledge, the answer to the question is ""Peroxiyn-1""."
235,tinyllama,X-Linked Adrenoleukodystrophy,hasInheritancePattern,What is the inheritance pattern of X-Linked Adrenoleukodystrophy?,X-Linked,"You are a biomedical assistant.
Answer ONLY using the knowledge below.
Do not use outside knowledge.
If the answer is not present, reply exactly:
I don't know based on the provided knowledge.

=== KNOWLEDGE ===
Disease: X-Linked Adrenoleukodystrophy
Treatment: Hematopoietic Stem Cell Transplant
Accumulated Metabolite: Very Long-Chain Fatty Acids
Deficient Enzyme: ALD Protein
Symptoms: Adrenal Insufficiency, Demyelination
Inheritance Pattern: X-Linked
Causative Gene: ABCD1

=== QUESTION ===
What is the inheritance pattern of X-Linked Adrenoleukodystrophy?

=== ANSWER ===
","Based on the provided knowledge, the answer to the question is X-Linked Adrenoleukodystrophy."
236,tinyllama,X-Linked Adrenoleukodystrophy,treatedWith,How is X-Linked Adrenoleukodystrophy treated?,Hematopoietic Stem Cell Transplant,"You are a biomedical assistant.
Answer ONLY using the knowledge below.
Do not use outside knowledge.
If the answer is not present, reply exactly:
I don't know based on the provided knowledge.

=== KNOWLEDGE ===
Disease: X-Linked Adrenoleukodystrophy
Treatment: Hematopoietic Stem Cell Transplant
Accumulated Metabolite: Very Long-Chain Fatty Acids
Deficient Enzyme: ALD Protein
Symptoms: Adrenal Insufficiency, Demyelination
Inheritance Pattern: X-Linked
Causative Gene: ABCD1

=== QUESTION ===
How is X-Linked Adrenoleukodystrophy treated?

=== ANSWER ===
","Based on the provided knowledge, the answer to the question ""How is X-Linked Adrenoleukodystrophy treated?"" is: Hematopoietic Stem Cell Transplant (HSCT) for adrenal insufficiency."
237,tinyllama,X-Linked Adrenoleukodystrophy,hasDeficientEnzyme,Which enzyme is deficient in X-Linked Adrenoleukodystrophy?,ALD Protein,"You are a biomedical assistant.
Answer ONLY using the knowledge below.
Do not use outside knowledge.
If the answer is not present, reply exactly:
I don't know based on the provided knowledge.

=== KNOWLEDGE ===
Disease: X-Linked Adrenoleukodystrophy
Treatment: Hematopoietic Stem Cell Transplant
Accumulated Metabolite: Very Long-Chain Fatty Acids
Deficient Enzyme: ALD Protein
Symptoms: Adrenal Insufficiency, Demyelination
Inheritance Pattern: X-Linked
Causative Gene: ABCD1

=== QUESTION ===
Which enzyme is deficient in X-Linked Adrenoleukodystrophy?

=== ANSWER ===
","Answer: The answer is ""ALD Protein"""
238,tinyllama,X-Linked Adrenoleukodystrophy,hasSymptom,What symptoms are associated with X-Linked Adrenoleukodystrophy?,Adrenal Insufficiency; Demyelination,"You are a biomedical assistant.
Answer ONLY using the knowledge below.
Do not use outside knowledge.
If the answer is not present, reply exactly:
I don't know based on the provided knowledge.

=== KNOWLEDGE ===
Disease: X-Linked Adrenoleukodystrophy
Treatment: Hematopoietic Stem Cell Transplant
Accumulated Metabolite: Very Long-Chain Fatty Acids
Deficient Enzyme: ALD Protein
Symptoms: Adrenal Insufficiency, Demyelination
Inheritance Pattern: X-Linked
Causative Gene: ABCD1

=== QUESTION ===
What symptoms are associated with X-Linked Adrenoleukodystrophy?

=== ANSWER ===
","Based on the provided knowledge, the answer to the question is ""Symptooms: Adrenal Insufficiency, Demyelination""."
239,tinyllama,X-Linked Adrenoleukodystrophy,accumulatesMetabolite,Which metabolite accumulates in X-Linked Adrenoleukodystrophy?,Very Long-Chain Fatty Acids,"You are a biomedical assistant.
Answer ONLY using the knowledge below.
Do not use outside knowledge.
If the answer is not present, reply exactly:
I don't know based on the provided knowledge.

=== KNOWLEDGE ===
Disease: X-Linked Adrenoleukodystrophy
Treatment: Hematopoietic Stem Cell Transplant
Accumulated Metabolite: Very Long-Chain Fatty Acids
Deficient Enzyme: ALD Protein
Symptoms: Adrenal Insufficiency, Demyelination
Inheritance Pattern: X-Linked
Causative Gene: ABCD1

=== QUESTION ===
Which metabolite accumulates in X-Linked Adrenoleukodystrophy?

=== ANSWER ===
","The answer to the question is ""Very Long-Chain Fatty Acids"" (VLCFA). This is a metabolite that accumulates in X-Linked Adrenoleukodystrophy, which is a disaese caused by mutations in ABCD1."
240,tinyllama,X-Linked Adrenoleukodystrophy,hasCausativeGene,Which gene causes X-Linked Adrenoleukodystrophy?,ABCD1,"You are a biomedical assistant.
Answer ONLY using the knowledge below.
Do not use outside knowledge.
If the answer is not present, reply exactly:
I don't know based on the provided knowledge.

=== KNOWLEDGE ===
Disease: X-Linked Adrenoleukodystrophy
Treatment: Hematopoietic Stem Cell Transplant
Accumulated Metabolite: Very Long-Chain Fatty Acids
Deficient Enzyme: ALD Protein
Symptoms: Adrenal Insufficiency, Demyelination
Inheritance Pattern: X-Linked
Causative Gene: ABCD1

=== QUESTION ===
Which gene causes X-Linked Adrenoleukodystrophy?

=== ANSWER ===
",The gene causing X-Linked Adrenoleukodystrophy is ABCD1.
241,tinyllama,Refsum Disease,hasInheritancePattern,What is the inheritance pattern of Refsum Disease?,Autosomal Recessive,"You are a biomedical assistant.
Answer ONLY using the knowledge below.
Do not use outside knowledge.
If the answer is not present, reply exactly:
I don't know based on the provided knowledge.

=== KNOWLEDGE ===
Disease: Refsum Disease
Treatment: Dietary Phytanic Acid Restriction
Accumulated Metabolite: Phytanic Acid
Deficient Enzyme: Phytanoyl-CoA Hydroxylase
Symptoms: Peripheral Neuropathy, Retinitis Pigmentosa
Inheritance Pattern: Autosomal Recessive
Causative Gene: PHYH

=== QUESTION ===
What is the inheritance pattern of Refsum Disease?

=== ANSWER ===
",The inherited pattern of Refsum Disease is Autosomal Receessive.
242,tinyllama,Refsum Disease,treatedWith,How is Refsum Disease treated?,Dietary Phytanic Acid Restriction,"You are a biomedical assistant.
Answer ONLY using the knowledge below.
Do not use outside knowledge.
If the answer is not present, reply exactly:
I don't know based on the provided knowledge.

=== KNOWLEDGE ===
Disease: Refsum Disease
Treatment: Dietary Phytanic Acid Restriction
Accumulated Metabolite: Phytanic Acid
Deficient Enzyme: Phytanoyl-CoA Hydroxylase
Symptoms: Peripheral Neuropathy, Retinitis Pigmentosa
Inheritance Pattern: Autosomal Recessive
Causative Gene: PHYH

=== QUESTION ===
How is Refsum Disease treated?

=== ANSWER ===
","Based on the provided knowledge, Refsum Disease (Disease of Summarin) is not treated through disease-specific therapies. However, it can be treated by avoiding or limiting certain foods, lifestyle changes, and medications that may interact with the disease. This includes avoiding excessive consumption of phytanolic acids (such as fats and oils) or dairy products, maintaining a healthy diet with balanced nutrients, and seeking medical advice if any other medical conditions exist."
243,tinyllama,Refsum Disease,hasDeficientEnzyme,Which enzyme is deficient in Refsum Disease?,Phytanoyl-CoA Hydroxylase,"You are a biomedical assistant.
Answer ONLY using the knowledge below.
Do not use outside knowledge.
If the answer is not present, reply exactly:
I don't know based on the provided knowledge.

=== KNOWLEDGE ===
Disease: Refsum Disease
Treatment: Dietary Phytanic Acid Restriction
Accumulated Metabolite: Phytanic Acid
Deficient Enzyme: Phytanoyl-CoA Hydroxylase
Symptoms: Peripheral Neuropathy, Retinitis Pigmentosa
Inheritance Pattern: Autosomal Recessive
Causative Gene: PHYH

=== QUESTION ===
Which enzyme is deficient in Refsum Disease?

=== ANSWER ===
",The enzyme Phytanoyl-CoA Hydroxylase (PHYH) is deficient in Refsum Disease.
244,tinyllama,Refsum Disease,hasSymptom,What symptoms are associated with Refsum Disease?,Peripheral Neuropathy; Retinitis Pigmentosa,"You are a biomedical assistant.
Answer ONLY using the knowledge below.
Do not use outside knowledge.
If the answer is not present, reply exactly:
I don't know based on the provided knowledge.

=== KNOWLEDGE ===
Disease: Refsum Disease
Treatment: Dietary Phytanic Acid Restriction
Accumulated Metabolite: Phytanic Acid
Deficient Enzyme: Phytanoyl-CoA Hydroxylase
Symptoms: Peripheral Neuropathy, Retinitis Pigmentosa
Inheritance Pattern: Autosomal Recessive
Causative Gene: PHYH

=== QUESTION ===
What symptoms are associated with Refsum Disease?

=== ANSWER ===
",The answer is: Peripheral Neuropathy and Retinitis Pigmentosa.
245,tinyllama,Refsum Disease,accumulatesMetabolite,Which metabolite accumulates in Refsum Disease?,Phytanic Acid,"You are a biomedical assistant.
Answer ONLY using the knowledge below.
Do not use outside knowledge.
If the answer is not present, reply exactly:
I don't know based on the provided knowledge.

=== KNOWLEDGE ===
Disease: Refsum Disease
Treatment: Dietary Phytanic Acid Restriction
Accumulated Metabolite: Phytanic Acid
Deficient Enzyme: Phytanoyl-CoA Hydroxylase
Symptoms: Peripheral Neuropathy, Retinitis Pigmentosa
Inheritance Pattern: Autosomal Recessive
Causative Gene: PHYH

=== QUESTION ===
Which metabolite accumulates in Refsum Disease?

=== ANSWER ===
","The answer is: Phytanoyl-CoA Hydroxylase. Based on the given knowledge, the question ""Which metabolite accumulates in Refsum Disease?"" does not make any sense and cannot be answered using the provided knowledge."
246,tinyllama,Refsum Disease,hasCausativeGene,Which gene causes Refsum Disease?,PHYH,"You are a biomedical assistant.
Answer ONLY using the knowledge below.
Do not use outside knowledge.
If the answer is not present, reply exactly:
I don't know based on the provided knowledge.

=== KNOWLEDGE ===
Disease: Refsum Disease
Treatment: Dietary Phytanic Acid Restriction
Accumulated Metabolite: Phytanic Acid
Deficient Enzyme: Phytanoyl-CoA Hydroxylase
Symptoms: Peripheral Neuropathy, Retinitis Pigmentosa
Inheritance Pattern: Autosomal Recessive
Causative Gene: PHYH

=== QUESTION ===
Which gene causes Refsum Disease?

=== ANSWER ===
",The given knowledge is sufficient to answer the question. The gene causing Refsum Disease is not known based on the provided knowledge.
247,tinyllama,Wilson Disease,hasInheritancePattern,What is the inheritance pattern of Wilson Disease?,Autosomal Recessive,"You are a biomedical assistant.
Answer ONLY using the knowledge below.
Do not use outside knowledge.
If the answer is not present, reply exactly:
I don't know based on the provided knowledge.

=== KNOWLEDGE ===
Disease: Wilson Disease
Treatment: Penicillamine Therapy
Accumulated Metabolite: Copper
Deficient Enzyme: Copper-Transporting ATPase 2
Symptoms: Hepatolenticular Degeneration, Kayser-Fleischer Rings
Inheritance Pattern: Autosomal Recessive
Causative Gene: ATP7B

=== QUESTION ===
What is the inheritance pattern of Wilson Disease?

=== ANSWER ===
",The answer to the question is: Autosomal Receessive.
248,tinyllama,Wilson Disease,treatedWith,How is Wilson Disease treated?,Penicillamine Therapy,"You are a biomedical assistant.
Answer ONLY using the knowledge below.
Do not use outside knowledge.
If the answer is not present, reply exactly:
I don't know based on the provided knowledge.

=== KNOWLEDGE ===
Disease: Wilson Disease
Treatment: Penicillamine Therapy
Accumulated Metabolite: Copper
Deficient Enzyme: Copper-Transporting ATPase 2
Symptoms: Hepatolenticular Degeneration, Kayser-Fleischer Rings
Inheritance Pattern: Autosomal Recessive
Causative Gene: ATP7B

=== QUESTION ===
How is Wilson Disease treated?

=== ANSWER ===
","The answer to the question regarding the treatment for Wilson Disease is based on the given knowledge. Wilson Disease is a rare disorder caused by a deficiency of copper in the body, which results in various symptoms and may require specific treatments. The available treatment options include medications such as Penicillamine Therapy or Copper-Transporting ATPase 2, while genetic testing is recommended for individuals with inherited forms of Wilson Disease to determine appropriate therapies based on their genotype."
249,tinyllama,Wilson Disease,hasDeficientEnzyme,Which enzyme is deficient in Wilson Disease?,Copper-Transporting ATPase 2,"You are a biomedical assistant.
Answer ONLY using the knowledge below.
Do not use outside knowledge.
If the answer is not present, reply exactly:
I don't know based on the provided knowledge.

=== KNOWLEDGE ===
Disease: Wilson Disease
Treatment: Penicillamine Therapy
Accumulated Metabolite: Copper
Deficient Enzyme: Copper-Transporting ATPase 2
Symptoms: Hepatolenticular Degeneration, Kayser-Fleischer Rings
Inheritance Pattern: Autosomal Recessive
Causative Gene: ATP7B

=== QUESTION ===
Which enzyme is deficient in Wilson Disease?

=== ANSWER ===
","The answer to the question ""Which enzyme is deficient in Wilson Disease?"" is Copper-Transporting ATPase 2."
250,tinyllama,Wilson Disease,hasSymptom,What symptoms are associated with Wilson Disease?,Hepatolenticular Degeneration; Kayser-Fleischer Rings,"You are a biomedical assistant.
Answer ONLY using the knowledge below.
Do not use outside knowledge.
If the answer is not present, reply exactly:
I don't know based on the provided knowledge.

=== KNOWLEDGE ===
Disease: Wilson Disease
Treatment: Penicillamine Therapy
Accumulated Metabolite: Copper
Deficient Enzyme: Copper-Transporting ATPase 2
Symptoms: Hepatolenticular Degeneration, Kayser-Fleischer Rings
Inheritance Pattern: Autosomal Recessive
Causative Gene: ATP7B

=== QUESTION ===
What symptoms are associated with Wilson Disease?

=== ANSWER ===
","The question asked is ""What symptoms are associated with Wilson Disease?"""
251,tinyllama,Wilson Disease,accumulatesMetabolite,Which metabolite accumulates in Wilson Disease?,Copper,"You are a biomedical assistant.
Answer ONLY using the knowledge below.
Do not use outside knowledge.
If the answer is not present, reply exactly:
I don't know based on the provided knowledge.

=== KNOWLEDGE ===
Disease: Wilson Disease
Treatment: Penicillamine Therapy
Accumulated Metabolite: Copper
Deficient Enzyme: Copper-Transporting ATPase 2
Symptoms: Hepatolenticular Degeneration, Kayser-Fleischer Rings
Inheritance Pattern: Autosomal Recessive
Causative Gene: ATP7B

=== QUESTION ===
Which metabolite accumulates in Wilson Disease?

=== ANSWER ===
","I don't have access to the available knowledge. However, based on the provided knowledge, the metabolite that accumulates in wilson disease is copper (iii)."
252,tinyllama,Wilson Disease,hasCausativeGene,Which gene causes Wilson Disease?,ATP7B,"You are a biomedical assistant.
Answer ONLY using the knowledge below.
Do not use outside knowledge.
If the answer is not present, reply exactly:
I don't know based on the provided knowledge.

=== KNOWLEDGE ===
Disease: Wilson Disease
Treatment: Penicillamine Therapy
Accumulated Metabolite: Copper
Deficient Enzyme: Copper-Transporting ATPase 2
Symptoms: Hepatolenticular Degeneration, Kayser-Fleischer Rings
Inheritance Pattern: Autosomal Recessive
Causative Gene: ATP7B

=== QUESTION ===
Which gene causes Wilson Disease?

=== ANSWER ===
",The answer is not present in the provided knowledge.
253,tinyllama,Menkes Disease,hasInheritancePattern,What is the inheritance pattern of Menkes Disease?,X-Linked,"You are a biomedical assistant.
Answer ONLY using the knowledge below.
Do not use outside knowledge.
If the answer is not present, reply exactly:
I don't know based on the provided knowledge.

=== KNOWLEDGE ===
Disease: Menkes Disease
Treatment: Copper Histidine Injections
Accumulated Metabolite: Copper (Deficient)
Deficient Enzyme: Copper-Transporting ATPase 1
Symptoms: Hair Abnormalities, Progressive Neurodegeneration
Inheritance Pattern: X-Linked
Causative Gene: ATP7A

=== QUESTION ===
What is the inheritance pattern of Menkes Disease?

=== ANSWER ===
",The inheritance pattern of Menkes Disease is X-linked.
254,tinyllama,Menkes Disease,treatedWith,How is Menkes Disease treated?,Copper Histidine Injections,"You are a biomedical assistant.
Answer ONLY using the knowledge below.
Do not use outside knowledge.
If the answer is not present, reply exactly:
I don't know based on the provided knowledge.

=== KNOWLEDGE ===
Disease: Menkes Disease
Treatment: Copper Histidine Injections
Accumulated Metabolite: Copper (Deficient)
Deficient Enzyme: Copper-Transporting ATPase 1
Symptoms: Hair Abnormalities, Progressive Neurodegeneration
Inheritance Pattern: X-Linked
Causative Gene: ATP7A

=== QUESTION ===
How is Menkes Disease treated?

=== ANSWER ===
","Based on the given knowledge, Menkes Disease is not currently treated with any specific therapy. It is only a form of disorder caused by a deficiency in one of the enzymes involved in its treatment. It does not have a defined treatment pattern or causative gene."
255,tinyllama,Menkes Disease,hasDeficientEnzyme,Which enzyme is deficient in Menkes Disease?,Copper-Transporting ATPase 1,"You are a biomedical assistant.
Answer ONLY using the knowledge below.
Do not use outside knowledge.
If the answer is not present, reply exactly:
I don't know based on the provided knowledge.

=== KNOWLEDGE ===
Disease: Menkes Disease
Treatment: Copper Histidine Injections
Accumulated Metabolite: Copper (Deficient)
Deficient Enzyme: Copper-Transporting ATPase 1
Symptoms: Hair Abnormalities, Progressive Neurodegeneration
Inheritance Pattern: X-Linked
Causative Gene: ATP7A

=== QUESTION ===
Which enzyme is deficient in Menkes Disease?

=== ANSWER ===
","Based on the provided knowledge, the question asks ""Which enzyme is deficient in Menkes Disease?"" Answer: Copper Histidiine Injections."
256,tinyllama,Menkes Disease,hasSymptom,What symptoms are associated with Menkes Disease?,Hair Abnormalities; Progressive Neurodegeneration,"You are a biomedical assistant.
Answer ONLY using the knowledge below.
Do not use outside knowledge.
If the answer is not present, reply exactly:
I don't know based on the provided knowledge.

=== KNOWLEDGE ===
Disease: Menkes Disease
Treatment: Copper Histidine Injections
Accumulated Metabolite: Copper (Deficient)
Deficient Enzyme: Copper-Transporting ATPase 1
Symptoms: Hair Abnormalities, Progressive Neurodegeneration
Inheritance Pattern: X-Linked
Causative Gene: ATP7A

=== QUESTION ===
What symptoms are associated with Menkes Disease?

=== ANSWER ===
","The answer is: Haair Abnormalities, Progressive Neurodegeneraation."
257,tinyllama,Menkes Disease,accumulatesMetabolite,Which metabolite accumulates in Menkes Disease?,Copper (Deficient),"You are a biomedical assistant.
Answer ONLY using the knowledge below.
Do not use outside knowledge.
If the answer is not present, reply exactly:
I don't know based on the provided knowledge.

=== KNOWLEDGE ===
Disease: Menkes Disease
Treatment: Copper Histidine Injections
Accumulated Metabolite: Copper (Deficient)
Deficient Enzyme: Copper-Transporting ATPase 1
Symptoms: Hair Abnormalities, Progressive Neurodegeneration
Inheritance Pattern: X-Linked
Causative Gene: ATP7A

=== QUESTION ===
Which metabolite accumulates in Menkes Disease?

=== ANSWER ===
","The answer to the question is ""Copper (Deficient)"". Based on provided knowledge, Menkes Disease has a deficiency in copier-transporting ATPase 1 due to X-linked inheritance pattern. This disorder results in accumulation of the deficient enzyme in various tissues and organs leading to hairloss and progressive neurodegeneration."
258,tinyllama,Menkes Disease,hasCausativeGene,Which gene causes Menkes Disease?,ATP7A,"You are a biomedical assistant.
Answer ONLY using the knowledge below.
Do not use outside knowledge.
If the answer is not present, reply exactly:
I don't know based on the provided knowledge.

=== KNOWLEDGE ===
Disease: Menkes Disease
Treatment: Copper Histidine Injections
Accumulated Metabolite: Copper (Deficient)
Deficient Enzyme: Copper-Transporting ATPase 1
Symptoms: Hair Abnormalities, Progressive Neurodegeneration
Inheritance Pattern: X-Linked
Causative Gene: ATP7A

=== QUESTION ===
Which gene causes Menkes Disease?

=== ANSWER ===
",The gene causing Menkes Disease is ATP7A.
259,tinyllama,Hereditary Hemochromatosis,hasInheritancePattern,What is the inheritance pattern of Hereditary Hemochromatosis?,Autosomal Recessive,"You are a biomedical assistant.
Answer ONLY using the knowledge below.
Do not use outside knowledge.
If the answer is not present, reply exactly:
I don't know based on the provided knowledge.

=== KNOWLEDGE ===
Disease: Hereditary Hemochromatosis
Treatment: Therapeutic Phlebotomy
Accumulated Metabolite: Iron
Deficient Enzyme: HFE Protein
Symptoms: Diabetes Mellitus, Liver Cirrhosis
Inheritance Pattern: Autosomal Recessive
Causative Gene: HFE

=== QUESTION ===
What is the inheritance pattern of Hereditary Hemochromatosis?

=== ANSWER ===
",The inheritance pattern of Hereditary Hemochromatosis is Auto Somal Receessive.
260,tinyllama,Hereditary Hemochromatosis,treatedWith,How is Hereditary Hemochromatosis treated?,Therapeutic Phlebotomy,"You are a biomedical assistant.
Answer ONLY using the knowledge below.
Do not use outside knowledge.
If the answer is not present, reply exactly:
I don't know based on the provided knowledge.

=== KNOWLEDGE ===
Disease: Hereditary Hemochromatosis
Treatment: Therapeutic Phlebotomy
Accumulated Metabolite: Iron
Deficient Enzyme: HFE Protein
Symptoms: Diabetes Mellitus, Liver Cirrhosis
Inheritance Pattern: Autosomal Recessive
Causative Gene: HFE

=== QUESTION ===
How is Hereditary Hemochromatosis treated?

=== ANSWER ===
",I don't know based on the provided knowledge.
261,tinyllama,Hereditary Hemochromatosis,hasDeficientEnzyme,Which enzyme is deficient in Hereditary Hemochromatosis?,HFE Protein,"You are a biomedical assistant.
Answer ONLY using the knowledge below.
Do not use outside knowledge.
If the answer is not present, reply exactly:
I don't know based on the provided knowledge.

=== KNOWLEDGE ===
Disease: Hereditary Hemochromatosis
Treatment: Therapeutic Phlebotomy
Accumulated Metabolite: Iron
Deficient Enzyme: HFE Protein
Symptoms: Diabetes Mellitus, Liver Cirrhosis
Inheritance Pattern: Autosomal Recessive
Causative Gene: HFE

=== QUESTION ===
Which enzyme is deficient in Hereditary Hemochromatosis?

=== ANSWER ===
",The enzyme deficient in Hereditary Hemochromatosis is HFE Protein.
262,tinyllama,Hereditary Hemochromatosis,hasSymptom,What symptoms are associated with Hereditary Hemochromatosis?,Diabetes Mellitus; Liver Cirrhosis,"You are a biomedical assistant.
Answer ONLY using the knowledge below.
Do not use outside knowledge.
If the answer is not present, reply exactly:
I don't know based on the provided knowledge.

=== KNOWLEDGE ===
Disease: Hereditary Hemochromatosis
Treatment: Therapeutic Phlebotomy
Accumulated Metabolite: Iron
Deficient Enzyme: HFE Protein
Symptoms: Diabetes Mellitus, Liver Cirrhosis
Inheritance Pattern: Autosomal Recessive
Causative Gene: HFE

=== QUESTION ===
What symptoms are associated with Hereditary Hemochromatosis?

=== ANSWER ===
",The provided knowledge is not sufficient to answer the given question. Please provide specific information about the symptoms associated with Hereditary Hemochromatosis in order to have a more comprehensive answer.
263,tinyllama,Hereditary Hemochromatosis,accumulatesMetabolite,Which metabolite accumulates in Hereditary Hemochromatosis?,Iron,"You are a biomedical assistant.
Answer ONLY using the knowledge below.
Do not use outside knowledge.
If the answer is not present, reply exactly:
I don't know based on the provided knowledge.

=== KNOWLEDGE ===
Disease: Hereditary Hemochromatosis
Treatment: Therapeutic Phlebotomy
Accumulated Metabolite: Iron
Deficient Enzyme: HFE Protein
Symptoms: Diabetes Mellitus, Liver Cirrhosis
Inheritance Pattern: Autosomal Recessive
Causative Gene: HFE

=== QUESTION ===
Which metabolite accumulates in Hereditary Hemochromatosis?

=== ANSWER ===
","Based on the given knowledge, the question ""Which metabolite accumulates in Hereditary Hemochromatosis?"" cannot be answered based solely on the provided knowledge. Therefore, this question is not covered by the given list of biochemical and genetic diseases."
264,tinyllama,Hereditary Hemochromatosis,hasCausativeGene,Which gene causes Hereditary Hemochromatosis?,HFE,"You are a biomedical assistant.
Answer ONLY using the knowledge below.
Do not use outside knowledge.
If the answer is not present, reply exactly:
I don't know based on the provided knowledge.

=== KNOWLEDGE ===
Disease: Hereditary Hemochromatosis
Treatment: Therapeutic Phlebotomy
Accumulated Metabolite: Iron
Deficient Enzyme: HFE Protein
Symptoms: Diabetes Mellitus, Liver Cirrhosis
Inheritance Pattern: Autosomal Recessive
Causative Gene: HFE

=== QUESTION ===
Which gene causes Hereditary Hemochromatosis?

=== ANSWER ===
","Based on the provided knowledge, the correct answer to the question ""Which gene causes Hereditary Hemochromatosis?"" is the HFE gene."
265,tinyllama,Biotinidase Deficiency,hasInheritancePattern,What is the inheritance pattern of Biotinidase Deficiency?,Autosomal Recessive,"You are a biomedical assistant.
Answer ONLY using the knowledge below.
Do not use outside knowledge.
If the answer is not present, reply exactly:
I don't know based on the provided knowledge.

=== KNOWLEDGE ===
Disease: Biotinidase Deficiency
Treatment: Biotin Supplementation
Accumulated Metabolite: Biotin (Deficient)
Deficient Enzyme: Biotinidase
Symptoms: Alopecia, Seizures
Inheritance Pattern: Autosomal Recessive
Causative Gene: BTD

=== QUESTION ===
What is the inheritance pattern of Biotinidase Deficiency?

=== ANSWER ===
","Based on the provided knowledge, Biotiiniasdeficiency's inheritance pattern is Auto somalreceiver."
266,tinyllama,Biotinidase Deficiency,treatedWith,How is Biotinidase Deficiency treated?,Biotin Supplementation,"You are a biomedical assistant.
Answer ONLY using the knowledge below.
Do not use outside knowledge.
If the answer is not present, reply exactly:
I don't know based on the provided knowledge.

=== KNOWLEDGE ===
Disease: Biotinidase Deficiency
Treatment: Biotin Supplementation
Accumulated Metabolite: Biotin (Deficient)
Deficient Enzyme: Biotinidase
Symptoms: Alopecia, Seizures
Inheritance Pattern: Autosomal Recessive
Causative Gene: BTD

=== QUESTION ===
How is Biotinidase Deficiency treated?

=== ANSWER ===
","The answer to the question ""How is Biotiiniphasa Deficiency treated?"" is not given based on the provided knowledge. It is stated that Biotiin Supplementation and Biotiin (Deficient) Accumulation are two different aspects of this disease."
267,tinyllama,Biotinidase Deficiency,hasDeficientEnzyme,Which enzyme is deficient in Biotinidase Deficiency?,Biotinidase,"You are a biomedical assistant.
Answer ONLY using the knowledge below.
Do not use outside knowledge.
If the answer is not present, reply exactly:
I don't know based on the provided knowledge.

=== KNOWLEDGE ===
Disease: Biotinidase Deficiency
Treatment: Biotin Supplementation
Accumulated Metabolite: Biotin (Deficient)
Deficient Enzyme: Biotinidase
Symptoms: Alopecia, Seizures
Inheritance Pattern: Autosomal Recessive
Causative Gene: BTD

=== QUESTION ===
Which enzyme is deficient in Biotinidase Deficiency?

=== ANSWER ===
",The question does not provide enough information to answer the given statement. Please provide more details on the disease or disorder being discussed so that a qualified answer can be provided.
268,tinyllama,Biotinidase Deficiency,hasSymptom,What symptoms are associated with Biotinidase Deficiency?,Alopecia; Seizures,"You are a biomedical assistant.
Answer ONLY using the knowledge below.
Do not use outside knowledge.
If the answer is not present, reply exactly:
I don't know based on the provided knowledge.

=== KNOWLEDGE ===
Disease: Biotinidase Deficiency
Treatment: Biotin Supplementation
Accumulated Metabolite: Biotin (Deficient)
Deficient Enzyme: Biotinidase
Symptoms: Alopecia, Seizures
Inheritance Pattern: Autosomal Recessive
Causative Gene: BTD

=== QUESTION ===
What symptoms are associated with Biotinidase Deficiency?

=== ANSWER ===
","The answer given above is based on the provided knowledge of Biomedical Assistant. As biomedical definitions are not readily available or accessible, it cannot be used to provide a complete list of symptoms associated with Biotiiniasaeg Deficiency. The question asked was specifically about disease and treatment-related symptoms."
269,tinyllama,Biotinidase Deficiency,accumulatesMetabolite,Which metabolite accumulates in Biotinidase Deficiency?,Biotin (Deficient),"You are a biomedical assistant.
Answer ONLY using the knowledge below.
Do not use outside knowledge.
If the answer is not present, reply exactly:
I don't know based on the provided knowledge.

=== KNOWLEDGE ===
Disease: Biotinidase Deficiency
Treatment: Biotin Supplementation
Accumulated Metabolite: Biotin (Deficient)
Deficient Enzyme: Biotinidase
Symptoms: Alopecia, Seizures
Inheritance Pattern: Autosomal Recessive
Causative Gene: BTD

=== QUESTION ===
Which metabolite accumulates in Biotinidase Deficiency?

=== ANSWER ===
","The answer is ""Alopecia"". Biotinidase Deficiency is characterized by acute inflammation resulting from the accumulation of a deficiency enzyme, which leads to severe eye problems in addition to seizures. The gene responsible for this genetic disorder, called BTD, has been identified through research into the auto-somal transporter genes."
270,tinyllama,Biotinidase Deficiency,hasCausativeGene,Which gene causes Biotinidase Deficiency?,BTD,"You are a biomedical assistant.
Answer ONLY using the knowledge below.
Do not use outside knowledge.
If the answer is not present, reply exactly:
I don't know based on the provided knowledge.

=== KNOWLEDGE ===
Disease: Biotinidase Deficiency
Treatment: Biotin Supplementation
Accumulated Metabolite: Biotin (Deficient)
Deficient Enzyme: Biotinidase
Symptoms: Alopecia, Seizures
Inheritance Pattern: Autosomal Recessive
Causative Gene: BTD

=== QUESTION ===
Which gene causes Biotinidase Deficiency?

=== ANSWER ===
","Based on the provided knowledge, the gene causing Biotinidase Deficiency is not mentioned."
271,tinyllama,Holocarboxylase Synthetase Deficiency,hasInheritancePattern,What is the inheritance pattern of Holocarboxylase Synthetase Deficiency?,Autosomal Recessive,"You are a biomedical assistant.
Answer ONLY using the knowledge below.
Do not use outside knowledge.
If the answer is not present, reply exactly:
I don't know based on the provided knowledge.

=== KNOWLEDGE ===
Disease: Holocarboxylase Synthetase Deficiency
Treatment: Biotin Supplementation
Accumulated Metabolite: Mixed Organic Acids
Deficient Enzyme: Holocarboxylase Synthetase
Symptoms: Seizures, Skin Rash
Inheritance Pattern: Autosomal Recessive
Causative Gene: HLCS

=== QUESTION ===
What is the inheritance pattern of Holocarboxylase Synthetase Deficiency?

=== ANSWER ===
","The inheritance pattern of Holocarboxylase Synthetase Deficiency is auto somal receive, indicating that it is inherited via an autosomal recessive gene."
272,tinyllama,Holocarboxylase Synthetase Deficiency,treatedWith,How is Holocarboxylase Synthetase Deficiency treated?,Biotin Supplementation,"You are a biomedical assistant.
Answer ONLY using the knowledge below.
Do not use outside knowledge.
If the answer is not present, reply exactly:
I don't know based on the provided knowledge.

=== KNOWLEDGE ===
Disease: Holocarboxylase Synthetase Deficiency
Treatment: Biotin Supplementation
Accumulated Metabolite: Mixed Organic Acids
Deficient Enzyme: Holocarboxylase Synthetase
Symptoms: Seizures, Skin Rash
Inheritance Pattern: Autosomal Recessive
Causative Gene: HLCS

=== QUESTION ===
How is Holocarboxylase Synthetase Deficiency treated?

=== ANSWER ===
",The answer is BioTiN Supplementation.
273,tinyllama,Holocarboxylase Synthetase Deficiency,hasDeficientEnzyme,Which enzyme is deficient in Holocarboxylase Synthetase Deficiency?,Holocarboxylase Synthetase,"You are a biomedical assistant.
Answer ONLY using the knowledge below.
Do not use outside knowledge.
If the answer is not present, reply exactly:
I don't know based on the provided knowledge.

=== KNOWLEDGE ===
Disease: Holocarboxylase Synthetase Deficiency
Treatment: Biotin Supplementation
Accumulated Metabolite: Mixed Organic Acids
Deficient Enzyme: Holocarboxylase Synthetase
Symptoms: Seizures, Skin Rash
Inheritance Pattern: Autosomal Recessive
Causative Gene: HLCS

=== QUESTION ===
Which enzyme is deficient in Holocarboxylase Synthetase Deficiency?

=== ANSWER ===
","The question does not provide any specific information regarding the enzyme being deficient in Holocarboxylase Synthetase Deficiency. Therefore, the answer is ""I don't know based on the provided knowledge."""
274,tinyllama,Holocarboxylase Synthetase Deficiency,hasSymptom,What symptoms are associated with Holocarboxylase Synthetase Deficiency?,Seizures; Skin Rash,"You are a biomedical assistant.
Answer ONLY using the knowledge below.
Do not use outside knowledge.
If the answer is not present, reply exactly:
I don't know based on the provided knowledge.

=== KNOWLEDGE ===
Disease: Holocarboxylase Synthetase Deficiency
Treatment: Biotin Supplementation
Accumulated Metabolite: Mixed Organic Acids
Deficient Enzyme: Holocarboxylase Synthetase
Symptoms: Seizures, Skin Rash
Inheritance Pattern: Autosomal Recessive
Causative Gene: HLCS

=== QUESTION ===
What symptoms are associated with Holocarboxylase Synthetase Deficiency?

=== ANSWER ===
","No external knowledge is provided in this question, and hence the answer based on the given knowledge is: Symptoms of Seizures, Skiptrophic Rabies."
275,tinyllama,Holocarboxylase Synthetase Deficiency,accumulatesMetabolite,Which metabolite accumulates in Holocarboxylase Synthetase Deficiency?,Mixed Organic Acids,"You are a biomedical assistant.
Answer ONLY using the knowledge below.
Do not use outside knowledge.
If the answer is not present, reply exactly:
I don't know based on the provided knowledge.

=== KNOWLEDGE ===
Disease: Holocarboxylase Synthetase Deficiency
Treatment: Biotin Supplementation
Accumulated Metabolite: Mixed Organic Acids
Deficient Enzyme: Holocarboxylase Synthetase
Symptoms: Seizures, Skin Rash
Inheritance Pattern: Autosomal Recessive
Causative Gene: HLCS

=== QUESTION ===
Which metabolite accumulates in Holocarboxylase Synthetase Deficiency?

=== ANSWER ===
","The question is based on the provided knowledge, and the answer should align with it. If the given knowledge does not include a specific answer to the question, then the best response would be ""No"" or ""Not applicable"". The knowledge above provides a summary of available information about Holocarboxylase Synthetase Deficiency and related diseases, including the known deficiency pattern and causative gene."
276,tinyllama,Holocarboxylase Synthetase Deficiency,hasCausativeGene,Which gene causes Holocarboxylase Synthetase Deficiency?,HLCS,"You are a biomedical assistant.
Answer ONLY using the knowledge below.
Do not use outside knowledge.
If the answer is not present, reply exactly:
I don't know based on the provided knowledge.

=== KNOWLEDGE ===
Disease: Holocarboxylase Synthetase Deficiency
Treatment: Biotin Supplementation
Accumulated Metabolite: Mixed Organic Acids
Deficient Enzyme: Holocarboxylase Synthetase
Symptoms: Seizures, Skin Rash
Inheritance Pattern: Autosomal Recessive
Causative Gene: HLCS

=== QUESTION ===
Which gene causes Holocarboxylase Synthetase Deficiency?

=== ANSWER ===
","Based on the provided knowledge, the gene responsible for Holocarboxylase Synthetase Deficiency is HLCS."
277,tinyllama,Lesch-Nyhan Syndrome,hasInheritancePattern,What is the inheritance pattern of Lesch-Nyhan Syndrome?,X-Linked,"You are a biomedical assistant.
Answer ONLY using the knowledge below.
Do not use outside knowledge.
If the answer is not present, reply exactly:
I don't know based on the provided knowledge.

=== KNOWLEDGE ===
Disease: Lesch-Nyhan Syndrome
Treatment: Allopurinol Therapy
Accumulated Metabolite: Uric Acid
Deficient Enzyme: Hypoxanthine-Guanine Phosphoribosyltransferase
Symptoms: Gout, Self-Injurious Behavior
Inheritance Pattern: X-Linked
Causative Gene: HPRT1

=== QUESTION ===
What is the inheritance pattern of Lesch-Nyhan Syndrome?

=== ANSWER ===
",The inheritance pattern of Lesch-Nyhan Syndrome is X-Linked.
278,tinyllama,Lesch-Nyhan Syndrome,treatedWith,How is Lesch-Nyhan Syndrome treated?,Allopurinol Therapy,"You are a biomedical assistant.
Answer ONLY using the knowledge below.
Do not use outside knowledge.
If the answer is not present, reply exactly:
I don't know based on the provided knowledge.

=== KNOWLEDGE ===
Disease: Lesch-Nyhan Syndrome
Treatment: Allopurinol Therapy
Accumulated Metabolite: Uric Acid
Deficient Enzyme: Hypoxanthine-Guanine Phosphoribosyltransferase
Symptoms: Gout, Self-Injurious Behavior
Inheritance Pattern: X-Linked
Causative Gene: HPRT1

=== QUESTION ===
How is Lesch-Nyhan Syndrome treated?

=== ANSWER ===
","Based on the provided knowledge, the answer to the question is that Allopurinol Therapy (also known as ""Alopecia Areata Therapy"") is used to treat lesch-nyhan syndrome."
279,tinyllama,Lesch-Nyhan Syndrome,hasDeficientEnzyme,Which enzyme is deficient in Lesch-Nyhan Syndrome?,Hypoxanthine-Guanine Phosphoribosyltransferase,"You are a biomedical assistant.
Answer ONLY using the knowledge below.
Do not use outside knowledge.
If the answer is not present, reply exactly:
I don't know based on the provided knowledge.

=== KNOWLEDGE ===
Disease: Lesch-Nyhan Syndrome
Treatment: Allopurinol Therapy
Accumulated Metabolite: Uric Acid
Deficient Enzyme: Hypoxanthine-Guanine Phosphoribosyltransferase
Symptoms: Gout, Self-Injurious Behavior
Inheritance Pattern: X-Linked
Causative Gene: HPRT1

=== QUESTION ===
Which enzyme is deficient in Lesch-Nyhan Syndrome?

=== ANSWER ===
",The enzyme that is deficient in Lesch-Nyhan Syndrome is Hypoxanthine-Guanine Phosphoribosyltransferase (HGPT).
280,tinyllama,Lesch-Nyhan Syndrome,hasSymptom,What symptoms are associated with Lesch-Nyhan Syndrome?,Gout; Self-Injurious Behavior,"You are a biomedical assistant.
Answer ONLY using the knowledge below.
Do not use outside knowledge.
If the answer is not present, reply exactly:
I don't know based on the provided knowledge.

=== KNOWLEDGE ===
Disease: Lesch-Nyhan Syndrome
Treatment: Allopurinol Therapy
Accumulated Metabolite: Uric Acid
Deficient Enzyme: Hypoxanthine-Guanine Phosphoribosyltransferase
Symptoms: Gout, Self-Injurious Behavior
Inheritance Pattern: X-Linked
Causative Gene: HPRT1

=== QUESTION ===
What symptoms are associated with Lesch-Nyhan Syndrome?

=== ANSWER ===
","Based on the knowledge provided, the answer to the question is ""Trenta mirets (disease), which can be treated by Allopurinol Therapy, and accompanied by a decrease in glucose metabolism."""
281,tinyllama,Lesch-Nyhan Syndrome,accumulatesMetabolite,Which metabolite accumulates in Lesch-Nyhan Syndrome?,Uric Acid,"You are a biomedical assistant.
Answer ONLY using the knowledge below.
Do not use outside knowledge.
If the answer is not present, reply exactly:
I don't know based on the provided knowledge.

=== KNOWLEDGE ===
Disease: Lesch-Nyhan Syndrome
Treatment: Allopurinol Therapy
Accumulated Metabolite: Uric Acid
Deficient Enzyme: Hypoxanthine-Guanine Phosphoribosyltransferase
Symptoms: Gout, Self-Injurious Behavior
Inheritance Pattern: X-Linked
Causative Gene: HPRT1

=== QUESTION ===
Which metabolite accumulates in Lesch-Nyhan Syndrome?

=== ANSWER ===
","The biomedical assistant does not have knowledge of all possible outcomes. Based on the provided knowledge, the most likely answer is the accumulation of hypoxanthine-guanine phosphoribosyltransferase (HPRT) in Lesch-Nyhan Syndrome."
282,tinyllama,Lesch-Nyhan Syndrome,hasCausativeGene,Which gene causes Lesch-Nyhan Syndrome?,HPRT1,"You are a biomedical assistant.
Answer ONLY using the knowledge below.
Do not use outside knowledge.
If the answer is not present, reply exactly:
I don't know based on the provided knowledge.

=== KNOWLEDGE ===
Disease: Lesch-Nyhan Syndrome
Treatment: Allopurinol Therapy
Accumulated Metabolite: Uric Acid
Deficient Enzyme: Hypoxanthine-Guanine Phosphoribosyltransferase
Symptoms: Gout, Self-Injurious Behavior
Inheritance Pattern: X-Linked
Causative Gene: HPRT1

=== QUESTION ===
Which gene causes Lesch-Nyhan Syndrome?

=== ANSWER ===
","Based on the provided knowledge, the gene causing Lesch-Nyhan Syndrome is HPRT1."
283,tinyllama,Familial Hypercholesterolemia,hasInheritancePattern,What is the inheritance pattern of Familial Hypercholesterolemia?,Autosomal Dominant,"You are a biomedical assistant.
Answer ONLY using the knowledge below.
Do not use outside knowledge.
If the answer is not present, reply exactly:
I don't know based on the provided knowledge.

=== KNOWLEDGE ===
Disease: Familial Hypercholesterolemia
Treatment: Statin Therapy
Accumulated Metabolite: LDL Cholesterol
Deficient Enzyme: LDL Receptor
Symptoms: Early Coronary Artery Disease, Xanthomas
Inheritance Pattern: Autosomal Dominant
Causative Gene: LDLR

=== QUESTION ===
What is the inheritance pattern of Familial Hypercholesterolemia?

=== ANSWER ===
",The inheritance pattern of Familial Hypercholesterolemia is Autosomal Dominant.
284,tinyllama,Familial Hypercholesterolemia,treatedWith,How is Familial Hypercholesterolemia treated?,Statin Therapy,"You are a biomedical assistant.
Answer ONLY using the knowledge below.
Do not use outside knowledge.
If the answer is not present, reply exactly:
I don't know based on the provided knowledge.

=== KNOWLEDGE ===
Disease: Familial Hypercholesterolemia
Treatment: Statin Therapy
Accumulated Metabolite: LDL Cholesterol
Deficient Enzyme: LDL Receptor
Symptoms: Early Coronary Artery Disease, Xanthomas
Inheritance Pattern: Autosomal Dominant
Causative Gene: LDLR

=== QUESTION ===
How is Familial Hypercholesterolemia treated?

=== ANSWER ===
","The answer to the question ""How is Familial Hypercholesterolemia treated?"" is: The condition is not currently treated due to its genetic nature. The auto-somal dominant inheritance pattern has no cure or treatment options available at this time."
285,tinyllama,Familial Hypercholesterolemia,hasDeficientEnzyme,Which enzyme is deficient in Familial Hypercholesterolemia?,LDL Receptor,"You are a biomedical assistant.
Answer ONLY using the knowledge below.
Do not use outside knowledge.
If the answer is not present, reply exactly:
I don't know based on the provided knowledge.

=== KNOWLEDGE ===
Disease: Familial Hypercholesterolemia
Treatment: Statin Therapy
Accumulated Metabolite: LDL Cholesterol
Deficient Enzyme: LDL Receptor
Symptoms: Early Coronary Artery Disease, Xanthomas
Inheritance Pattern: Autosomal Dominant
Causative Gene: LDLR

=== QUESTION ===
Which enzyme is deficient in Familial Hypercholesterolemia?

=== ANSWER ===
",The enzyme responsible for accumulated metabolite in Familial Hypercholesterolemia is the LDL Receptor gene.
286,tinyllama,Familial Hypercholesterolemia,hasSymptom,What symptoms are associated with Familial Hypercholesterolemia?,Early Coronary Artery Disease; Xanthomas,"You are a biomedical assistant.
Answer ONLY using the knowledge below.
Do not use outside knowledge.
If the answer is not present, reply exactly:
I don't know based on the provided knowledge.

=== KNOWLEDGE ===
Disease: Familial Hypercholesterolemia
Treatment: Statin Therapy
Accumulated Metabolite: LDL Cholesterol
Deficient Enzyme: LDL Receptor
Symptoms: Early Coronary Artery Disease, Xanthomas
Inheritance Pattern: Autosomal Dominant
Causative Gene: LDLR

=== QUESTION ===
What symptoms are associated with Familial Hypercholesterolemia?

=== ANSWER ===
","Based on the provided knowledge, ""familial hypercholedoemiia"" does not have any specific symptoms. However, due to the provided text regarding Familial Hypercholexterolemia, it is safe to assume that the disease may present with some common signs and symptoms. These include early coronaary artery disorder (Xanthomas), early onset coronal artery diseases, cardiovascular complications, neurocognitive impairments, and anemia/hypocalcemia."
287,tinyllama,Familial Hypercholesterolemia,accumulatesMetabolite,Which metabolite accumulates in Familial Hypercholesterolemia?,LDL Cholesterol,"You are a biomedical assistant.
Answer ONLY using the knowledge below.
Do not use outside knowledge.
If the answer is not present, reply exactly:
I don't know based on the provided knowledge.

=== KNOWLEDGE ===
Disease: Familial Hypercholesterolemia
Treatment: Statin Therapy
Accumulated Metabolite: LDL Cholesterol
Deficient Enzyme: LDL Receptor
Symptoms: Early Coronary Artery Disease, Xanthomas
Inheritance Pattern: Autosomal Dominant
Causative Gene: LDLR

=== QUESTION ===
Which metabolite accumulates in Familial Hypercholesterolemia?

=== ANSWER ===
","Based on the provided knowledge, the correct answer to the question is ""LDL Choledo""."
288,tinyllama,Familial Hypercholesterolemia,hasCausativeGene,Which gene causes Familial Hypercholesterolemia?,LDLR,"You are a biomedical assistant.
Answer ONLY using the knowledge below.
Do not use outside knowledge.
If the answer is not present, reply exactly:
I don't know based on the provided knowledge.

=== KNOWLEDGE ===
Disease: Familial Hypercholesterolemia
Treatment: Statin Therapy
Accumulated Metabolite: LDL Cholesterol
Deficient Enzyme: LDL Receptor
Symptoms: Early Coronary Artery Disease, Xanthomas
Inheritance Pattern: Autosomal Dominant
Causative Gene: LDLR

=== QUESTION ===
Which gene causes Familial Hypercholesterolemia?

=== ANSWER ===
","Based on the provided knowledge, ""Disease: Familial Hypercholedrthemia"" is the correct answer."
289,tinyllama,Ataxia-Telangiectasia,hasInheritancePattern,What is the inheritance pattern of Ataxia-Telangiectasia?,Autosomal Recessive,"You are a biomedical assistant.
Answer ONLY using the knowledge below.
Do not use outside knowledge.
If the answer is not present, reply exactly:
I don't know based on the provided knowledge.

=== KNOWLEDGE ===
Disease: Ataxia-Telangiectasia
Treatment: Supportive Care
Accumulated Metabolite: Impaired DNA-Damage Response Marker
Deficient Enzyme: ATM Kinase
Symptoms: Cerebellar Ataxia, Telangiectasia
Inheritance Pattern: Autosomal Recessive
Causative Gene: ATM

=== QUESTION ===
What is the inheritance pattern of Ataxia-Telangiectasia?

=== ANSWER ===
","The inherited pattern of Ataxiia-Te Langiecetasi (ATM) is Auto-somal Receiver, which means that it is inherited through an auto-somal (AOM) gene. This means that ATM is passed down to the next generation via the female parent, rather than the male parent."
290,tinyllama,Ataxia-Telangiectasia,treatedWith,How is Ataxia-Telangiectasia treated?,Supportive Care,"You are a biomedical assistant.
Answer ONLY using the knowledge below.
Do not use outside knowledge.
If the answer is not present, reply exactly:
I don't know based on the provided knowledge.

=== KNOWLEDGE ===
Disease: Ataxia-Telangiectasia
Treatment: Supportive Care
Accumulated Metabolite: Impaired DNA-Damage Response Marker
Deficient Enzyme: ATM Kinase
Symptoms: Cerebellar Ataxia, Telangiectasia
Inheritance Pattern: Autosomal Recessive
Causative Gene: ATM

=== QUESTION ===
How is Ataxia-Telangiectasia treated?

=== ANSWER ===
","Based on the provided knowledge, Ataxiia-Te langieckteraesiy (Ala-Tul) treatment is supportedive care. This means that the symptoms of this condition are treated through various measures and support, such as medication, physical therapy, and nutritional counseling, among others. The specific treatments for Ala-Tul may vary depending on individual patient needs and preferences. However, overall, Ataxiia-Te langieckteraesiy (Ala-Tul) treatment aims to help patients manage the symptoms of the condition while minimizing their impact on daily life."
291,tinyllama,Ataxia-Telangiectasia,hasDeficientEnzyme,Which enzyme is deficient in Ataxia-Telangiectasia?,ATM Kinase,"You are a biomedical assistant.
Answer ONLY using the knowledge below.
Do not use outside knowledge.
If the answer is not present, reply exactly:
I don't know based on the provided knowledge.

=== KNOWLEDGE ===
Disease: Ataxia-Telangiectasia
Treatment: Supportive Care
Accumulated Metabolite: Impaired DNA-Damage Response Marker
Deficient Enzyme: ATM Kinase
Symptoms: Cerebellar Ataxia, Telangiectasia
Inheritance Pattern: Autosomal Recessive
Causative Gene: ATM

=== QUESTION ===
Which enzyme is deficient in Ataxia-Telangiectasia?

=== ANSWER ===
","Based on the provided knowledge, the question ""Which enzyme is deficient in Ataxiia-Te langiectasia?"" requires a single answer option. Since there is only one option (ATM), the correct answer is ""ATM Kinase."""
292,tinyllama,Ataxia-Telangiectasia,hasSymptom,What symptoms are associated with Ataxia-Telangiectasia?,Cerebellar Ataxia; Telangiectasia,"You are a biomedical assistant.
Answer ONLY using the knowledge below.
Do not use outside knowledge.
If the answer is not present, reply exactly:
I don't know based on the provided knowledge.

=== KNOWLEDGE ===
Disease: Ataxia-Telangiectasia
Treatment: Supportive Care
Accumulated Metabolite: Impaired DNA-Damage Response Marker
Deficient Enzyme: ATM Kinase
Symptoms: Cerebellar Ataxia, Telangiectasia
Inheritance Pattern: Autosomal Recessive
Causative Gene: ATM

=== QUESTION ===
What symptoms are associated with Ataxia-Telangiectasia?

=== ANSWER ===
","Based on the provided knowledge, the answer to the question is: ""Disease: Ataxiia-Telangiectasia, TrentaMent: Supportive Care, Accumulated Metabolite: Impaird DNA-DaMagge Response Marker, Deficiant Enzyme: ATM Kinase, Symptooms: Cerebellar Attaxia, TelangiecTaSiA""."
293,tinyllama,Ataxia-Telangiectasia,accumulatesMetabolite,Which metabolite accumulates in Ataxia-Telangiectasia?,Impaired DNA-Damage Response Marker,"You are a biomedical assistant.
Answer ONLY using the knowledge below.
Do not use outside knowledge.
If the answer is not present, reply exactly:
I don't know based on the provided knowledge.

=== KNOWLEDGE ===
Disease: Ataxia-Telangiectasia
Treatment: Supportive Care
Accumulated Metabolite: Impaired DNA-Damage Response Marker
Deficient Enzyme: ATM Kinase
Symptoms: Cerebellar Ataxia, Telangiectasia
Inheritance Pattern: Autosomal Recessive
Causative Gene: ATM

=== QUESTION ===
Which metabolite accumulates in Ataxia-Telangiectasia?

=== ANSWER ===
","The caustic gene (ATM) is the sole cause of autoimmune deficiency (AID) and impairment in DNA damage response (DDR) marker (Telangiectasii). The metabolite, i.e., Atamiri (Telangiecta), accumulates due to ATM's defective role in regulating the DDR enzyme (Atiroli)."
294,tinyllama,Ataxia-Telangiectasia,hasCausativeGene,Which gene causes Ataxia-Telangiectasia?,ATM,"You are a biomedical assistant.
Answer ONLY using the knowledge below.
Do not use outside knowledge.
If the answer is not present, reply exactly:
I don't know based on the provided knowledge.

=== KNOWLEDGE ===
Disease: Ataxia-Telangiectasia
Treatment: Supportive Care
Accumulated Metabolite: Impaired DNA-Damage Response Marker
Deficient Enzyme: ATM Kinase
Symptoms: Cerebellar Ataxia, Telangiectasia
Inheritance Pattern: Autosomal Recessive
Causative Gene: ATM

=== QUESTION ===
Which gene causes Ataxia-Telangiectasia?

=== ANSWER ===
","Based on the provided knowledge, the gene causing Ataxiia-Te Langiectasi is not specified. The question does not mention which specific gene causes this disorder and therefore cannot be answered using only that knowledge."
295,tinyllama,Cystic Fibrosis,hasInheritancePattern,What is the inheritance pattern of Cystic Fibrosis?,Autosomal Recessive,"You are a biomedical assistant.
Answer ONLY using the knowledge below.
Do not use outside knowledge.
If the answer is not present, reply exactly:
I don't know based on the provided knowledge.

=== KNOWLEDGE ===
Disease: Cystic Fibrosis
Treatment: CFTR Modulator Therapy
Accumulated Metabolite: Chloride Ion Transport (Defective)
Deficient Enzyme: Cystic Fibrosis Transmembrane Conductance Regulator
Symptoms: Chronic Lung Infection, Pancreatic Insufficiency
Inheritance Pattern: Autosomal Recessive
Causative Gene: CFTR

=== QUESTION ===
What is the inheritance pattern of Cystic Fibrosis?

=== ANSWER ===
","The inheritance pattern for Cystic Fibrosis is Autosomal Receissive. Based on the provided knowledge, this means that Cystic Fibrosis occurs due to an autosomal recessive trait."
296,tinyllama,Cystic Fibrosis,treatedWith,How is Cystic Fibrosis treated?,CFTR Modulator Therapy,"You are a biomedical assistant.
Answer ONLY using the knowledge below.
Do not use outside knowledge.
If the answer is not present, reply exactly:
I don't know based on the provided knowledge.

=== KNOWLEDGE ===
Disease: Cystic Fibrosis
Treatment: CFTR Modulator Therapy
Accumulated Metabolite: Chloride Ion Transport (Defective)
Deficient Enzyme: Cystic Fibrosis Transmembrane Conductance Regulator
Symptoms: Chronic Lung Infection, Pancreatic Insufficiency
Inheritance Pattern: Autosomal Recessive
Causative Gene: CFTR

=== QUESTION ===
How is Cystic Fibrosis treated?

=== ANSWER ===
","Based on the provided knowledge, the correct answer to the question is ""CFTR Modulator Therapy"" since it refers to the treatment for cystic fibrosis."
297,tinyllama,Cystic Fibrosis,hasDeficientEnzyme,Which enzyme is deficient in Cystic Fibrosis?,Cystic Fibrosis Transmembrane Conductance Regulator,"You are a biomedical assistant.
Answer ONLY using the knowledge below.
Do not use outside knowledge.
If the answer is not present, reply exactly:
I don't know based on the provided knowledge.

=== KNOWLEDGE ===
Disease: Cystic Fibrosis
Treatment: CFTR Modulator Therapy
Accumulated Metabolite: Chloride Ion Transport (Defective)
Deficient Enzyme: Cystic Fibrosis Transmembrane Conductance Regulator
Symptoms: Chronic Lung Infection, Pancreatic Insufficiency
Inheritance Pattern: Autosomal Recessive
Causative Gene: CFTR

=== QUESTION ===
Which enzyme is deficient in Cystic Fibrosis?

=== ANSWER ===
","The answer to the question ""Which enzyme is deficient in Cystic Fibrosis?"" is Cytochrome P450 3A. Based on the provided knowledge, it can be concluded that based on the given knowledge, no other enzymes are deficiant in Cystic Fibrosis."
298,tinyllama,Cystic Fibrosis,hasSymptom,What symptoms are associated with Cystic Fibrosis?,Chronic Lung Infection; Pancreatic Insufficiency,"You are a biomedical assistant.
Answer ONLY using the knowledge below.
Do not use outside knowledge.
If the answer is not present, reply exactly:
I don't know based on the provided knowledge.

=== KNOWLEDGE ===
Disease: Cystic Fibrosis
Treatment: CFTR Modulator Therapy
Accumulated Metabolite: Chloride Ion Transport (Defective)
Deficient Enzyme: Cystic Fibrosis Transmembrane Conductance Regulator
Symptoms: Chronic Lung Infection, Pancreatic Insufficiency
Inheritance Pattern: Autosomal Recessive
Causative Gene: CFTR

=== QUESTION ===
What symptoms are associated with Cystic Fibrosis?

=== ANSWER ===
","The answer is not available based on the provided knowledge. The question ""What symptoms are associated with Cystic Fibrosis?"" does not appear to be part of the provided knowledge list. Therefore, there is no appropriate answer available for this question based on the given knowledge."
299,tinyllama,Cystic Fibrosis,accumulatesMetabolite,Which metabolite accumulates in Cystic Fibrosis?,Chloride Ion Transport (Defective),"You are a biomedical assistant.
Answer ONLY using the knowledge below.
Do not use outside knowledge.
If the answer is not present, reply exactly:
I don't know based on the provided knowledge.

=== KNOWLEDGE ===
Disease: Cystic Fibrosis
Treatment: CFTR Modulator Therapy
Accumulated Metabolite: Chloride Ion Transport (Defective)
Deficient Enzyme: Cystic Fibrosis Transmembrane Conductance Regulator
Symptoms: Chronic Lung Infection, Pancreatic Insufficiency
Inheritance Pattern: Autosomal Recessive
Causative Gene: CFTR

=== QUESTION ===
Which metabolite accumulates in Cystic Fibrosis?

=== ANSWER ===
","I do not have access to any specific knowledge or data about cystic fibrosis, which is a disease affecting the lungs and other organs."
300,tinyllama,Cystic Fibrosis,hasCausativeGene,Which gene causes Cystic Fibrosis?,CFTR,"You are a biomedical assistant.
Answer ONLY using the knowledge below.
Do not use outside knowledge.
If the answer is not present, reply exactly:
I don't know based on the provided knowledge.

=== KNOWLEDGE ===
Disease: Cystic Fibrosis
Treatment: CFTR Modulator Therapy
Accumulated Metabolite: Chloride Ion Transport (Defective)
Deficient Enzyme: Cystic Fibrosis Transmembrane Conductance Regulator
Symptoms: Chronic Lung Infection, Pancreatic Insufficiency
Inheritance Pattern: Autosomal Recessive
Causative Gene: CFTR

=== QUESTION ===
Which gene causes Cystic Fibrosis?

=== ANSWER ===
","The given knowledge is sufficient to answer the question ""Which gene causes Cystic Fibrosis?"" The gene causing Cystic Fibrosis, CFTR, is not mentioned in the provided knowledge. Therefore, based on this, ""Deyaisefick KNOKEDGE"" (based on the text material) is the best answer."
